"Geolocation","Threshold/Incidence/Parameters","Year","Value (Reported value — see source for units)","Source status","Release","Source"
"PHILIPPINES r1, 1/, 2/, 3/","Annual Per Capita Poverty Threshold (in PhP)","2018","25813.5","","2026-08-03T13-49-16-ffb070b97929","https://openstat.psa.gov.ph/PXWeb/pxweb/en/DB/DB__1F__FY/0041F3DF02A.px"
"PHILIPPINES r1, 1/, 2/, 3/","Annual Per Capita Poverty Threshold (in PhP)","2021","28794.05","","2026-08-03T13-49-16-ffb070b97929","https://openstat.psa.gov.ph/PXWeb/pxweb/en/DB/DB__1F__FY/0041F3DF02A.px"
"PHILIPPINES r1, 1/, 2/, 3/","Annual Per Capita Poverty Threshold (in PhP)","2023","33295.99","","2026-08-03T13-49-16-ffb070b97929","https://openstat.psa.gov.ph/PXWeb/pxweb/en/DB/DB__1F__FY/0041F3DF02A.px"
"PHILIPPINES r1, 1/, 2/, 3/","Poverty Incidence among Population (%)","2018","16.7","","2026-08-03T13-49-16-ffb070b97929","https://openstat.psa.gov.ph/PXWeb/pxweb/en/DB/DB__1F__FY/0041F3DF02A.px"
"PHILIPPINES r1, 1/, 2/, 3/","Poverty Incidence among Population (%)","2021","18.1","","2026-08-03T13-49-16-ffb070b97929","https://openstat.psa.gov.ph/PXWeb/pxweb/en/DB/DB__1F__FY/0041F3DF02A.px"
"PHILIPPINES r1, 1/, 2/, 3/","Poverty Incidence among Population (%)","2023","15.5","","2026-08-03T13-49-16-ffb070b97929","https://openstat.psa.gov.ph/PXWeb/pxweb/en/DB/DB__1F__FY/0041F3DF02A.px"
"PHILIPPINES r1, 1/, 2/, 3/","Coefficient of Variation","2018","1.3","","2026-08-03T13-49-16-ffb070b97929","https://openstat.psa.gov.ph/PXWeb/pxweb/en/DB/DB__1F__FY/0041F3DF02A.px"
"PHILIPPINES r1, 1/, 2/, 3/","Coefficient of Variation","2021","1.3","","2026-08-03T13-49-16-ffb070b97929","https://openstat.psa.gov.ph/PXWeb/pxweb/en/DB/DB__1F__FY/0041F3DF02A.px"
"PHILIPPINES r1, 1/, 2/, 3/","Coefficient of Variation","2023","1.4","","2026-08-03T13-49-16-ffb070b97929","https://openstat.psa.gov.ph/PXWeb/pxweb/en/DB/DB__1F__FY/0041F3DF02A.px"
"PHILIPPINES r1, 1/, 2/, 3/","Standard Error","2018","0.2","","2026-08-03T13-49-16-ffb070b97929","https://openstat.psa.gov.ph/PXWeb/pxweb/en/DB/DB__1F__FY/0041F3DF02A.px"
"PHILIPPINES r1, 1/, 2/, 3/","Standard Error","2021","0.2","","2026-08-03T13-49-16-ffb070b97929","https://openstat.psa.gov.ph/PXWeb/pxweb/en/DB/DB__1F__FY/0041F3DF02A.px"
"PHILIPPINES r1, 1/, 2/, 3/","Standard Error","2023","0.2","","2026-08-03T13-49-16-ffb070b97929","https://openstat.psa.gov.ph/PXWeb/pxweb/en/DB/DB__1F__FY/0041F3DF02A.px"
"PHILIPPINES r1, 1/, 2/, 3/","95% Confidence Interval (Lower Limit)","2018","16.3","","2026-08-03T13-49-16-ffb070b97929","https://openstat.psa.gov.ph/PXWeb/pxweb/en/DB/DB__1F__FY/0041F3DF02A.px"
"PHILIPPINES r1, 1/, 2/, 3/","95% Confidence Interval (Lower Limit)","2021","17.6","","2026-08-03T13-49-16-ffb070b97929","https://openstat.psa.gov.ph/PXWeb/pxweb/en/DB/DB__1F__FY/0041F3DF02A.px"
"PHILIPPINES r1, 1/, 2/, 3/","95% Confidence Interval (Lower Limit)","2023","15.1","","2026-08-03T13-49-16-ffb070b97929","https://openstat.psa.gov.ph/PXWeb/pxweb/en/DB/DB__1F__FY/0041F3DF02A.px"
"PHILIPPINES r1, 1/, 2/, 3/","95% Confidence Interval (Upper Limit)","2018","17.1","","2026-08-03T13-49-16-ffb070b97929","https://openstat.psa.gov.ph/PXWeb/pxweb/en/DB/DB__1F__FY/0041F3DF02A.px"
"PHILIPPINES r1, 1/, 2/, 3/","95% Confidence Interval (Upper Limit)","2021","18.5","","2026-08-03T13-49-16-ffb070b97929","https://openstat.psa.gov.ph/PXWeb/pxweb/en/DB/DB__1F__FY/0041F3DF02A.px"
"PHILIPPINES r1, 1/, 2/, 3/","95% Confidence Interval (Upper Limit)","2023","16","","2026-08-03T13-49-16-ffb070b97929","https://openstat.psa.gov.ph/PXWeb/pxweb/en/DB/DB__1F__FY/0041F3DF02A.px"
"..National Capital Region (NCR) 1/, 2/, a/","Annual Per Capita Poverty Threshold (in PhP)","2018","28682.27","","2026-08-03T13-49-16-ffb070b97929","https://openstat.psa.gov.ph/PXWeb/pxweb/en/DB/DB__1F__FY/0041F3DF02A.px"
"..National Capital Region (NCR) 1/, 2/, a/","Annual Per Capita Poverty Threshold (in PhP)","2021","32977.94","","2026-08-03T13-49-16-ffb070b97929","https://openstat.psa.gov.ph/PXWeb/pxweb/en/DB/DB__1F__FY/0041F3DF02A.px"
"..National Capital Region (NCR) 1/, 2/, a/","Annual Per Capita Poverty Threshold (in PhP)","2023","37710.94","","2026-08-03T13-49-16-ffb070b97929","https://openstat.psa.gov.ph/PXWeb/pxweb/en/DB/DB__1F__FY/0041F3DF02A.px"
"..National Capital Region (NCR) 1/, 2/, a/","Poverty Incidence among Population (%)","2018","2.2","","2026-08-03T13-49-16-ffb070b97929","https://openstat.psa.gov.ph/PXWeb/pxweb/en/DB/DB__1F__FY/0041F3DF02A.px"
"..National Capital Region (NCR) 1/, 2/, a/","Poverty Incidence among Population (%)","2021","3.5","","2026-08-03T13-49-16-ffb070b97929","https://openstat.psa.gov.ph/PXWeb/pxweb/en/DB/DB__1F__FY/0041F3DF02A.px"
"..National Capital Region (NCR) 1/, 2/, a/","Poverty Incidence among Population (%)","2023","1.8","","2026-08-03T13-49-16-ffb070b97929","https://openstat.psa.gov.ph/PXWeb/pxweb/en/DB/DB__1F__FY/0041F3DF02A.px"
"..National Capital Region (NCR) 1/, 2/, a/","Coefficient of Variation","2018","11.4","","2026-08-03T13-49-16-ffb070b97929","https://openstat.psa.gov.ph/PXWeb/pxweb/en/DB/DB__1F__FY/0041F3DF02A.px"
"..National Capital Region (NCR) 1/, 2/, a/","Coefficient of Variation","2021","6.8","","2026-08-03T13-49-16-ffb070b97929","https://openstat.psa.gov.ph/PXWeb/pxweb/en/DB/DB__1F__FY/0041F3DF02A.px"
"..National Capital Region (NCR) 1/, 2/, a/","Coefficient of Variation","2023","9.9","","2026-08-03T13-49-16-ffb070b97929","https://openstat.psa.gov.ph/PXWeb/pxweb/en/DB/DB__1F__FY/0041F3DF02A.px"
"..National Capital Region (NCR) 1/, 2/, a/","Standard Error","2018","0.3","","2026-08-03T13-49-16-ffb070b97929","https://openstat.psa.gov.ph/PXWeb/pxweb/en/DB/DB__1F__FY/0041F3DF02A.px"
"..National Capital Region (NCR) 1/, 2/, a/","Standard Error","2021","0.2","","2026-08-03T13-49-16-ffb070b97929","https://openstat.psa.gov.ph/PXWeb/pxweb/en/DB/DB__1F__FY/0041F3DF02A.px"
"..National Capital Region (NCR) 1/, 2/, a/","Standard Error","2023","0.2","","2026-08-03T13-49-16-ffb070b97929","https://openstat.psa.gov.ph/PXWeb/pxweb/en/DB/DB__1F__FY/0041F3DF02A.px"
"..National Capital Region (NCR) 1/, 2/, a/","95% Confidence Interval (Lower Limit)","2018","1.7","","2026-08-03T13-49-16-ffb070b97929","https://openstat.psa.gov.ph/PXWeb/pxweb/en/DB/DB__1F__FY/0041F3DF02A.px"
"..National Capital Region (NCR) 1/, 2/, a/","95% Confidence Interval (Lower Limit)","2021","3","","2026-08-03T13-49-16-ffb070b97929","https://openstat.psa.gov.ph/PXWeb/pxweb/en/DB/DB__1F__FY/0041F3DF02A.px"
"..National Capital Region (NCR) 1/, 2/, a/","95% Confidence Interval (Lower Limit)","2023","1.5","","2026-08-03T13-49-16-ffb070b97929","https://openstat.psa.gov.ph/PXWeb/pxweb/en/DB/DB__1F__FY/0041F3DF02A.px"
"..National Capital Region (NCR) 1/, 2/, a/","95% Confidence Interval (Upper Limit)","2018","2.7","","2026-08-03T13-49-16-ffb070b97929","https://openstat.psa.gov.ph/PXWeb/pxweb/en/DB/DB__1F__FY/0041F3DF02A.px"
"..National Capital Region (NCR) 1/, 2/, a/","95% Confidence Interval (Upper Limit)","2021","3.9","","2026-08-03T13-49-16-ffb070b97929","https://openstat.psa.gov.ph/PXWeb/pxweb/en/DB/DB__1F__FY/0041F3DF02A.px"
"..National Capital Region (NCR) 1/, 2/, a/","95% Confidence Interval (Upper Limit)","2023","2.2","","2026-08-03T13-49-16-ffb070b97929","https://openstat.psa.gov.ph/PXWeb/pxweb/en/DB/DB__1F__FY/0041F3DF02A.px"
"....1st District","Annual Per Capita Poverty Threshold (in PhP)","2018","","..","2026-08-03T13-49-16-ffb070b97929","https://openstat.psa.gov.ph/PXWeb/pxweb/en/DB/DB__1F__FY/0041F3DF02A.px"
"....1st District","Annual Per Capita Poverty Threshold (in PhP)","2021","","..","2026-08-03T13-49-16-ffb070b97929","https://openstat.psa.gov.ph/PXWeb/pxweb/en/DB/DB__1F__FY/0041F3DF02A.px"
"....1st District","Annual Per Capita Poverty Threshold (in PhP)","2023","","..","2026-08-03T13-49-16-ffb070b97929","https://openstat.psa.gov.ph/PXWeb/pxweb/en/DB/DB__1F__FY/0041F3DF02A.px"
"....1st District","Poverty Incidence among Population (%)","2018","","..","2026-08-03T13-49-16-ffb070b97929","https://openstat.psa.gov.ph/PXWeb/pxweb/en/DB/DB__1F__FY/0041F3DF02A.px"
"....1st District","Poverty Incidence among Population (%)","2021","","..","2026-08-03T13-49-16-ffb070b97929","https://openstat.psa.gov.ph/PXWeb/pxweb/en/DB/DB__1F__FY/0041F3DF02A.px"
"....1st District","Poverty Incidence among Population (%)","2023","","..","2026-08-03T13-49-16-ffb070b97929","https://openstat.psa.gov.ph/PXWeb/pxweb/en/DB/DB__1F__FY/0041F3DF02A.px"
"....1st District","Coefficient of Variation","2018","","..","2026-08-03T13-49-16-ffb070b97929","https://openstat.psa.gov.ph/PXWeb/pxweb/en/DB/DB__1F__FY/0041F3DF02A.px"
"....1st District","Coefficient of Variation","2021","","..","2026-08-03T13-49-16-ffb070b97929","https://openstat.psa.gov.ph/PXWeb/pxweb/en/DB/DB__1F__FY/0041F3DF02A.px"
"....1st District","Coefficient of Variation","2023","","..","2026-08-03T13-49-16-ffb070b97929","https://openstat.psa.gov.ph/PXWeb/pxweb/en/DB/DB__1F__FY/0041F3DF02A.px"
"....1st District","Standard Error","2018","","..","2026-08-03T13-49-16-ffb070b97929","https://openstat.psa.gov.ph/PXWeb/pxweb/en/DB/DB__1F__FY/0041F3DF02A.px"
"....1st District","Standard Error","2021","","..","2026-08-03T13-49-16-ffb070b97929","https://openstat.psa.gov.ph/PXWeb/pxweb/en/DB/DB__1F__FY/0041F3DF02A.px"
"....1st District","Standard Error","2023","","..","2026-08-03T13-49-16-ffb070b97929","https://openstat.psa.gov.ph/PXWeb/pxweb/en/DB/DB__1F__FY/0041F3DF02A.px"
"....1st District","95% Confidence Interval (Lower Limit)","2018","","..","2026-08-03T13-49-16-ffb070b97929","https://openstat.psa.gov.ph/PXWeb/pxweb/en/DB/DB__1F__FY/0041F3DF02A.px"
"....1st District","95% Confidence Interval (Lower Limit)","2021","","..","2026-08-03T13-49-16-ffb070b97929","https://openstat.psa.gov.ph/PXWeb/pxweb/en/DB/DB__1F__FY/0041F3DF02A.px"
"....1st District","95% Confidence Interval (Lower Limit)","2023","","..","2026-08-03T13-49-16-ffb070b97929","https://openstat.psa.gov.ph/PXWeb/pxweb/en/DB/DB__1F__FY/0041F3DF02A.px"
"....1st District","95% Confidence Interval (Upper Limit)","2018","","..","2026-08-03T13-49-16-ffb070b97929","https://openstat.psa.gov.ph/PXWeb/pxweb/en/DB/DB__1F__FY/0041F3DF02A.px"
"....1st District","95% Confidence Interval (Upper Limit)","2021","","..","2026-08-03T13-49-16-ffb070b97929","https://openstat.psa.gov.ph/PXWeb/pxweb/en/DB/DB__1F__FY/0041F3DF02A.px"
"....1st District","95% Confidence Interval (Upper Limit)","2023","","..","2026-08-03T13-49-16-ffb070b97929","https://openstat.psa.gov.ph/PXWeb/pxweb/en/DB/DB__1F__FY/0041F3DF02A.px"
"....City of Manila a/, b/, c/","Annual Per Capita Poverty Threshold (in PhP)","2018","28682.27","","2026-08-03T13-49-16-ffb070b97929","https://openstat.psa.gov.ph/PXWeb/pxweb/en/DB/DB__1F__FY/0041F3DF02A.px"
"....City of Manila a/, b/, c/","Annual Per Capita Poverty Threshold (in PhP)","2021","32977.94","","2026-08-03T13-49-16-ffb070b97929","https://openstat.psa.gov.ph/PXWeb/pxweb/en/DB/DB__1F__FY/0041F3DF02A.px"
"....City of Manila a/, b/, c/","Annual Per Capita Poverty Threshold (in PhP)","2023","37710.94","","2026-08-03T13-49-16-ffb070b97929","https://openstat.psa.gov.ph/PXWeb/pxweb/en/DB/DB__1F__FY/0041F3DF02A.px"
"....City of Manila a/, b/, c/","Poverty Incidence among Population (%)","2018","3","","2026-08-03T13-49-16-ffb070b97929","https://openstat.psa.gov.ph/PXWeb/pxweb/en/DB/DB__1F__FY/0041F3DF02A.px"
"....City of Manila a/, b/, c/","Poverty Incidence among Population (%)","2021","1.7","","2026-08-03T13-49-16-ffb070b97929","https://openstat.psa.gov.ph/PXWeb/pxweb/en/DB/DB__1F__FY/0041F3DF02A.px"
"....City of Manila a/, b/, c/","Poverty Incidence among Population (%)","2023","2.4","","2026-08-03T13-49-16-ffb070b97929","https://openstat.psa.gov.ph/PXWeb/pxweb/en/DB/DB__1F__FY/0041F3DF02A.px"
"....City of Manila a/, b/, c/","Coefficient of Variation","2018","30.2","","2026-08-03T13-49-16-ffb070b97929","https://openstat.psa.gov.ph/PXWeb/pxweb/en/DB/DB__1F__FY/0041F3DF02A.px"
"....City of Manila a/, b/, c/","Coefficient of Variation","2021","32.9","","2026-08-03T13-49-16-ffb070b97929","https://openstat.psa.gov.ph/PXWeb/pxweb/en/DB/DB__1F__FY/0041F3DF02A.px"
"....City of Manila a/, b/, c/","Coefficient of Variation","2023","27","","2026-08-03T13-49-16-ffb070b97929","https://openstat.psa.gov.ph/PXWeb/pxweb/en/DB/DB__1F__FY/0041F3DF02A.px"
"....City of Manila a/, b/, c/","Standard Error","2018","0.9","","2026-08-03T13-49-16-ffb070b97929","https://openstat.psa.gov.ph/PXWeb/pxweb/en/DB/DB__1F__FY/0041F3DF02A.px"
"....City of Manila a/, b/, c/","Standard Error","2021","0.6","","2026-08-03T13-49-16-ffb070b97929","https://openstat.psa.gov.ph/PXWeb/pxweb/en/DB/DB__1F__FY/0041F3DF02A.px"
"....City of Manila a/, b/, c/","Standard Error","2023","0.6","","2026-08-03T13-49-16-ffb070b97929","https://openstat.psa.gov.ph/PXWeb/pxweb/en/DB/DB__1F__FY/0041F3DF02A.px"
"....City of Manila a/, b/, c/","95% Confidence Interval (Lower Limit)","2018","1.2","","2026-08-03T13-49-16-ffb070b97929","https://openstat.psa.gov.ph/PXWeb/pxweb/en/DB/DB__1F__FY/0041F3DF02A.px"
"....City of Manila a/, b/, c/","95% Confidence Interval (Lower Limit)","2021","0.6","","2026-08-03T13-49-16-ffb070b97929","https://openstat.psa.gov.ph/PXWeb/pxweb/en/DB/DB__1F__FY/0041F3DF02A.px"
"....City of Manila a/, b/, c/","95% Confidence Interval (Lower Limit)","2023","1.1","","2026-08-03T13-49-16-ffb070b97929","https://openstat.psa.gov.ph/PXWeb/pxweb/en/DB/DB__1F__FY/0041F3DF02A.px"
"....City of Manila a/, b/, c/","95% Confidence Interval (Upper Limit)","2018","4.8","","2026-08-03T13-49-16-ffb070b97929","https://openstat.psa.gov.ph/PXWeb/pxweb/en/DB/DB__1F__FY/0041F3DF02A.px"
"....City of Manila a/, b/, c/","95% Confidence Interval (Upper Limit)","2021","2.8","","2026-08-03T13-49-16-ffb070b97929","https://openstat.psa.gov.ph/PXWeb/pxweb/en/DB/DB__1F__FY/0041F3DF02A.px"
"....City of Manila a/, b/, c/","95% Confidence Interval (Upper Limit)","2023","3.7","","2026-08-03T13-49-16-ffb070b97929","https://openstat.psa.gov.ph/PXWeb/pxweb/en/DB/DB__1F__FY/0041F3DF02A.px"
"....2nd District","Annual Per Capita Poverty Threshold (in PhP)","2018","","..","2026-08-03T13-49-16-ffb070b97929","https://openstat.psa.gov.ph/PXWeb/pxweb/en/DB/DB__1F__FY/0041F3DF02A.px"
"....2nd District","Annual Per Capita Poverty Threshold (in PhP)","2021","","..","2026-08-03T13-49-16-ffb070b97929","https://openstat.psa.gov.ph/PXWeb/pxweb/en/DB/DB__1F__FY/0041F3DF02A.px"
"....2nd District","Annual Per Capita Poverty Threshold (in PhP)","2023","","..","2026-08-03T13-49-16-ffb070b97929","https://openstat.psa.gov.ph/PXWeb/pxweb/en/DB/DB__1F__FY/0041F3DF02A.px"
"....2nd District","Poverty Incidence among Population (%)","2018","","..","2026-08-03T13-49-16-ffb070b97929","https://openstat.psa.gov.ph/PXWeb/pxweb/en/DB/DB__1F__FY/0041F3DF02A.px"
"....2nd District","Poverty Incidence among Population (%)","2021","","..","2026-08-03T13-49-16-ffb070b97929","https://openstat.psa.gov.ph/PXWeb/pxweb/en/DB/DB__1F__FY/0041F3DF02A.px"
"....2nd District","Poverty Incidence among Population (%)","2023","","..","2026-08-03T13-49-16-ffb070b97929","https://openstat.psa.gov.ph/PXWeb/pxweb/en/DB/DB__1F__FY/0041F3DF02A.px"
"....2nd District","Coefficient of Variation","2018","","..","2026-08-03T13-49-16-ffb070b97929","https://openstat.psa.gov.ph/PXWeb/pxweb/en/DB/DB__1F__FY/0041F3DF02A.px"
"....2nd District","Coefficient of Variation","2021","","..","2026-08-03T13-49-16-ffb070b97929","https://openstat.psa.gov.ph/PXWeb/pxweb/en/DB/DB__1F__FY/0041F3DF02A.px"
"....2nd District","Coefficient of Variation","2023","","..","2026-08-03T13-49-16-ffb070b97929","https://openstat.psa.gov.ph/PXWeb/pxweb/en/DB/DB__1F__FY/0041F3DF02A.px"
"....2nd District","Standard Error","2018","","..","2026-08-03T13-49-16-ffb070b97929","https://openstat.psa.gov.ph/PXWeb/pxweb/en/DB/DB__1F__FY/0041F3DF02A.px"
"....2nd District","Standard Error","2021","","..","2026-08-03T13-49-16-ffb070b97929","https://openstat.psa.gov.ph/PXWeb/pxweb/en/DB/DB__1F__FY/0041F3DF02A.px"
"....2nd District","Standard Error","2023","","..","2026-08-03T13-49-16-ffb070b97929","https://openstat.psa.gov.ph/PXWeb/pxweb/en/DB/DB__1F__FY/0041F3DF02A.px"
"....2nd District","95% Confidence Interval (Lower Limit)","2018","","..","2026-08-03T13-49-16-ffb070b97929","https://openstat.psa.gov.ph/PXWeb/pxweb/en/DB/DB__1F__FY/0041F3DF02A.px"
"....2nd District","95% Confidence Interval (Lower Limit)","2021","","..","2026-08-03T13-49-16-ffb070b97929","https://openstat.psa.gov.ph/PXWeb/pxweb/en/DB/DB__1F__FY/0041F3DF02A.px"
"....2nd District","95% Confidence Interval (Lower Limit)","2023","","..","2026-08-03T13-49-16-ffb070b97929","https://openstat.psa.gov.ph/PXWeb/pxweb/en/DB/DB__1F__FY/0041F3DF02A.px"
"....2nd District","95% Confidence Interval (Upper Limit)","2018","","..","2026-08-03T13-49-16-ffb070b97929","https://openstat.psa.gov.ph/PXWeb/pxweb/en/DB/DB__1F__FY/0041F3DF02A.px"
"....2nd District","95% Confidence Interval (Upper Limit)","2021","","..","2026-08-03T13-49-16-ffb070b97929","https://openstat.psa.gov.ph/PXWeb/pxweb/en/DB/DB__1F__FY/0041F3DF02A.px"
"....2nd District","95% Confidence Interval (Upper Limit)","2023","","..","2026-08-03T13-49-16-ffb070b97929","https://openstat.psa.gov.ph/PXWeb/pxweb/en/DB/DB__1F__FY/0041F3DF02A.px"
"....City of Mandaluyong a/, b/, c/","Annual Per Capita Poverty Threshold (in PhP)","2018","28682.27","","2026-08-03T13-49-16-ffb070b97929","https://openstat.psa.gov.ph/PXWeb/pxweb/en/DB/DB__1F__FY/0041F3DF02A.px"
"....City of Mandaluyong a/, b/, c/","Annual Per Capita Poverty Threshold (in PhP)","2021","32977.94","","2026-08-03T13-49-16-ffb070b97929","https://openstat.psa.gov.ph/PXWeb/pxweb/en/DB/DB__1F__FY/0041F3DF02A.px"
"....City of Mandaluyong a/, b/, c/","Annual Per Capita Poverty Threshold (in PhP)","2023","37710.94","","2026-08-03T13-49-16-ffb070b97929","https://openstat.psa.gov.ph/PXWeb/pxweb/en/DB/DB__1F__FY/0041F3DF02A.px"
"....City of Mandaluyong a/, b/, c/","Poverty Incidence among Population (%)","2018","1.3","","2026-08-03T13-49-16-ffb070b97929","https://openstat.psa.gov.ph/PXWeb/pxweb/en/DB/DB__1F__FY/0041F3DF02A.px"
"....City of Mandaluyong a/, b/, c/","Poverty Incidence among Population (%)","2021","0.7","","2026-08-03T13-49-16-ffb070b97929","https://openstat.psa.gov.ph/PXWeb/pxweb/en/DB/DB__1F__FY/0041F3DF02A.px"
"....City of Mandaluyong a/, b/, c/","Poverty Incidence among Population (%)","2023","0.5","","2026-08-03T13-49-16-ffb070b97929","https://openstat.psa.gov.ph/PXWeb/pxweb/en/DB/DB__1F__FY/0041F3DF02A.px"
"....City of Mandaluyong a/, b/, c/","Coefficient of Variation","2018","39.4","","2026-08-03T13-49-16-ffb070b97929","https://openstat.psa.gov.ph/PXWeb/pxweb/en/DB/DB__1F__FY/0041F3DF02A.px"
"....City of Mandaluyong a/, b/, c/","Coefficient of Variation","2021","51.7","","2026-08-03T13-49-16-ffb070b97929","https://openstat.psa.gov.ph/PXWeb/pxweb/en/DB/DB__1F__FY/0041F3DF02A.px"
"....City of Mandaluyong a/, b/, c/","Coefficient of Variation","2023","53.4","","2026-08-03T13-49-16-ffb070b97929","https://openstat.psa.gov.ph/PXWeb/pxweb/en/DB/DB__1F__FY/0041F3DF02A.px"
"....City of Mandaluyong a/, b/, c/","Standard Error","2018","0.5","","2026-08-03T13-49-16-ffb070b97929","https://openstat.psa.gov.ph/PXWeb/pxweb/en/DB/DB__1F__FY/0041F3DF02A.px"
"....City of Mandaluyong a/, b/, c/","Standard Error","2021","0.4","","2026-08-03T13-49-16-ffb070b97929","https://openstat.psa.gov.ph/PXWeb/pxweb/en/DB/DB__1F__FY/0041F3DF02A.px"
"....City of Mandaluyong a/, b/, c/","Standard Error","2023","0.3","","2026-08-03T13-49-16-ffb070b97929","https://openstat.psa.gov.ph/PXWeb/pxweb/en/DB/DB__1F__FY/0041F3DF02A.px"
"....City of Mandaluyong a/, b/, c/","95% Confidence Interval (Lower Limit)","2018","0.3","","2026-08-03T13-49-16-ffb070b97929","https://openstat.psa.gov.ph/PXWeb/pxweb/en/DB/DB__1F__FY/0041F3DF02A.px"
"....City of Mandaluyong a/, b/, c/","95% Confidence Interval (Lower Limit)","2021","0","","2026-08-03T13-49-16-ffb070b97929","https://openstat.psa.gov.ph/PXWeb/pxweb/en/DB/DB__1F__FY/0041F3DF02A.px"
"....City of Mandaluyong a/, b/, c/","95% Confidence Interval (Lower Limit)","2023","0","","2026-08-03T13-49-16-ffb070b97929","https://openstat.psa.gov.ph/PXWeb/pxweb/en/DB/DB__1F__FY/0041F3DF02A.px"
"....City of Mandaluyong a/, b/, c/","95% Confidence Interval (Upper Limit)","2018","2.4","","2026-08-03T13-49-16-ffb070b97929","https://openstat.psa.gov.ph/PXWeb/pxweb/en/DB/DB__1F__FY/0041F3DF02A.px"
"....City of Mandaluyong a/, b/, c/","95% Confidence Interval (Upper Limit)","2021","1.4","","2026-08-03T13-49-16-ffb070b97929","https://openstat.psa.gov.ph/PXWeb/pxweb/en/DB/DB__1F__FY/0041F3DF02A.px"
"....City of Mandaluyong a/, b/, c/","95% Confidence Interval (Upper Limit)","2023","1","","2026-08-03T13-49-16-ffb070b97929","https://openstat.psa.gov.ph/PXWeb/pxweb/en/DB/DB__1F__FY/0041F3DF02A.px"
"....City of Marikina 2/, a/, b/, c/","Annual Per Capita Poverty Threshold (in PhP)","2018","28682.27","","2026-08-03T13-49-16-ffb070b97929","https://openstat.psa.gov.ph/PXWeb/pxweb/en/DB/DB__1F__FY/0041F3DF02A.px"
"....City of Marikina 2/, a/, b/, c/","Annual Per Capita Poverty Threshold (in PhP)","2021","32977.94","","2026-08-03T13-49-16-ffb070b97929","https://openstat.psa.gov.ph/PXWeb/pxweb/en/DB/DB__1F__FY/0041F3DF02A.px"
"....City of Marikina 2/, a/, b/, c/","Annual Per Capita Poverty Threshold (in PhP)","2023","37710.94","","2026-08-03T13-49-16-ffb070b97929","https://openstat.psa.gov.ph/PXWeb/pxweb/en/DB/DB__1F__FY/0041F3DF02A.px"
"....City of Marikina 2/, a/, b/, c/","Poverty Incidence among Population (%)","2018","1.9","","2026-08-03T13-49-16-ffb070b97929","https://openstat.psa.gov.ph/PXWeb/pxweb/en/DB/DB__1F__FY/0041F3DF02A.px"
"....City of Marikina 2/, a/, b/, c/","Poverty Incidence among Population (%)","2021","2.6","","2026-08-03T13-49-16-ffb070b97929","https://openstat.psa.gov.ph/PXWeb/pxweb/en/DB/DB__1F__FY/0041F3DF02A.px"
"....City of Marikina 2/, a/, b/, c/","Poverty Incidence among Population (%)","2023","0.9","","2026-08-03T13-49-16-ffb070b97929","https://openstat.psa.gov.ph/PXWeb/pxweb/en/DB/DB__1F__FY/0041F3DF02A.px"
"....City of Marikina 2/, a/, b/, c/","Coefficient of Variation","2018","27.4","","2026-08-03T13-49-16-ffb070b97929","https://openstat.psa.gov.ph/PXWeb/pxweb/en/DB/DB__1F__FY/0041F3DF02A.px"
"....City of Marikina 2/, a/, b/, c/","Coefficient of Variation","2021","22.3","","2026-08-03T13-49-16-ffb070b97929","https://openstat.psa.gov.ph/PXWeb/pxweb/en/DB/DB__1F__FY/0041F3DF02A.px"
"....City of Marikina 2/, a/, b/, c/","Coefficient of Variation","2023","42.2","","2026-08-03T13-49-16-ffb070b97929","https://openstat.psa.gov.ph/PXWeb/pxweb/en/DB/DB__1F__FY/0041F3DF02A.px"
"....City of Marikina 2/, a/, b/, c/","Standard Error","2018","0.5","","2026-08-03T13-49-16-ffb070b97929","https://openstat.psa.gov.ph/PXWeb/pxweb/en/DB/DB__1F__FY/0041F3DF02A.px"
"....City of Marikina 2/, a/, b/, c/","Standard Error","2021","0.6","","2026-08-03T13-49-16-ffb070b97929","https://openstat.psa.gov.ph/PXWeb/pxweb/en/DB/DB__1F__FY/0041F3DF02A.px"
"....City of Marikina 2/, a/, b/, c/","Standard Error","2023","0.4","","2026-08-03T13-49-16-ffb070b97929","https://openstat.psa.gov.ph/PXWeb/pxweb/en/DB/DB__1F__FY/0041F3DF02A.px"
"....City of Marikina 2/, a/, b/, c/","95% Confidence Interval (Lower Limit)","2018","0.9","","2026-08-03T13-49-16-ffb070b97929","https://openstat.psa.gov.ph/PXWeb/pxweb/en/DB/DB__1F__FY/0041F3DF02A.px"
"....City of Marikina 2/, a/, b/, c/","95% Confidence Interval (Lower Limit)","2021","1.4","","2026-08-03T13-49-16-ffb070b97929","https://openstat.psa.gov.ph/PXWeb/pxweb/en/DB/DB__1F__FY/0041F3DF02A.px"
"....City of Marikina 2/, a/, b/, c/","95% Confidence Interval (Lower Limit)","2023","0.2","","2026-08-03T13-49-16-ffb070b97929","https://openstat.psa.gov.ph/PXWeb/pxweb/en/DB/DB__1F__FY/0041F3DF02A.px"
"....City of Marikina 2/, a/, b/, c/","95% Confidence Interval (Upper Limit)","2018","2.9","","2026-08-03T13-49-16-ffb070b97929","https://openstat.psa.gov.ph/PXWeb/pxweb/en/DB/DB__1F__FY/0041F3DF02A.px"
"....City of Marikina 2/, a/, b/, c/","95% Confidence Interval (Upper Limit)","2021","3.7","","2026-08-03T13-49-16-ffb070b97929","https://openstat.psa.gov.ph/PXWeb/pxweb/en/DB/DB__1F__FY/0041F3DF02A.px"
"....City of Marikina 2/, a/, b/, c/","95% Confidence Interval (Upper Limit)","2023","1.6","","2026-08-03T13-49-16-ffb070b97929","https://openstat.psa.gov.ph/PXWeb/pxweb/en/DB/DB__1F__FY/0041F3DF02A.px"
"....City of Pasig a/, b/, c/","Annual Per Capita Poverty Threshold (in PhP)","2018","28682.27","","2026-08-03T13-49-16-ffb070b97929","https://openstat.psa.gov.ph/PXWeb/pxweb/en/DB/DB__1F__FY/0041F3DF02A.px"
"....City of Pasig a/, b/, c/","Annual Per Capita Poverty Threshold (in PhP)","2021","32977.94","","2026-08-03T13-49-16-ffb070b97929","https://openstat.psa.gov.ph/PXWeb/pxweb/en/DB/DB__1F__FY/0041F3DF02A.px"
"....City of Pasig a/, b/, c/","Annual Per Capita Poverty Threshold (in PhP)","2023","37710.94","","2026-08-03T13-49-16-ffb070b97929","https://openstat.psa.gov.ph/PXWeb/pxweb/en/DB/DB__1F__FY/0041F3DF02A.px"
"....City of Pasig a/, b/, c/","Poverty Incidence among Population (%)","2018","2.7","","2026-08-03T13-49-16-ffb070b97929","https://openstat.psa.gov.ph/PXWeb/pxweb/en/DB/DB__1F__FY/0041F3DF02A.px"
"....City of Pasig a/, b/, c/","Poverty Incidence among Population (%)","2021","3.5","","2026-08-03T13-49-16-ffb070b97929","https://openstat.psa.gov.ph/PXWeb/pxweb/en/DB/DB__1F__FY/0041F3DF02A.px"
"....City of Pasig a/, b/, c/","Poverty Incidence among Population (%)","2023","3.3","","2026-08-03T13-49-16-ffb070b97929","https://openstat.psa.gov.ph/PXWeb/pxweb/en/DB/DB__1F__FY/0041F3DF02A.px"
"....City of Pasig a/, b/, c/","Coefficient of Variation","2018","26.4","","2026-08-03T13-49-16-ffb070b97929","https://openstat.psa.gov.ph/PXWeb/pxweb/en/DB/DB__1F__FY/0041F3DF02A.px"
"....City of Pasig a/, b/, c/","Coefficient of Variation","2021","20.1","","2026-08-03T13-49-16-ffb070b97929","https://openstat.psa.gov.ph/PXWeb/pxweb/en/DB/DB__1F__FY/0041F3DF02A.px"
"....City of Pasig a/, b/, c/","Coefficient of Variation","2023","25.6","","2026-08-03T13-49-16-ffb070b97929","https://openstat.psa.gov.ph/PXWeb/pxweb/en/DB/DB__1F__FY/0041F3DF02A.px"
"....City of Pasig a/, b/, c/","Standard Error","2018","0.7","","2026-08-03T13-49-16-ffb070b97929","https://openstat.psa.gov.ph/PXWeb/pxweb/en/DB/DB__1F__FY/0041F3DF02A.px"
"....City of Pasig a/, b/, c/","Standard Error","2021","0.7","","2026-08-03T13-49-16-ffb070b97929","https://openstat.psa.gov.ph/PXWeb/pxweb/en/DB/DB__1F__FY/0041F3DF02A.px"
"....City of Pasig a/, b/, c/","Standard Error","2023","0.8","","2026-08-03T13-49-16-ffb070b97929","https://openstat.psa.gov.ph/PXWeb/pxweb/en/DB/DB__1F__FY/0041F3DF02A.px"
"....City of Pasig a/, b/, c/","95% Confidence Interval (Lower Limit)","2018","1.3","","2026-08-03T13-49-16-ffb070b97929","https://openstat.psa.gov.ph/PXWeb/pxweb/en/DB/DB__1F__FY/0041F3DF02A.px"
"....City of Pasig a/, b/, c/","95% Confidence Interval (Lower Limit)","2021","2.1","","2026-08-03T13-49-16-ffb070b97929","https://openstat.psa.gov.ph/PXWeb/pxweb/en/DB/DB__1F__FY/0041F3DF02A.px"
"....City of Pasig a/, b/, c/","95% Confidence Interval (Lower Limit)","2023","1.6","","2026-08-03T13-49-16-ffb070b97929","https://openstat.psa.gov.ph/PXWeb/pxweb/en/DB/DB__1F__FY/0041F3DF02A.px"
"....City of Pasig a/, b/, c/","95% Confidence Interval (Upper Limit)","2018","4.1","","2026-08-03T13-49-16-ffb070b97929","https://openstat.psa.gov.ph/PXWeb/pxweb/en/DB/DB__1F__FY/0041F3DF02A.px"
"....City of Pasig a/, b/, c/","95% Confidence Interval (Upper Limit)","2021","4.9","","2026-08-03T13-49-16-ffb070b97929","https://openstat.psa.gov.ph/PXWeb/pxweb/en/DB/DB__1F__FY/0041F3DF02A.px"
"....City of Pasig a/, b/, c/","95% Confidence Interval (Upper Limit)","2023","5","","2026-08-03T13-49-16-ffb070b97929","https://openstat.psa.gov.ph/PXWeb/pxweb/en/DB/DB__1F__FY/0041F3DF02A.px"
"....Quezon City 2/, a/, b/, c/","Annual Per Capita Poverty Threshold (in PhP)","2018","28682.27","","2026-08-03T13-49-16-ffb070b97929","https://openstat.psa.gov.ph/PXWeb/pxweb/en/DB/DB__1F__FY/0041F3DF02A.px"
"....Quezon City 2/, a/, b/, c/","Annual Per Capita Poverty Threshold (in PhP)","2021","32977.94","","2026-08-03T13-49-16-ffb070b97929","https://openstat.psa.gov.ph/PXWeb/pxweb/en/DB/DB__1F__FY/0041F3DF02A.px"
"....Quezon City 2/, a/, b/, c/","Annual Per Capita Poverty Threshold (in PhP)","2023","37710.94","","2026-08-03T13-49-16-ffb070b97929","https://openstat.psa.gov.ph/PXWeb/pxweb/en/DB/DB__1F__FY/0041F3DF02A.px"
"....Quezon City 2/, a/, b/, c/","Poverty Incidence among Population (%)","2018","2.4","","2026-08-03T13-49-16-ffb070b97929","https://openstat.psa.gov.ph/PXWeb/pxweb/en/DB/DB__1F__FY/0041F3DF02A.px"
"....Quezon City 2/, a/, b/, c/","Poverty Incidence among Population (%)","2021","3","","2026-08-03T13-49-16-ffb070b97929","https://openstat.psa.gov.ph/PXWeb/pxweb/en/DB/DB__1F__FY/0041F3DF02A.px"
"....Quezon City 2/, a/, b/, c/","Poverty Incidence among Population (%)","2023","1.3","","2026-08-03T13-49-16-ffb070b97929","https://openstat.psa.gov.ph/PXWeb/pxweb/en/DB/DB__1F__FY/0041F3DF02A.px"
"....Quezon City 2/, a/, b/, c/","Coefficient of Variation","2018","33.4","","2026-08-03T13-49-16-ffb070b97929","https://openstat.psa.gov.ph/PXWeb/pxweb/en/DB/DB__1F__FY/0041F3DF02A.px"
"....Quezon City 2/, a/, b/, c/","Coefficient of Variation","2021","22.1","","2026-08-03T13-49-16-ffb070b97929","https://openstat.psa.gov.ph/PXWeb/pxweb/en/DB/DB__1F__FY/0041F3DF02A.px"
"....Quezon City 2/, a/, b/, c/","Coefficient of Variation","2023","35","","2026-08-03T13-49-16-ffb070b97929","https://openstat.psa.gov.ph/PXWeb/pxweb/en/DB/DB__1F__FY/0041F3DF02A.px"
"....Quezon City 2/, a/, b/, c/","Standard Error","2018","0.8","","2026-08-03T13-49-16-ffb070b97929","https://openstat.psa.gov.ph/PXWeb/pxweb/en/DB/DB__1F__FY/0041F3DF02A.px"
"....Quezon City 2/, a/, b/, c/","Standard Error","2021","0.7","","2026-08-03T13-49-16-ffb070b97929","https://openstat.psa.gov.ph/PXWeb/pxweb/en/DB/DB__1F__FY/0041F3DF02A.px"
"....Quezon City 2/, a/, b/, c/","Standard Error","2023","0.4","","2026-08-03T13-49-16-ffb070b97929","https://openstat.psa.gov.ph/PXWeb/pxweb/en/DB/DB__1F__FY/0041F3DF02A.px"
"....Quezon City 2/, a/, b/, c/","95% Confidence Interval (Lower Limit)","2018","0.8","","2026-08-03T13-49-16-ffb070b97929","https://openstat.psa.gov.ph/PXWeb/pxweb/en/DB/DB__1F__FY/0041F3DF02A.px"
"....Quezon City 2/, a/, b/, c/","95% Confidence Interval (Lower Limit)","2021","1.7","","2026-08-03T13-49-16-ffb070b97929","https://openstat.psa.gov.ph/PXWeb/pxweb/en/DB/DB__1F__FY/0041F3DF02A.px"
"....Quezon City 2/, a/, b/, c/","95% Confidence Interval (Lower Limit)","2023","0.4","","2026-08-03T13-49-16-ffb070b97929","https://openstat.psa.gov.ph/PXWeb/pxweb/en/DB/DB__1F__FY/0041F3DF02A.px"
"....Quezon City 2/, a/, b/, c/","95% Confidence Interval (Upper Limit)","2018","4","","2026-08-03T13-49-16-ffb070b97929","https://openstat.psa.gov.ph/PXWeb/pxweb/en/DB/DB__1F__FY/0041F3DF02A.px"
"....Quezon City 2/, a/, b/, c/","95% Confidence Interval (Upper Limit)","2021","4.4","","2026-08-03T13-49-16-ffb070b97929","https://openstat.psa.gov.ph/PXWeb/pxweb/en/DB/DB__1F__FY/0041F3DF02A.px"
"....Quezon City 2/, a/, b/, c/","95% Confidence Interval (Upper Limit)","2023","2.1","","2026-08-03T13-49-16-ffb070b97929","https://openstat.psa.gov.ph/PXWeb/pxweb/en/DB/DB__1F__FY/0041F3DF02A.px"
"....City of San Juan *, **, a/","Annual Per Capita Poverty Threshold (in PhP)","2018","28682.27","","2026-08-03T13-49-16-ffb070b97929","https://openstat.psa.gov.ph/PXWeb/pxweb/en/DB/DB__1F__FY/0041F3DF02A.px"
"....City of San Juan *, **, a/","Annual Per Capita Poverty Threshold (in PhP)","2021","32977.94","","2026-08-03T13-49-16-ffb070b97929","https://openstat.psa.gov.ph/PXWeb/pxweb/en/DB/DB__1F__FY/0041F3DF02A.px"
"....City of San Juan *, **, a/","Annual Per Capita Poverty Threshold (in PhP)","2023","37710.94","","2026-08-03T13-49-16-ffb070b97929","https://openstat.psa.gov.ph/PXWeb/pxweb/en/DB/DB__1F__FY/0041F3DF02A.px"
"....City of San Juan *, **, a/","Poverty Incidence among Population (%)","2018","0.8","","2026-08-03T13-49-16-ffb070b97929","https://openstat.psa.gov.ph/PXWeb/pxweb/en/DB/DB__1F__FY/0041F3DF02A.px"
"....City of San Juan *, **, a/","Poverty Incidence among Population (%)","2021","","'-","2026-08-03T13-49-16-ffb070b97929","https://openstat.psa.gov.ph/PXWeb/pxweb/en/DB/DB__1F__FY/0041F3DF02A.px"
"....City of San Juan *, **, a/","Poverty Incidence among Population (%)","2023","","'-","2026-08-03T13-49-16-ffb070b97929","https://openstat.psa.gov.ph/PXWeb/pxweb/en/DB/DB__1F__FY/0041F3DF02A.px"
"....City of San Juan *, **, a/","Coefficient of Variation","2018","73.7","","2026-08-03T13-49-16-ffb070b97929","https://openstat.psa.gov.ph/PXWeb/pxweb/en/DB/DB__1F__FY/0041F3DF02A.px"
"....City of San Juan *, **, a/","Coefficient of Variation","2021","","'-","2026-08-03T13-49-16-ffb070b97929","https://openstat.psa.gov.ph/PXWeb/pxweb/en/DB/DB__1F__FY/0041F3DF02A.px"
"....City of San Juan *, **, a/","Coefficient of Variation","2023","","'-","2026-08-03T13-49-16-ffb070b97929","https://openstat.psa.gov.ph/PXWeb/pxweb/en/DB/DB__1F__FY/0041F3DF02A.px"
"....City of San Juan *, **, a/","Standard Error","2018","0.6","","2026-08-03T13-49-16-ffb070b97929","https://openstat.psa.gov.ph/PXWeb/pxweb/en/DB/DB__1F__FY/0041F3DF02A.px"
"....City of San Juan *, **, a/","Standard Error","2021","","'-","2026-08-03T13-49-16-ffb070b97929","https://openstat.psa.gov.ph/PXWeb/pxweb/en/DB/DB__1F__FY/0041F3DF02A.px"
"....City of San Juan *, **, a/","Standard Error","2023","","'-","2026-08-03T13-49-16-ffb070b97929","https://openstat.psa.gov.ph/PXWeb/pxweb/en/DB/DB__1F__FY/0041F3DF02A.px"
"....City of San Juan *, **, a/","95% Confidence Interval (Lower Limit)","2018","0","","2026-08-03T13-49-16-ffb070b97929","https://openstat.psa.gov.ph/PXWeb/pxweb/en/DB/DB__1F__FY/0041F3DF02A.px"
"....City of San Juan *, **, a/","95% Confidence Interval (Lower Limit)","2021","","'-","2026-08-03T13-49-16-ffb070b97929","https://openstat.psa.gov.ph/PXWeb/pxweb/en/DB/DB__1F__FY/0041F3DF02A.px"
"....City of San Juan *, **, a/","95% Confidence Interval (Lower Limit)","2023","","'-","2026-08-03T13-49-16-ffb070b97929","https://openstat.psa.gov.ph/PXWeb/pxweb/en/DB/DB__1F__FY/0041F3DF02A.px"
"....City of San Juan *, **, a/","95% Confidence Interval (Upper Limit)","2018","1.9","","2026-08-03T13-49-16-ffb070b97929","https://openstat.psa.gov.ph/PXWeb/pxweb/en/DB/DB__1F__FY/0041F3DF02A.px"
"....City of San Juan *, **, a/","95% Confidence Interval (Upper Limit)","2021","","'-","2026-08-03T13-49-16-ffb070b97929","https://openstat.psa.gov.ph/PXWeb/pxweb/en/DB/DB__1F__FY/0041F3DF02A.px"
"....City of San Juan *, **, a/","95% Confidence Interval (Upper Limit)","2023","","'-","2026-08-03T13-49-16-ffb070b97929","https://openstat.psa.gov.ph/PXWeb/pxweb/en/DB/DB__1F__FY/0041F3DF02A.px"
"....3rd District","Annual Per Capita Poverty Threshold (in PhP)","2018","","..","2026-08-03T13-49-16-ffb070b97929","https://openstat.psa.gov.ph/PXWeb/pxweb/en/DB/DB__1F__FY/0041F3DF02A.px"
"....3rd District","Annual Per Capita Poverty Threshold (in PhP)","2021","","..","2026-08-03T13-49-16-ffb070b97929","https://openstat.psa.gov.ph/PXWeb/pxweb/en/DB/DB__1F__FY/0041F3DF02A.px"
"....3rd District","Annual Per Capita Poverty Threshold (in PhP)","2023","","..","2026-08-03T13-49-16-ffb070b97929","https://openstat.psa.gov.ph/PXWeb/pxweb/en/DB/DB__1F__FY/0041F3DF02A.px"
"....3rd District","Poverty Incidence among Population (%)","2018","","..","2026-08-03T13-49-16-ffb070b97929","https://openstat.psa.gov.ph/PXWeb/pxweb/en/DB/DB__1F__FY/0041F3DF02A.px"
"....3rd District","Poverty Incidence among Population (%)","2021","","..","2026-08-03T13-49-16-ffb070b97929","https://openstat.psa.gov.ph/PXWeb/pxweb/en/DB/DB__1F__FY/0041F3DF02A.px"
"....3rd District","Poverty Incidence among Population (%)","2023","","..","2026-08-03T13-49-16-ffb070b97929","https://openstat.psa.gov.ph/PXWeb/pxweb/en/DB/DB__1F__FY/0041F3DF02A.px"
"....3rd District","Coefficient of Variation","2018","","..","2026-08-03T13-49-16-ffb070b97929","https://openstat.psa.gov.ph/PXWeb/pxweb/en/DB/DB__1F__FY/0041F3DF02A.px"
"....3rd District","Coefficient of Variation","2021","","..","2026-08-03T13-49-16-ffb070b97929","https://openstat.psa.gov.ph/PXWeb/pxweb/en/DB/DB__1F__FY/0041F3DF02A.px"
"....3rd District","Coefficient of Variation","2023","","..","2026-08-03T13-49-16-ffb070b97929","https://openstat.psa.gov.ph/PXWeb/pxweb/en/DB/DB__1F__FY/0041F3DF02A.px"
"....3rd District","Standard Error","2018","","..","2026-08-03T13-49-16-ffb070b97929","https://openstat.psa.gov.ph/PXWeb/pxweb/en/DB/DB__1F__FY/0041F3DF02A.px"
"....3rd District","Standard Error","2021","","..","2026-08-03T13-49-16-ffb070b97929","https://openstat.psa.gov.ph/PXWeb/pxweb/en/DB/DB__1F__FY/0041F3DF02A.px"
"....3rd District","Standard Error","2023","","..","2026-08-03T13-49-16-ffb070b97929","https://openstat.psa.gov.ph/PXWeb/pxweb/en/DB/DB__1F__FY/0041F3DF02A.px"
"....3rd District","95% Confidence Interval (Lower Limit)","2018","","..","2026-08-03T13-49-16-ffb070b97929","https://openstat.psa.gov.ph/PXWeb/pxweb/en/DB/DB__1F__FY/0041F3DF02A.px"
"....3rd District","95% Confidence Interval (Lower Limit)","2021","","..","2026-08-03T13-49-16-ffb070b97929","https://openstat.psa.gov.ph/PXWeb/pxweb/en/DB/DB__1F__FY/0041F3DF02A.px"
"....3rd District","95% Confidence Interval (Lower Limit)","2023","","..","2026-08-03T13-49-16-ffb070b97929","https://openstat.psa.gov.ph/PXWeb/pxweb/en/DB/DB__1F__FY/0041F3DF02A.px"
"....3rd District","95% Confidence Interval (Upper Limit)","2018","","..","2026-08-03T13-49-16-ffb070b97929","https://openstat.psa.gov.ph/PXWeb/pxweb/en/DB/DB__1F__FY/0041F3DF02A.px"
"....3rd District","95% Confidence Interval (Upper Limit)","2021","","..","2026-08-03T13-49-16-ffb070b97929","https://openstat.psa.gov.ph/PXWeb/pxweb/en/DB/DB__1F__FY/0041F3DF02A.px"
"....3rd District","95% Confidence Interval (Upper Limit)","2023","","..","2026-08-03T13-49-16-ffb070b97929","https://openstat.psa.gov.ph/PXWeb/pxweb/en/DB/DB__1F__FY/0041F3DF02A.px"
"....City of Caloocan 2/, a/, b/, c/","Annual Per Capita Poverty Threshold (in PhP)","2018","28682.27","","2026-08-03T13-49-16-ffb070b97929","https://openstat.psa.gov.ph/PXWeb/pxweb/en/DB/DB__1F__FY/0041F3DF02A.px"
"....City of Caloocan 2/, a/, b/, c/","Annual Per Capita Poverty Threshold (in PhP)","2021","32977.94","","2026-08-03T13-49-16-ffb070b97929","https://openstat.psa.gov.ph/PXWeb/pxweb/en/DB/DB__1F__FY/0041F3DF02A.px"
"....City of Caloocan 2/, a/, b/, c/","Annual Per Capita Poverty Threshold (in PhP)","2023","37710.94","","2026-08-03T13-49-16-ffb070b97929","https://openstat.psa.gov.ph/PXWeb/pxweb/en/DB/DB__1F__FY/0041F3DF02A.px"
"....City of Caloocan 2/, a/, b/, c/","Poverty Incidence among Population (%)","2018","4.7","","2026-08-03T13-49-16-ffb070b97929","https://openstat.psa.gov.ph/PXWeb/pxweb/en/DB/DB__1F__FY/0041F3DF02A.px"
"....City of Caloocan 2/, a/, b/, c/","Poverty Incidence among Population (%)","2021","6","","2026-08-03T13-49-16-ffb070b97929","https://openstat.psa.gov.ph/PXWeb/pxweb/en/DB/DB__1F__FY/0041F3DF02A.px"
"....City of Caloocan 2/, a/, b/, c/","Poverty Incidence among Population (%)","2023","3","","2026-08-03T13-49-16-ffb070b97929","https://openstat.psa.gov.ph/PXWeb/pxweb/en/DB/DB__1F__FY/0041F3DF02A.px"
"....City of Caloocan 2/, a/, b/, c/","Coefficient of Variation","2018","17.4","","2026-08-03T13-49-16-ffb070b97929","https://openstat.psa.gov.ph/PXWeb/pxweb/en/DB/DB__1F__FY/0041F3DF02A.px"
"....City of Caloocan 2/, a/, b/, c/","Coefficient of Variation","2021","14.3","","2026-08-03T13-49-16-ffb070b97929","https://openstat.psa.gov.ph/PXWeb/pxweb/en/DB/DB__1F__FY/0041F3DF02A.px"
"....City of Caloocan 2/, a/, b/, c/","Coefficient of Variation","2023","23.2","","2026-08-03T13-49-16-ffb070b97929","https://openstat.psa.gov.ph/PXWeb/pxweb/en/DB/DB__1F__FY/0041F3DF02A.px"
"....City of Caloocan 2/, a/, b/, c/","Standard Error","2018","0.8","","2026-08-03T13-49-16-ffb070b97929","https://openstat.psa.gov.ph/PXWeb/pxweb/en/DB/DB__1F__FY/0041F3DF02A.px"
"....City of Caloocan 2/, a/, b/, c/","Standard Error","2021","0.9","","2026-08-03T13-49-16-ffb070b97929","https://openstat.psa.gov.ph/PXWeb/pxweb/en/DB/DB__1F__FY/0041F3DF02A.px"
"....City of Caloocan 2/, a/, b/, c/","Standard Error","2023","0.7","","2026-08-03T13-49-16-ffb070b97929","https://openstat.psa.gov.ph/PXWeb/pxweb/en/DB/DB__1F__FY/0041F3DF02A.px"
"....City of Caloocan 2/, a/, b/, c/","95% Confidence Interval (Lower Limit)","2018","3.1","","2026-08-03T13-49-16-ffb070b97929","https://openstat.psa.gov.ph/PXWeb/pxweb/en/DB/DB__1F__FY/0041F3DF02A.px"
"....City of Caloocan 2/, a/, b/, c/","95% Confidence Interval (Lower Limit)","2021","4.3","","2026-08-03T13-49-16-ffb070b97929","https://openstat.psa.gov.ph/PXWeb/pxweb/en/DB/DB__1F__FY/0041F3DF02A.px"
"....City of Caloocan 2/, a/, b/, c/","95% Confidence Interval (Lower Limit)","2023","1.7","","2026-08-03T13-49-16-ffb070b97929","https://openstat.psa.gov.ph/PXWeb/pxweb/en/DB/DB__1F__FY/0041F3DF02A.px"
"....City of Caloocan 2/, a/, b/, c/","95% Confidence Interval (Upper Limit)","2018","6.3","","2026-08-03T13-49-16-ffb070b97929","https://openstat.psa.gov.ph/PXWeb/pxweb/en/DB/DB__1F__FY/0041F3DF02A.px"
"....City of Caloocan 2/, a/, b/, c/","95% Confidence Interval (Upper Limit)","2021","7.7","","2026-08-03T13-49-16-ffb070b97929","https://openstat.psa.gov.ph/PXWeb/pxweb/en/DB/DB__1F__FY/0041F3DF02A.px"
"....City of Caloocan 2/, a/, b/, c/","95% Confidence Interval (Upper Limit)","2023","4.4","","2026-08-03T13-49-16-ffb070b97929","https://openstat.psa.gov.ph/PXWeb/pxweb/en/DB/DB__1F__FY/0041F3DF02A.px"
"....City of Malabon 1/, 2/, a/, b/, c/","Annual Per Capita Poverty Threshold (in PhP)","2018","28682.27","","2026-08-03T13-49-16-ffb070b97929","https://openstat.psa.gov.ph/PXWeb/pxweb/en/DB/DB__1F__FY/0041F3DF02A.px"
"....City of Malabon 1/, 2/, a/, b/, c/","Annual Per Capita Poverty Threshold (in PhP)","2021","32977.94","","2026-08-03T13-49-16-ffb070b97929","https://openstat.psa.gov.ph/PXWeb/pxweb/en/DB/DB__1F__FY/0041F3DF02A.px"
"....City of Malabon 1/, 2/, a/, b/, c/","Annual Per Capita Poverty Threshold (in PhP)","2023","37710.94","","2026-08-03T13-49-16-ffb070b97929","https://openstat.psa.gov.ph/PXWeb/pxweb/en/DB/DB__1F__FY/0041F3DF02A.px"
"....City of Malabon 1/, 2/, a/, b/, c/","Poverty Incidence among Population (%)","2018","1.7","","2026-08-03T13-49-16-ffb070b97929","https://openstat.psa.gov.ph/PXWeb/pxweb/en/DB/DB__1F__FY/0041F3DF02A.px"
"....City of Malabon 1/, 2/, a/, b/, c/","Poverty Incidence among Population (%)","2021","4.6","","2026-08-03T13-49-16-ffb070b97929","https://openstat.psa.gov.ph/PXWeb/pxweb/en/DB/DB__1F__FY/0041F3DF02A.px"
"....City of Malabon 1/, 2/, a/, b/, c/","Poverty Incidence among Population (%)","2023","2.3","","2026-08-03T13-49-16-ffb070b97929","https://openstat.psa.gov.ph/PXWeb/pxweb/en/DB/DB__1F__FY/0041F3DF02A.px"
"....City of Malabon 1/, 2/, a/, b/, c/","Coefficient of Variation","2018","26.6","","2026-08-03T13-49-16-ffb070b97929","https://openstat.psa.gov.ph/PXWeb/pxweb/en/DB/DB__1F__FY/0041F3DF02A.px"
"....City of Malabon 1/, 2/, a/, b/, c/","Coefficient of Variation","2021","17.5","","2026-08-03T13-49-16-ffb070b97929","https://openstat.psa.gov.ph/PXWeb/pxweb/en/DB/DB__1F__FY/0041F3DF02A.px"
"....City of Malabon 1/, 2/, a/, b/, c/","Coefficient of Variation","2023","21.6","","2026-08-03T13-49-16-ffb070b97929","https://openstat.psa.gov.ph/PXWeb/pxweb/en/DB/DB__1F__FY/0041F3DF02A.px"
"....City of Malabon 1/, 2/, a/, b/, c/","Standard Error","2018","0.5","","2026-08-03T13-49-16-ffb070b97929","https://openstat.psa.gov.ph/PXWeb/pxweb/en/DB/DB__1F__FY/0041F3DF02A.px"
"....City of Malabon 1/, 2/, a/, b/, c/","Standard Error","2021","0.8","","2026-08-03T13-49-16-ffb070b97929","https://openstat.psa.gov.ph/PXWeb/pxweb/en/DB/DB__1F__FY/0041F3DF02A.px"
"....City of Malabon 1/, 2/, a/, b/, c/","Standard Error","2023","0.5","","2026-08-03T13-49-16-ffb070b97929","https://openstat.psa.gov.ph/PXWeb/pxweb/en/DB/DB__1F__FY/0041F3DF02A.px"
"....City of Malabon 1/, 2/, a/, b/, c/","95% Confidence Interval (Lower Limit)","2018","0.8","","2026-08-03T13-49-16-ffb070b97929","https://openstat.psa.gov.ph/PXWeb/pxweb/en/DB/DB__1F__FY/0041F3DF02A.px"
"....City of Malabon 1/, 2/, a/, b/, c/","95% Confidence Interval (Lower Limit)","2021","3","","2026-08-03T13-49-16-ffb070b97929","https://openstat.psa.gov.ph/PXWeb/pxweb/en/DB/DB__1F__FY/0041F3DF02A.px"
"....City of Malabon 1/, 2/, a/, b/, c/","95% Confidence Interval (Lower Limit)","2023","1.4","","2026-08-03T13-49-16-ffb070b97929","https://openstat.psa.gov.ph/PXWeb/pxweb/en/DB/DB__1F__FY/0041F3DF02A.px"
"....City of Malabon 1/, 2/, a/, b/, c/","95% Confidence Interval (Upper Limit)","2018","2.6","","2026-08-03T13-49-16-ffb070b97929","https://openstat.psa.gov.ph/PXWeb/pxweb/en/DB/DB__1F__FY/0041F3DF02A.px"
"....City of Malabon 1/, 2/, a/, b/, c/","95% Confidence Interval (Upper Limit)","2021","6.2","","2026-08-03T13-49-16-ffb070b97929","https://openstat.psa.gov.ph/PXWeb/pxweb/en/DB/DB__1F__FY/0041F3DF02A.px"
"....City of Malabon 1/, 2/, a/, b/, c/","95% Confidence Interval (Upper Limit)","2023","3.3","","2026-08-03T13-49-16-ffb070b97929","https://openstat.psa.gov.ph/PXWeb/pxweb/en/DB/DB__1F__FY/0041F3DF02A.px"
"....City of Navotas a/, b/, c/","Annual Per Capita Poverty Threshold (in PhP)","2018","28682.27","","2026-08-03T13-49-16-ffb070b97929","https://openstat.psa.gov.ph/PXWeb/pxweb/en/DB/DB__1F__FY/0041F3DF02A.px"
"....City of Navotas a/, b/, c/","Annual Per Capita Poverty Threshold (in PhP)","2021","32977.94","","2026-08-03T13-49-16-ffb070b97929","https://openstat.psa.gov.ph/PXWeb/pxweb/en/DB/DB__1F__FY/0041F3DF02A.px"
"....City of Navotas a/, b/, c/","Annual Per Capita Poverty Threshold (in PhP)","2023","37710.94","","2026-08-03T13-49-16-ffb070b97929","https://openstat.psa.gov.ph/PXWeb/pxweb/en/DB/DB__1F__FY/0041F3DF02A.px"
"....City of Navotas a/, b/, c/","Poverty Incidence among Population (%)","2018","3.4","","2026-08-03T13-49-16-ffb070b97929","https://openstat.psa.gov.ph/PXWeb/pxweb/en/DB/DB__1F__FY/0041F3DF02A.px"
"....City of Navotas a/, b/, c/","Poverty Incidence among Population (%)","2021","5.1","","2026-08-03T13-49-16-ffb070b97929","https://openstat.psa.gov.ph/PXWeb/pxweb/en/DB/DB__1F__FY/0041F3DF02A.px"
"....City of Navotas a/, b/, c/","Poverty Incidence among Population (%)","2023","3.9","","2026-08-03T13-49-16-ffb070b97929","https://openstat.psa.gov.ph/PXWeb/pxweb/en/DB/DB__1F__FY/0041F3DF02A.px"
"....City of Navotas a/, b/, c/","Coefficient of Variation","2018","23.2","","2026-08-03T13-49-16-ffb070b97929","https://openstat.psa.gov.ph/PXWeb/pxweb/en/DB/DB__1F__FY/0041F3DF02A.px"
"....City of Navotas a/, b/, c/","Coefficient of Variation","2021","16.5","","2026-08-03T13-49-16-ffb070b97929","https://openstat.psa.gov.ph/PXWeb/pxweb/en/DB/DB__1F__FY/0041F3DF02A.px"
"....City of Navotas a/, b/, c/","Coefficient of Variation","2023","17.3","","2026-08-03T13-49-16-ffb070b97929","https://openstat.psa.gov.ph/PXWeb/pxweb/en/DB/DB__1F__FY/0041F3DF02A.px"
"....City of Navotas a/, b/, c/","Standard Error","2018","0.8","","2026-08-03T13-49-16-ffb070b97929","https://openstat.psa.gov.ph/PXWeb/pxweb/en/DB/DB__1F__FY/0041F3DF02A.px"
"....City of Navotas a/, b/, c/","Standard Error","2021","0.8","","2026-08-03T13-49-16-ffb070b97929","https://openstat.psa.gov.ph/PXWeb/pxweb/en/DB/DB__1F__FY/0041F3DF02A.px"
"....City of Navotas a/, b/, c/","Standard Error","2023","0.7","","2026-08-03T13-49-16-ffb070b97929","https://openstat.psa.gov.ph/PXWeb/pxweb/en/DB/DB__1F__FY/0041F3DF02A.px"
"....City of Navotas a/, b/, c/","95% Confidence Interval (Lower Limit)","2018","1.9","","2026-08-03T13-49-16-ffb070b97929","https://openstat.psa.gov.ph/PXWeb/pxweb/en/DB/DB__1F__FY/0041F3DF02A.px"
"....City of Navotas a/, b/, c/","95% Confidence Interval (Lower Limit)","2021","3.4","","2026-08-03T13-49-16-ffb070b97929","https://openstat.psa.gov.ph/PXWeb/pxweb/en/DB/DB__1F__FY/0041F3DF02A.px"
"....City of Navotas a/, b/, c/","95% Confidence Interval (Lower Limit)","2023","2.6","","2026-08-03T13-49-16-ffb070b97929","https://openstat.psa.gov.ph/PXWeb/pxweb/en/DB/DB__1F__FY/0041F3DF02A.px"
"....City of Navotas a/, b/, c/","95% Confidence Interval (Upper Limit)","2018","4.9","","2026-08-03T13-49-16-ffb070b97929","https://openstat.psa.gov.ph/PXWeb/pxweb/en/DB/DB__1F__FY/0041F3DF02A.px"
"....City of Navotas a/, b/, c/","95% Confidence Interval (Upper Limit)","2021","6.7","","2026-08-03T13-49-16-ffb070b97929","https://openstat.psa.gov.ph/PXWeb/pxweb/en/DB/DB__1F__FY/0041F3DF02A.px"
"....City of Navotas a/, b/, c/","95% Confidence Interval (Upper Limit)","2023","5.2","","2026-08-03T13-49-16-ffb070b97929","https://openstat.psa.gov.ph/PXWeb/pxweb/en/DB/DB__1F__FY/0041F3DF02A.px"
"....City of Valenzuela 1/, a/, b/, c/","Annual Per Capita Poverty Threshold (in PhP)","2018","28682.27","","2026-08-03T13-49-16-ffb070b97929","https://openstat.psa.gov.ph/PXWeb/pxweb/en/DB/DB__1F__FY/0041F3DF02A.px"
"....City of Valenzuela 1/, a/, b/, c/","Annual Per Capita Poverty Threshold (in PhP)","2021","32977.94","","2026-08-03T13-49-16-ffb070b97929","https://openstat.psa.gov.ph/PXWeb/pxweb/en/DB/DB__1F__FY/0041F3DF02A.px"
"....City of Valenzuela 1/, a/, b/, c/","Annual Per Capita Poverty Threshold (in PhP)","2023","37710.94","","2026-08-03T13-49-16-ffb070b97929","https://openstat.psa.gov.ph/PXWeb/pxweb/en/DB/DB__1F__FY/0041F3DF02A.px"
"....City of Valenzuela 1/, a/, b/, c/","Poverty Incidence among Population (%)","2018","0.5","","2026-08-03T13-49-16-ffb070b97929","https://openstat.psa.gov.ph/PXWeb/pxweb/en/DB/DB__1F__FY/0041F3DF02A.px"
"....City of Valenzuela 1/, a/, b/, c/","Poverty Incidence among Population (%)","2021","2.1","","2026-08-03T13-49-16-ffb070b97929","https://openstat.psa.gov.ph/PXWeb/pxweb/en/DB/DB__1F__FY/0041F3DF02A.px"
"....City of Valenzuela 1/, a/, b/, c/","Poverty Incidence among Population (%)","2023","1.3","","2026-08-03T13-49-16-ffb070b97929","https://openstat.psa.gov.ph/PXWeb/pxweb/en/DB/DB__1F__FY/0041F3DF02A.px"
"....City of Valenzuela 1/, a/, b/, c/","Coefficient of Variation","2018","48.1","","2026-08-03T13-49-16-ffb070b97929","https://openstat.psa.gov.ph/PXWeb/pxweb/en/DB/DB__1F__FY/0041F3DF02A.px"
"....City of Valenzuela 1/, a/, b/, c/","Coefficient of Variation","2021","19.8","","2026-08-03T13-49-16-ffb070b97929","https://openstat.psa.gov.ph/PXWeb/pxweb/en/DB/DB__1F__FY/0041F3DF02A.px"
"....City of Valenzuela 1/, a/, b/, c/","Coefficient of Variation","2023","33.1","","2026-08-03T13-49-16-ffb070b97929","https://openstat.psa.gov.ph/PXWeb/pxweb/en/DB/DB__1F__FY/0041F3DF02A.px"
"....City of Valenzuela 1/, a/, b/, c/","Standard Error","2018","0.3","","2026-08-03T13-49-16-ffb070b97929","https://openstat.psa.gov.ph/PXWeb/pxweb/en/DB/DB__1F__FY/0041F3DF02A.px"
"....City of Valenzuela 1/, a/, b/, c/","Standard Error","2021","0.4","","2026-08-03T13-49-16-ffb070b97929","https://openstat.psa.gov.ph/PXWeb/pxweb/en/DB/DB__1F__FY/0041F3DF02A.px"
"....City of Valenzuela 1/, a/, b/, c/","Standard Error","2023","0.4","","2026-08-03T13-49-16-ffb070b97929","https://openstat.psa.gov.ph/PXWeb/pxweb/en/DB/DB__1F__FY/0041F3DF02A.px"
"....City of Valenzuela 1/, a/, b/, c/","95% Confidence Interval (Lower Limit)","2018","0","","2026-08-03T13-49-16-ffb070b97929","https://openstat.psa.gov.ph/PXWeb/pxweb/en/DB/DB__1F__FY/0041F3DF02A.px"
"....City of Valenzuela 1/, a/, b/, c/","95% Confidence Interval (Lower Limit)","2021","1.3","","2026-08-03T13-49-16-ffb070b97929","https://openstat.psa.gov.ph/PXWeb/pxweb/en/DB/DB__1F__FY/0041F3DF02A.px"
"....City of Valenzuela 1/, a/, b/, c/","95% Confidence Interval (Lower Limit)","2023","0.4","","2026-08-03T13-49-16-ffb070b97929","https://openstat.psa.gov.ph/PXWeb/pxweb/en/DB/DB__1F__FY/0041F3DF02A.px"
"....City of Valenzuela 1/, a/, b/, c/","95% Confidence Interval (Upper Limit)","2018","1","","2026-08-03T13-49-16-ffb070b97929","https://openstat.psa.gov.ph/PXWeb/pxweb/en/DB/DB__1F__FY/0041F3DF02A.px"
"....City of Valenzuela 1/, a/, b/, c/","95% Confidence Interval (Upper Limit)","2021","2.9","","2026-08-03T13-49-16-ffb070b97929","https://openstat.psa.gov.ph/PXWeb/pxweb/en/DB/DB__1F__FY/0041F3DF02A.px"
"....City of Valenzuela 1/, a/, b/, c/","95% Confidence Interval (Upper Limit)","2023","2.1","","2026-08-03T13-49-16-ffb070b97929","https://openstat.psa.gov.ph/PXWeb/pxweb/en/DB/DB__1F__FY/0041F3DF02A.px"
"....4th District","Annual Per Capita Poverty Threshold (in PhP)","2018","","..","2026-08-03T13-49-16-ffb070b97929","https://openstat.psa.gov.ph/PXWeb/pxweb/en/DB/DB__1F__FY/0041F3DF02A.px"
"....4th District","Annual Per Capita Poverty Threshold (in PhP)","2021","","..","2026-08-03T13-49-16-ffb070b97929","https://openstat.psa.gov.ph/PXWeb/pxweb/en/DB/DB__1F__FY/0041F3DF02A.px"
"....4th District","Annual Per Capita Poverty Threshold (in PhP)","2023","","..","2026-08-03T13-49-16-ffb070b97929","https://openstat.psa.gov.ph/PXWeb/pxweb/en/DB/DB__1F__FY/0041F3DF02A.px"
"....4th District","Poverty Incidence among Population (%)","2018","","..","2026-08-03T13-49-16-ffb070b97929","https://openstat.psa.gov.ph/PXWeb/pxweb/en/DB/DB__1F__FY/0041F3DF02A.px"
"....4th District","Poverty Incidence among Population (%)","2021","","..","2026-08-03T13-49-16-ffb070b97929","https://openstat.psa.gov.ph/PXWeb/pxweb/en/DB/DB__1F__FY/0041F3DF02A.px"
"....4th District","Poverty Incidence among Population (%)","2023","","..","2026-08-03T13-49-16-ffb070b97929","https://openstat.psa.gov.ph/PXWeb/pxweb/en/DB/DB__1F__FY/0041F3DF02A.px"
"....4th District","Coefficient of Variation","2018","","..","2026-08-03T13-49-16-ffb070b97929","https://openstat.psa.gov.ph/PXWeb/pxweb/en/DB/DB__1F__FY/0041F3DF02A.px"
"....4th District","Coefficient of Variation","2021","","..","2026-08-03T13-49-16-ffb070b97929","https://openstat.psa.gov.ph/PXWeb/pxweb/en/DB/DB__1F__FY/0041F3DF02A.px"
"....4th District","Coefficient of Variation","2023","","..","2026-08-03T13-49-16-ffb070b97929","https://openstat.psa.gov.ph/PXWeb/pxweb/en/DB/DB__1F__FY/0041F3DF02A.px"
"....4th District","Standard Error","2018","","..","2026-08-03T13-49-16-ffb070b97929","https://openstat.psa.gov.ph/PXWeb/pxweb/en/DB/DB__1F__FY/0041F3DF02A.px"
"....4th District","Standard Error","2021","","..","2026-08-03T13-49-16-ffb070b97929","https://openstat.psa.gov.ph/PXWeb/pxweb/en/DB/DB__1F__FY/0041F3DF02A.px"
"....4th District","Standard Error","2023","","..","2026-08-03T13-49-16-ffb070b97929","https://openstat.psa.gov.ph/PXWeb/pxweb/en/DB/DB__1F__FY/0041F3DF02A.px"
"....4th District","95% Confidence Interval (Lower Limit)","2018","","..","2026-08-03T13-49-16-ffb070b97929","https://openstat.psa.gov.ph/PXWeb/pxweb/en/DB/DB__1F__FY/0041F3DF02A.px"
"....4th District","95% Confidence Interval (Lower Limit)","2021","","..","2026-08-03T13-49-16-ffb070b97929","https://openstat.psa.gov.ph/PXWeb/pxweb/en/DB/DB__1F__FY/0041F3DF02A.px"
"....4th District","95% Confidence Interval (Lower Limit)","2023","","..","2026-08-03T13-49-16-ffb070b97929","https://openstat.psa.gov.ph/PXWeb/pxweb/en/DB/DB__1F__FY/0041F3DF02A.px"
"....4th District","95% Confidence Interval (Upper Limit)","2018","","..","2026-08-03T13-49-16-ffb070b97929","https://openstat.psa.gov.ph/PXWeb/pxweb/en/DB/DB__1F__FY/0041F3DF02A.px"
"....4th District","95% Confidence Interval (Upper Limit)","2021","","..","2026-08-03T13-49-16-ffb070b97929","https://openstat.psa.gov.ph/PXWeb/pxweb/en/DB/DB__1F__FY/0041F3DF02A.px"
"....4th District","95% Confidence Interval (Upper Limit)","2023","","..","2026-08-03T13-49-16-ffb070b97929","https://openstat.psa.gov.ph/PXWeb/pxweb/en/DB/DB__1F__FY/0041F3DF02A.px"
"....City of Las Piñas 1/, 2/, a/, b/, c/","Annual Per Capita Poverty Threshold (in PhP)","2018","28682.27","","2026-08-03T13-49-16-ffb070b97929","https://openstat.psa.gov.ph/PXWeb/pxweb/en/DB/DB__1F__FY/0041F3DF02A.px"
"....City of Las Piñas 1/, 2/, a/, b/, c/","Annual Per Capita Poverty Threshold (in PhP)","2021","32977.94","","2026-08-03T13-49-16-ffb070b97929","https://openstat.psa.gov.ph/PXWeb/pxweb/en/DB/DB__1F__FY/0041F3DF02A.px"
"....City of Las Piñas 1/, 2/, a/, b/, c/","Annual Per Capita Poverty Threshold (in PhP)","2023","37710.94","","2026-08-03T13-49-16-ffb070b97929","https://openstat.psa.gov.ph/PXWeb/pxweb/en/DB/DB__1F__FY/0041F3DF02A.px"
"....City of Las Piñas 1/, 2/, a/, b/, c/","Poverty Incidence among Population (%)","2018","1.7","","2026-08-03T13-49-16-ffb070b97929","https://openstat.psa.gov.ph/PXWeb/pxweb/en/DB/DB__1F__FY/0041F3DF02A.px"
"....City of Las Piñas 1/, 2/, a/, b/, c/","Poverty Incidence among Population (%)","2021","3.9","","2026-08-03T13-49-16-ffb070b97929","https://openstat.psa.gov.ph/PXWeb/pxweb/en/DB/DB__1F__FY/0041F3DF02A.px"
"....City of Las Piñas 1/, 2/, a/, b/, c/","Poverty Incidence among Population (%)","2023","1.3","","2026-08-03T13-49-16-ffb070b97929","https://openstat.psa.gov.ph/PXWeb/pxweb/en/DB/DB__1F__FY/0041F3DF02A.px"
"....City of Las Piñas 1/, 2/, a/, b/, c/","Coefficient of Variation","2018","31.8","","2026-08-03T13-49-16-ffb070b97929","https://openstat.psa.gov.ph/PXWeb/pxweb/en/DB/DB__1F__FY/0041F3DF02A.px"
"....City of Las Piñas 1/, 2/, a/, b/, c/","Coefficient of Variation","2021","19.9","","2026-08-03T13-49-16-ffb070b97929","https://openstat.psa.gov.ph/PXWeb/pxweb/en/DB/DB__1F__FY/0041F3DF02A.px"
"....City of Las Piñas 1/, 2/, a/, b/, c/","Coefficient of Variation","2023","34.6","","2026-08-03T13-49-16-ffb070b97929","https://openstat.psa.gov.ph/PXWeb/pxweb/en/DB/DB__1F__FY/0041F3DF02A.px"
"....City of Las Piñas 1/, 2/, a/, b/, c/","Standard Error","2018","0.5","","2026-08-03T13-49-16-ffb070b97929","https://openstat.psa.gov.ph/PXWeb/pxweb/en/DB/DB__1F__FY/0041F3DF02A.px"
"....City of Las Piñas 1/, 2/, a/, b/, c/","Standard Error","2021","0.8","","2026-08-03T13-49-16-ffb070b97929","https://openstat.psa.gov.ph/PXWeb/pxweb/en/DB/DB__1F__FY/0041F3DF02A.px"
"....City of Las Piñas 1/, 2/, a/, b/, c/","Standard Error","2023","0.4","","2026-08-03T13-49-16-ffb070b97929","https://openstat.psa.gov.ph/PXWeb/pxweb/en/DB/DB__1F__FY/0041F3DF02A.px"
"....City of Las Piñas 1/, 2/, a/, b/, c/","95% Confidence Interval (Lower Limit)","2018","0.6","","2026-08-03T13-49-16-ffb070b97929","https://openstat.psa.gov.ph/PXWeb/pxweb/en/DB/DB__1F__FY/0041F3DF02A.px"
"....City of Las Piñas 1/, 2/, a/, b/, c/","95% Confidence Interval (Lower Limit)","2021","2.4","","2026-08-03T13-49-16-ffb070b97929","https://openstat.psa.gov.ph/PXWeb/pxweb/en/DB/DB__1F__FY/0041F3DF02A.px"
"....City of Las Piñas 1/, 2/, a/, b/, c/","95% Confidence Interval (Lower Limit)","2023","0.4","","2026-08-03T13-49-16-ffb070b97929","https://openstat.psa.gov.ph/PXWeb/pxweb/en/DB/DB__1F__FY/0041F3DF02A.px"
"....City of Las Piñas 1/, 2/, a/, b/, c/","95% Confidence Interval (Upper Limit)","2018","2.7","","2026-08-03T13-49-16-ffb070b97929","https://openstat.psa.gov.ph/PXWeb/pxweb/en/DB/DB__1F__FY/0041F3DF02A.px"
"....City of Las Piñas 1/, 2/, a/, b/, c/","95% Confidence Interval (Upper Limit)","2021","5.4","","2026-08-03T13-49-16-ffb070b97929","https://openstat.psa.gov.ph/PXWeb/pxweb/en/DB/DB__1F__FY/0041F3DF02A.px"
"....City of Las Piñas 1/, 2/, a/, b/, c/","95% Confidence Interval (Upper Limit)","2023","2.1","","2026-08-03T13-49-16-ffb070b97929","https://openstat.psa.gov.ph/PXWeb/pxweb/en/DB/DB__1F__FY/0041F3DF02A.px"
"....City of Makati 1/, a/, b/, c/","Annual Per Capita Poverty Threshold (in PhP)","2018","28682.27","","2026-08-03T13-49-16-ffb070b97929","https://openstat.psa.gov.ph/PXWeb/pxweb/en/DB/DB__1F__FY/0041F3DF02A.px"
"....City of Makati 1/, a/, b/, c/","Annual Per Capita Poverty Threshold (in PhP)","2021","32977.94","","2026-08-03T13-49-16-ffb070b97929","https://openstat.psa.gov.ph/PXWeb/pxweb/en/DB/DB__1F__FY/0041F3DF02A.px"
"....City of Makati 1/, a/, b/, c/","Annual Per Capita Poverty Threshold (in PhP)","2023","37710.94","","2026-08-03T13-49-16-ffb070b97929","https://openstat.psa.gov.ph/PXWeb/pxweb/en/DB/DB__1F__FY/0041F3DF02A.px"
"....City of Makati 1/, a/, b/, c/","Poverty Incidence among Population (%)","2018","0.3","","2026-08-03T13-49-16-ffb070b97929","https://openstat.psa.gov.ph/PXWeb/pxweb/en/DB/DB__1F__FY/0041F3DF02A.px"
"....City of Makati 1/, a/, b/, c/","Poverty Incidence among Population (%)","2021","1.5","","2026-08-03T13-49-16-ffb070b97929","https://openstat.psa.gov.ph/PXWeb/pxweb/en/DB/DB__1F__FY/0041F3DF02A.px"
"....City of Makati 1/, a/, b/, c/","Poverty Incidence among Population (%)","2023","1","","2026-08-03T13-49-16-ffb070b97929","https://openstat.psa.gov.ph/PXWeb/pxweb/en/DB/DB__1F__FY/0041F3DF02A.px"
"....City of Makati 1/, a/, b/, c/","Coefficient of Variation","2018","73","","2026-08-03T13-49-16-ffb070b97929","https://openstat.psa.gov.ph/PXWeb/pxweb/en/DB/DB__1F__FY/0041F3DF02A.px"
"....City of Makati 1/, a/, b/, c/","Coefficient of Variation","2021","36.9","","2026-08-03T13-49-16-ffb070b97929","https://openstat.psa.gov.ph/PXWeb/pxweb/en/DB/DB__1F__FY/0041F3DF02A.px"
"....City of Makati 1/, a/, b/, c/","Coefficient of Variation","2023","52.3","","2026-08-03T13-49-16-ffb070b97929","https://openstat.psa.gov.ph/PXWeb/pxweb/en/DB/DB__1F__FY/0041F3DF02A.px"
"....City of Makati 1/, a/, b/, c/","Standard Error","2018","0.2","","2026-08-03T13-49-16-ffb070b97929","https://openstat.psa.gov.ph/PXWeb/pxweb/en/DB/DB__1F__FY/0041F3DF02A.px"
"....City of Makati 1/, a/, b/, c/","Standard Error","2021","0.5","","2026-08-03T13-49-16-ffb070b97929","https://openstat.psa.gov.ph/PXWeb/pxweb/en/DB/DB__1F__FY/0041F3DF02A.px"
"....City of Makati 1/, a/, b/, c/","Standard Error","2023","0.5","","2026-08-03T13-49-16-ffb070b97929","https://openstat.psa.gov.ph/PXWeb/pxweb/en/DB/DB__1F__FY/0041F3DF02A.px"
"....City of Makati 1/, a/, b/, c/","95% Confidence Interval (Lower Limit)","2018","0","","2026-08-03T13-49-16-ffb070b97929","https://openstat.psa.gov.ph/PXWeb/pxweb/en/DB/DB__1F__FY/0041F3DF02A.px"
"....City of Makati 1/, a/, b/, c/","95% Confidence Interval (Lower Limit)","2021","0.4","","2026-08-03T13-49-16-ffb070b97929","https://openstat.psa.gov.ph/PXWeb/pxweb/en/DB/DB__1F__FY/0041F3DF02A.px"
"....City of Makati 1/, a/, b/, c/","95% Confidence Interval (Lower Limit)","2023","0","","2026-08-03T13-49-16-ffb070b97929","https://openstat.psa.gov.ph/PXWeb/pxweb/en/DB/DB__1F__FY/0041F3DF02A.px"
"....City of Makati 1/, a/, b/, c/","95% Confidence Interval (Upper Limit)","2018","0.7","","2026-08-03T13-49-16-ffb070b97929","https://openstat.psa.gov.ph/PXWeb/pxweb/en/DB/DB__1F__FY/0041F3DF02A.px"
"....City of Makati 1/, a/, b/, c/","95% Confidence Interval (Upper Limit)","2021","2.5","","2026-08-03T13-49-16-ffb070b97929","https://openstat.psa.gov.ph/PXWeb/pxweb/en/DB/DB__1F__FY/0041F3DF02A.px"
"....City of Makati 1/, a/, b/, c/","95% Confidence Interval (Upper Limit)","2023","2.1","","2026-08-03T13-49-16-ffb070b97929","https://openstat.psa.gov.ph/PXWeb/pxweb/en/DB/DB__1F__FY/0041F3DF02A.px"
"....City of Muntinlupa 1/, 2/, 3/, a/, b/, c/","Annual Per Capita Poverty Threshold (in PhP)","2018","28682.27","","2026-08-03T13-49-16-ffb070b97929","https://openstat.psa.gov.ph/PXWeb/pxweb/en/DB/DB__1F__FY/0041F3DF02A.px"
"....City of Muntinlupa 1/, 2/, 3/, a/, b/, c/","Annual Per Capita Poverty Threshold (in PhP)","2021","32977.94","","2026-08-03T13-49-16-ffb070b97929","https://openstat.psa.gov.ph/PXWeb/pxweb/en/DB/DB__1F__FY/0041F3DF02A.px"
"....City of Muntinlupa 1/, 2/, 3/, a/, b/, c/","Annual Per Capita Poverty Threshold (in PhP)","2023","37710.94","","2026-08-03T13-49-16-ffb070b97929","https://openstat.psa.gov.ph/PXWeb/pxweb/en/DB/DB__1F__FY/0041F3DF02A.px"
"....City of Muntinlupa 1/, 2/, 3/, a/, b/, c/","Poverty Incidence among Population (%)","2018","1.1","","2026-08-03T13-49-16-ffb070b97929","https://openstat.psa.gov.ph/PXWeb/pxweb/en/DB/DB__1F__FY/0041F3DF02A.px"
"....City of Muntinlupa 1/, 2/, 3/, a/, b/, c/","Poverty Incidence among Population (%)","2021","2.5","","2026-08-03T13-49-16-ffb070b97929","https://openstat.psa.gov.ph/PXWeb/pxweb/en/DB/DB__1F__FY/0041F3DF02A.px"
"....City of Muntinlupa 1/, 2/, 3/, a/, b/, c/","Poverty Incidence among Population (%)","2023","0.1","","2026-08-03T13-49-16-ffb070b97929","https://openstat.psa.gov.ph/PXWeb/pxweb/en/DB/DB__1F__FY/0041F3DF02A.px"
"....City of Muntinlupa 1/, 2/, 3/, a/, b/, c/","Coefficient of Variation","2018","31.6","","2026-08-03T13-49-16-ffb070b97929","https://openstat.psa.gov.ph/PXWeb/pxweb/en/DB/DB__1F__FY/0041F3DF02A.px"
"....City of Muntinlupa 1/, 2/, 3/, a/, b/, c/","Coefficient of Variation","2021","23","","2026-08-03T13-49-16-ffb070b97929","https://openstat.psa.gov.ph/PXWeb/pxweb/en/DB/DB__1F__FY/0041F3DF02A.px"
"....City of Muntinlupa 1/, 2/, 3/, a/, b/, c/","Coefficient of Variation","2023","100","","2026-08-03T13-49-16-ffb070b97929","https://openstat.psa.gov.ph/PXWeb/pxweb/en/DB/DB__1F__FY/0041F3DF02A.px"
"....City of Muntinlupa 1/, 2/, 3/, a/, b/, c/","Standard Error","2018","0.4","","2026-08-03T13-49-16-ffb070b97929","https://openstat.psa.gov.ph/PXWeb/pxweb/en/DB/DB__1F__FY/0041F3DF02A.px"
"....City of Muntinlupa 1/, 2/, 3/, a/, b/, c/","Standard Error","2021","0.6","","2026-08-03T13-49-16-ffb070b97929","https://openstat.psa.gov.ph/PXWeb/pxweb/en/DB/DB__1F__FY/0041F3DF02A.px"
"....City of Muntinlupa 1/, 2/, 3/, a/, b/, c/","Standard Error","2023","0.1","","2026-08-03T13-49-16-ffb070b97929","https://openstat.psa.gov.ph/PXWeb/pxweb/en/DB/DB__1F__FY/0041F3DF02A.px"
"....City of Muntinlupa 1/, 2/, 3/, a/, b/, c/","95% Confidence Interval (Lower Limit)","2018","0.4","","2026-08-03T13-49-16-ffb070b97929","https://openstat.psa.gov.ph/PXWeb/pxweb/en/DB/DB__1F__FY/0041F3DF02A.px"
"....City of Muntinlupa 1/, 2/, 3/, a/, b/, c/","95% Confidence Interval (Lower Limit)","2021","1.4","","2026-08-03T13-49-16-ffb070b97929","https://openstat.psa.gov.ph/PXWeb/pxweb/en/DB/DB__1F__FY/0041F3DF02A.px"
"....City of Muntinlupa 1/, 2/, 3/, a/, b/, c/","95% Confidence Interval (Lower Limit)","2023","0","","2026-08-03T13-49-16-ffb070b97929","https://openstat.psa.gov.ph/PXWeb/pxweb/en/DB/DB__1F__FY/0041F3DF02A.px"
"....City of Muntinlupa 1/, 2/, 3/, a/, b/, c/","95% Confidence Interval (Upper Limit)","2018","1.9","","2026-08-03T13-49-16-ffb070b97929","https://openstat.psa.gov.ph/PXWeb/pxweb/en/DB/DB__1F__FY/0041F3DF02A.px"
"....City of Muntinlupa 1/, 2/, 3/, a/, b/, c/","95% Confidence Interval (Upper Limit)","2021","3.7","","2026-08-03T13-49-16-ffb070b97929","https://openstat.psa.gov.ph/PXWeb/pxweb/en/DB/DB__1F__FY/0041F3DF02A.px"
"....City of Muntinlupa 1/, 2/, 3/, a/, b/, c/","95% Confidence Interval (Upper Limit)","2023","0.4","","2026-08-03T13-49-16-ffb070b97929","https://openstat.psa.gov.ph/PXWeb/pxweb/en/DB/DB__1F__FY/0041F3DF02A.px"
"....City of Parañaque 1/, 2/, a/, b/, c/","Annual Per Capita Poverty Threshold (in PhP)","2018","28682.27","","2026-08-03T13-49-16-ffb070b97929","https://openstat.psa.gov.ph/PXWeb/pxweb/en/DB/DB__1F__FY/0041F3DF02A.px"
"....City of Parañaque 1/, 2/, a/, b/, c/","Annual Per Capita Poverty Threshold (in PhP)","2021","32977.94","","2026-08-03T13-49-16-ffb070b97929","https://openstat.psa.gov.ph/PXWeb/pxweb/en/DB/DB__1F__FY/0041F3DF02A.px"
"....City of Parañaque 1/, 2/, a/, b/, c/","Annual Per Capita Poverty Threshold (in PhP)","2023","37710.94","","2026-08-03T13-49-16-ffb070b97929","https://openstat.psa.gov.ph/PXWeb/pxweb/en/DB/DB__1F__FY/0041F3DF02A.px"
"....City of Parañaque 1/, 2/, a/, b/, c/","Poverty Incidence among Population (%)","2018","0.9","","2026-08-03T13-49-16-ffb070b97929","https://openstat.psa.gov.ph/PXWeb/pxweb/en/DB/DB__1F__FY/0041F3DF02A.px"
"....City of Parañaque 1/, 2/, a/, b/, c/","Poverty Incidence among Population (%)","2021","4.3","","2026-08-03T13-49-16-ffb070b97929","https://openstat.psa.gov.ph/PXWeb/pxweb/en/DB/DB__1F__FY/0041F3DF02A.px"
"....City of Parañaque 1/, 2/, a/, b/, c/","Poverty Incidence among Population (%)","2023","0.9","","2026-08-03T13-49-16-ffb070b97929","https://openstat.psa.gov.ph/PXWeb/pxweb/en/DB/DB__1F__FY/0041F3DF02A.px"
"....City of Parañaque 1/, 2/, a/, b/, c/","Coefficient of Variation","2018","45.8","","2026-08-03T13-49-16-ffb070b97929","https://openstat.psa.gov.ph/PXWeb/pxweb/en/DB/DB__1F__FY/0041F3DF02A.px"
"....City of Parañaque 1/, 2/, a/, b/, c/","Coefficient of Variation","2021","23.3","","2026-08-03T13-49-16-ffb070b97929","https://openstat.psa.gov.ph/PXWeb/pxweb/en/DB/DB__1F__FY/0041F3DF02A.px"
"....City of Parañaque 1/, 2/, a/, b/, c/","Coefficient of Variation","2023","48.2","","2026-08-03T13-49-16-ffb070b97929","https://openstat.psa.gov.ph/PXWeb/pxweb/en/DB/DB__1F__FY/0041F3DF02A.px"
"....City of Parañaque 1/, 2/, a/, b/, c/","Standard Error","2018","0.4","","2026-08-03T13-49-16-ffb070b97929","https://openstat.psa.gov.ph/PXWeb/pxweb/en/DB/DB__1F__FY/0041F3DF02A.px"
"....City of Parañaque 1/, 2/, a/, b/, c/","Standard Error","2021","1","","2026-08-03T13-49-16-ffb070b97929","https://openstat.psa.gov.ph/PXWeb/pxweb/en/DB/DB__1F__FY/0041F3DF02A.px"
"....City of Parañaque 1/, 2/, a/, b/, c/","Standard Error","2023","0.5","","2026-08-03T13-49-16-ffb070b97929","https://openstat.psa.gov.ph/PXWeb/pxweb/en/DB/DB__1F__FY/0041F3DF02A.px"
"....City of Parañaque 1/, 2/, a/, b/, c/","95% Confidence Interval (Lower Limit)","2018","0.1","","2026-08-03T13-49-16-ffb070b97929","https://openstat.psa.gov.ph/PXWeb/pxweb/en/DB/DB__1F__FY/0041F3DF02A.px"
"....City of Parañaque 1/, 2/, a/, b/, c/","95% Confidence Interval (Lower Limit)","2021","2.4","","2026-08-03T13-49-16-ffb070b97929","https://openstat.psa.gov.ph/PXWeb/pxweb/en/DB/DB__1F__FY/0041F3DF02A.px"
"....City of Parañaque 1/, 2/, a/, b/, c/","95% Confidence Interval (Lower Limit)","2023","0.1","","2026-08-03T13-49-16-ffb070b97929","https://openstat.psa.gov.ph/PXWeb/pxweb/en/DB/DB__1F__FY/0041F3DF02A.px"
"....City of Parañaque 1/, 2/, a/, b/, c/","95% Confidence Interval (Upper Limit)","2018","1.6","","2026-08-03T13-49-16-ffb070b97929","https://openstat.psa.gov.ph/PXWeb/pxweb/en/DB/DB__1F__FY/0041F3DF02A.px"
"....City of Parañaque 1/, 2/, a/, b/, c/","95% Confidence Interval (Upper Limit)","2021","6.3","","2026-08-03T13-49-16-ffb070b97929","https://openstat.psa.gov.ph/PXWeb/pxweb/en/DB/DB__1F__FY/0041F3DF02A.px"
"....City of Parañaque 1/, 2/, a/, b/, c/","95% Confidence Interval (Upper Limit)","2023","1.8","","2026-08-03T13-49-16-ffb070b97929","https://openstat.psa.gov.ph/PXWeb/pxweb/en/DB/DB__1F__FY/0041F3DF02A.px"
"....Pasay City 2/, 3/, a/, b/, c/","Annual Per Capita Poverty Threshold (in PhP)","2018","28682.27","","2026-08-03T13-49-16-ffb070b97929","https://openstat.psa.gov.ph/PXWeb/pxweb/en/DB/DB__1F__FY/0041F3DF02A.px"
"....Pasay City 2/, 3/, a/, b/, c/","Annual Per Capita Poverty Threshold (in PhP)","2021","32977.94","","2026-08-03T13-49-16-ffb070b97929","https://openstat.psa.gov.ph/PXWeb/pxweb/en/DB/DB__1F__FY/0041F3DF02A.px"
"....Pasay City 2/, 3/, a/, b/, c/","Annual Per Capita Poverty Threshold (in PhP)","2023","37710.94","","2026-08-03T13-49-16-ffb070b97929","https://openstat.psa.gov.ph/PXWeb/pxweb/en/DB/DB__1F__FY/0041F3DF02A.px"
"....Pasay City 2/, 3/, a/, b/, c/","Poverty Incidence among Population (%)","2018","2.1","","2026-08-03T13-49-16-ffb070b97929","https://openstat.psa.gov.ph/PXWeb/pxweb/en/DB/DB__1F__FY/0041F3DF02A.px"
"....Pasay City 2/, 3/, a/, b/, c/","Poverty Incidence among Population (%)","2021","4","","2026-08-03T13-49-16-ffb070b97929","https://openstat.psa.gov.ph/PXWeb/pxweb/en/DB/DB__1F__FY/0041F3DF02A.px"
"....Pasay City 2/, 3/, a/, b/, c/","Poverty Incidence among Population (%)","2023","0.7","","2026-08-03T13-49-16-ffb070b97929","https://openstat.psa.gov.ph/PXWeb/pxweb/en/DB/DB__1F__FY/0041F3DF02A.px"
"....Pasay City 2/, 3/, a/, b/, c/","Coefficient of Variation","2018","23.8","","2026-08-03T13-49-16-ffb070b97929","https://openstat.psa.gov.ph/PXWeb/pxweb/en/DB/DB__1F__FY/0041F3DF02A.px"
"....Pasay City 2/, 3/, a/, b/, c/","Coefficient of Variation","2021","22.4","","2026-08-03T13-49-16-ffb070b97929","https://openstat.psa.gov.ph/PXWeb/pxweb/en/DB/DB__1F__FY/0041F3DF02A.px"
"....Pasay City 2/, 3/, a/, b/, c/","Coefficient of Variation","2023","66.9","","2026-08-03T13-49-16-ffb070b97929","https://openstat.psa.gov.ph/PXWeb/pxweb/en/DB/DB__1F__FY/0041F3DF02A.px"
"....Pasay City 2/, 3/, a/, b/, c/","Standard Error","2018","0.5","","2026-08-03T13-49-16-ffb070b97929","https://openstat.psa.gov.ph/PXWeb/pxweb/en/DB/DB__1F__FY/0041F3DF02A.px"
"....Pasay City 2/, 3/, a/, b/, c/","Standard Error","2021","0.9","","2026-08-03T13-49-16-ffb070b97929","https://openstat.psa.gov.ph/PXWeb/pxweb/en/DB/DB__1F__FY/0041F3DF02A.px"
"....Pasay City 2/, 3/, a/, b/, c/","Standard Error","2023","0.5","","2026-08-03T13-49-16-ffb070b97929","https://openstat.psa.gov.ph/PXWeb/pxweb/en/DB/DB__1F__FY/0041F3DF02A.px"
"....Pasay City 2/, 3/, a/, b/, c/","95% Confidence Interval (Lower Limit)","2018","1.1","","2026-08-03T13-49-16-ffb070b97929","https://openstat.psa.gov.ph/PXWeb/pxweb/en/DB/DB__1F__FY/0041F3DF02A.px"
"....Pasay City 2/, 3/, a/, b/, c/","95% Confidence Interval (Lower Limit)","2021","2.2","","2026-08-03T13-49-16-ffb070b97929","https://openstat.psa.gov.ph/PXWeb/pxweb/en/DB/DB__1F__FY/0041F3DF02A.px"
"....Pasay City 2/, 3/, a/, b/, c/","95% Confidence Interval (Lower Limit)","2023","0","","2026-08-03T13-49-16-ffb070b97929","https://openstat.psa.gov.ph/PXWeb/pxweb/en/DB/DB__1F__FY/0041F3DF02A.px"
"....Pasay City 2/, 3/, a/, b/, c/","95% Confidence Interval (Upper Limit)","2018","3","","2026-08-03T13-49-16-ffb070b97929","https://openstat.psa.gov.ph/PXWeb/pxweb/en/DB/DB__1F__FY/0041F3DF02A.px"
"....Pasay City 2/, 3/, a/, b/, c/","95% Confidence Interval (Upper Limit)","2021","5.7","","2026-08-03T13-49-16-ffb070b97929","https://openstat.psa.gov.ph/PXWeb/pxweb/en/DB/DB__1F__FY/0041F3DF02A.px"
"....Pasay City 2/, 3/, a/, b/, c/","95% Confidence Interval (Upper Limit)","2023","1.6","","2026-08-03T13-49-16-ffb070b97929","https://openstat.psa.gov.ph/PXWeb/pxweb/en/DB/DB__1F__FY/0041F3DF02A.px"
"....Pateros 2/, a/, b/, c/","Annual Per Capita Poverty Threshold (in PhP)","2018","28682.27","","2026-08-03T13-49-16-ffb070b97929","https://openstat.psa.gov.ph/PXWeb/pxweb/en/DB/DB__1F__FY/0041F3DF02A.px"
"....Pateros 2/, a/, b/, c/","Annual Per Capita Poverty Threshold (in PhP)","2021","32977.94","","2026-08-03T13-49-16-ffb070b97929","https://openstat.psa.gov.ph/PXWeb/pxweb/en/DB/DB__1F__FY/0041F3DF02A.px"
"....Pateros 2/, a/, b/, c/","Annual Per Capita Poverty Threshold (in PhP)","2023","37710.94","","2026-08-03T13-49-16-ffb070b97929","https://openstat.psa.gov.ph/PXWeb/pxweb/en/DB/DB__1F__FY/0041F3DF02A.px"
"....Pateros 2/, a/, b/, c/","Poverty Incidence among Population (%)","2018","2.5","","2026-08-03T13-49-16-ffb070b97929","https://openstat.psa.gov.ph/PXWeb/pxweb/en/DB/DB__1F__FY/0041F3DF02A.px"
"....Pateros 2/, a/, b/, c/","Poverty Incidence among Population (%)","2021","4.5","","2026-08-03T13-49-16-ffb070b97929","https://openstat.psa.gov.ph/PXWeb/pxweb/en/DB/DB__1F__FY/0041F3DF02A.px"
"....Pateros 2/, a/, b/, c/","Poverty Incidence among Population (%)","2023","1.4","","2026-08-03T13-49-16-ffb070b97929","https://openstat.psa.gov.ph/PXWeb/pxweb/en/DB/DB__1F__FY/0041F3DF02A.px"
"....Pateros 2/, a/, b/, c/","Coefficient of Variation","2018","40","","2026-08-03T13-49-16-ffb070b97929","https://openstat.psa.gov.ph/PXWeb/pxweb/en/DB/DB__1F__FY/0041F3DF02A.px"
"....Pateros 2/, a/, b/, c/","Coefficient of Variation","2021","23.6","","2026-08-03T13-49-16-ffb070b97929","https://openstat.psa.gov.ph/PXWeb/pxweb/en/DB/DB__1F__FY/0041F3DF02A.px"
"....Pateros 2/, a/, b/, c/","Coefficient of Variation","2023","48.9","","2026-08-03T13-49-16-ffb070b97929","https://openstat.psa.gov.ph/PXWeb/pxweb/en/DB/DB__1F__FY/0041F3DF02A.px"
"....Pateros 2/, a/, b/, c/","Standard Error","2018","1","","2026-08-03T13-49-16-ffb070b97929","https://openstat.psa.gov.ph/PXWeb/pxweb/en/DB/DB__1F__FY/0041F3DF02A.px"
"....Pateros 2/, a/, b/, c/","Standard Error","2021","1.1","","2026-08-03T13-49-16-ffb070b97929","https://openstat.psa.gov.ph/PXWeb/pxweb/en/DB/DB__1F__FY/0041F3DF02A.px"
"....Pateros 2/, a/, b/, c/","Standard Error","2023","0.7","","2026-08-03T13-49-16-ffb070b97929","https://openstat.psa.gov.ph/PXWeb/pxweb/en/DB/DB__1F__FY/0041F3DF02A.px"
"....Pateros 2/, a/, b/, c/","95% Confidence Interval (Lower Limit)","2018","0.5","","2026-08-03T13-49-16-ffb070b97929","https://openstat.psa.gov.ph/PXWeb/pxweb/en/DB/DB__1F__FY/0041F3DF02A.px"
"....Pateros 2/, a/, b/, c/","95% Confidence Interval (Lower Limit)","2021","2.4","","2026-08-03T13-49-16-ffb070b97929","https://openstat.psa.gov.ph/PXWeb/pxweb/en/DB/DB__1F__FY/0041F3DF02A.px"
"....Pateros 2/, a/, b/, c/","95% Confidence Interval (Lower Limit)","2023","0.1","","2026-08-03T13-49-16-ffb070b97929","https://openstat.psa.gov.ph/PXWeb/pxweb/en/DB/DB__1F__FY/0041F3DF02A.px"
"....Pateros 2/, a/, b/, c/","95% Confidence Interval (Upper Limit)","2018","4.5","","2026-08-03T13-49-16-ffb070b97929","https://openstat.psa.gov.ph/PXWeb/pxweb/en/DB/DB__1F__FY/0041F3DF02A.px"
"....Pateros 2/, a/, b/, c/","95% Confidence Interval (Upper Limit)","2021","6.5","","2026-08-03T13-49-16-ffb070b97929","https://openstat.psa.gov.ph/PXWeb/pxweb/en/DB/DB__1F__FY/0041F3DF02A.px"
"....Pateros 2/, a/, b/, c/","95% Confidence Interval (Upper Limit)","2023","2.7","","2026-08-03T13-49-16-ffb070b97929","https://openstat.psa.gov.ph/PXWeb/pxweb/en/DB/DB__1F__FY/0041F3DF02A.px"
"....City of Taguig 1/, 2/, 3/, a/, b/, c/","Annual Per Capita Poverty Threshold (in PhP)","2018","28682.27","","2026-08-03T13-49-16-ffb070b97929","https://openstat.psa.gov.ph/PXWeb/pxweb/en/DB/DB__1F__FY/0041F3DF02A.px"
"....City of Taguig 1/, 2/, 3/, a/, b/, c/","Annual Per Capita Poverty Threshold (in PhP)","2021","32977.94","","2026-08-03T13-49-16-ffb070b97929","https://openstat.psa.gov.ph/PXWeb/pxweb/en/DB/DB__1F__FY/0041F3DF02A.px"
"....City of Taguig 1/, 2/, 3/, a/, b/, c/","Annual Per Capita Poverty Threshold (in PhP)","2023","37710.94","","2026-08-03T13-49-16-ffb070b97929","https://openstat.psa.gov.ph/PXWeb/pxweb/en/DB/DB__1F__FY/0041F3DF02A.px"
"....City of Taguig 1/, 2/, 3/, a/, b/, c/","Poverty Incidence among Population (%)","2018","0.8","","2026-08-03T13-49-16-ffb070b97929","https://openstat.psa.gov.ph/PXWeb/pxweb/en/DB/DB__1F__FY/0041F3DF02A.px"
"....City of Taguig 1/, 2/, 3/, a/, b/, c/","Poverty Incidence among Population (%)","2021","6.5","","2026-08-03T13-49-16-ffb070b97929","https://openstat.psa.gov.ph/PXWeb/pxweb/en/DB/DB__1F__FY/0041F3DF02A.px"
"....City of Taguig 1/, 2/, 3/, a/, b/, c/","Poverty Incidence among Population (%)","2023","3.2","","2026-08-03T13-49-16-ffb070b97929","https://openstat.psa.gov.ph/PXWeb/pxweb/en/DB/DB__1F__FY/0041F3DF02A.px"
"....City of Taguig 1/, 2/, 3/, a/, b/, c/","Coefficient of Variation","2018","45.4","","2026-08-03T13-49-16-ffb070b97929","https://openstat.psa.gov.ph/PXWeb/pxweb/en/DB/DB__1F__FY/0041F3DF02A.px"
"....City of Taguig 1/, 2/, 3/, a/, b/, c/","Coefficient of Variation","2021","14.1","","2026-08-03T13-49-16-ffb070b97929","https://openstat.psa.gov.ph/PXWeb/pxweb/en/DB/DB__1F__FY/0041F3DF02A.px"
"....City of Taguig 1/, 2/, 3/, a/, b/, c/","Coefficient of Variation","2023","23.6","","2026-08-03T13-49-16-ffb070b97929","https://openstat.psa.gov.ph/PXWeb/pxweb/en/DB/DB__1F__FY/0041F3DF02A.px"
"....City of Taguig 1/, 2/, 3/, a/, b/, c/","Standard Error","2018","0.3","","2026-08-03T13-49-16-ffb070b97929","https://openstat.psa.gov.ph/PXWeb/pxweb/en/DB/DB__1F__FY/0041F3DF02A.px"
"....City of Taguig 1/, 2/, 3/, a/, b/, c/","Standard Error","2021","0.9","","2026-08-03T13-49-16-ffb070b97929","https://openstat.psa.gov.ph/PXWeb/pxweb/en/DB/DB__1F__FY/0041F3DF02A.px"
"....City of Taguig 1/, 2/, 3/, a/, b/, c/","Standard Error","2023","0.8","","2026-08-03T13-49-16-ffb070b97929","https://openstat.psa.gov.ph/PXWeb/pxweb/en/DB/DB__1F__FY/0041F3DF02A.px"
"....City of Taguig 1/, 2/, 3/, a/, b/, c/","95% Confidence Interval (Lower Limit)","2018","0.1","","2026-08-03T13-49-16-ffb070b97929","https://openstat.psa.gov.ph/PXWeb/pxweb/en/DB/DB__1F__FY/0041F3DF02A.px"
"....City of Taguig 1/, 2/, 3/, a/, b/, c/","95% Confidence Interval (Lower Limit)","2021","4.7","","2026-08-03T13-49-16-ffb070b97929","https://openstat.psa.gov.ph/PXWeb/pxweb/en/DB/DB__1F__FY/0041F3DF02A.px"
"....City of Taguig 1/, 2/, 3/, a/, b/, c/","95% Confidence Interval (Lower Limit)","2023","1.7","","2026-08-03T13-49-16-ffb070b97929","https://openstat.psa.gov.ph/PXWeb/pxweb/en/DB/DB__1F__FY/0041F3DF02A.px"
"....City of Taguig 1/, 2/, 3/, a/, b/, c/","95% Confidence Interval (Upper Limit)","2018","1.4","","2026-08-03T13-49-16-ffb070b97929","https://openstat.psa.gov.ph/PXWeb/pxweb/en/DB/DB__1F__FY/0041F3DF02A.px"
"....City of Taguig 1/, 2/, 3/, a/, b/, c/","95% Confidence Interval (Upper Limit)","2021","8.3","","2026-08-03T13-49-16-ffb070b97929","https://openstat.psa.gov.ph/PXWeb/pxweb/en/DB/DB__1F__FY/0041F3DF02A.px"
"....City of Taguig 1/, 2/, 3/, a/, b/, c/","95% Confidence Interval (Upper Limit)","2023","4.7","","2026-08-03T13-49-16-ffb070b97929","https://openstat.psa.gov.ph/PXWeb/pxweb/en/DB/DB__1F__FY/0041F3DF02A.px"
"..Cordillera Administrative Region (CAR) 1/, 2/, 3/","Annual Per Capita Poverty Threshold (in PhP)","2018","24906.73","","2026-08-03T13-49-16-ffb070b97929","https://openstat.psa.gov.ph/PXWeb/pxweb/en/DB/DB__1F__FY/0041F3DF02A.px"
"..Cordillera Administrative Region (CAR) 1/, 2/, 3/","Annual Per Capita Poverty Threshold (in PhP)","2021","28304.1","","2026-08-03T13-49-16-ffb070b97929","https://openstat.psa.gov.ph/PXWeb/pxweb/en/DB/DB__1F__FY/0041F3DF02A.px"
"..Cordillera Administrative Region (CAR) 1/, 2/, 3/","Annual Per Capita Poverty Threshold (in PhP)","2023","31773.77","","2026-08-03T13-49-16-ffb070b97929","https://openstat.psa.gov.ph/PXWeb/pxweb/en/DB/DB__1F__FY/0041F3DF02A.px"
"..Cordillera Administrative Region (CAR) 1/, 2/, 3/","Poverty Incidence among Population (%)","2018","12","","2026-08-03T13-49-16-ffb070b97929","https://openstat.psa.gov.ph/PXWeb/pxweb/en/DB/DB__1F__FY/0041F3DF02A.px"
"..Cordillera Administrative Region (CAR) 1/, 2/, 3/","Poverty Incidence among Population (%)","2021","9.9","","2026-08-03T13-49-16-ffb070b97929","https://openstat.psa.gov.ph/PXWeb/pxweb/en/DB/DB__1F__FY/0041F3DF02A.px"
"..Cordillera Administrative Region (CAR) 1/, 2/, 3/","Poverty Incidence among Population (%)","2023","7","","2026-08-03T13-49-16-ffb070b97929","https://openstat.psa.gov.ph/PXWeb/pxweb/en/DB/DB__1F__FY/0041F3DF02A.px"
"..Cordillera Administrative Region (CAR) 1/, 2/, 3/","Coefficient of Variation","2018","5.2","","2026-08-03T13-49-16-ffb070b97929","https://openstat.psa.gov.ph/PXWeb/pxweb/en/DB/DB__1F__FY/0041F3DF02A.px"
"..Cordillera Administrative Region (CAR) 1/, 2/, 3/","Coefficient of Variation","2021","5.2","","2026-08-03T13-49-16-ffb070b97929","https://openstat.psa.gov.ph/PXWeb/pxweb/en/DB/DB__1F__FY/0041F3DF02A.px"
"..Cordillera Administrative Region (CAR) 1/, 2/, 3/","Coefficient of Variation","2023","7.5","","2026-08-03T13-49-16-ffb070b97929","https://openstat.psa.gov.ph/PXWeb/pxweb/en/DB/DB__1F__FY/0041F3DF02A.px"
"..Cordillera Administrative Region (CAR) 1/, 2/, 3/","Standard Error","2018","0.6","","2026-08-03T13-49-16-ffb070b97929","https://openstat.psa.gov.ph/PXWeb/pxweb/en/DB/DB__1F__FY/0041F3DF02A.px"
"..Cordillera Administrative Region (CAR) 1/, 2/, 3/","Standard Error","2021","0.5","","2026-08-03T13-49-16-ffb070b97929","https://openstat.psa.gov.ph/PXWeb/pxweb/en/DB/DB__1F__FY/0041F3DF02A.px"
"..Cordillera Administrative Region (CAR) 1/, 2/, 3/","Standard Error","2023","0.5","","2026-08-03T13-49-16-ffb070b97929","https://openstat.psa.gov.ph/PXWeb/pxweb/en/DB/DB__1F__FY/0041F3DF02A.px"
"..Cordillera Administrative Region (CAR) 1/, 2/, 3/","95% Confidence Interval (Lower Limit)","2018","10.8","","2026-08-03T13-49-16-ffb070b97929","https://openstat.psa.gov.ph/PXWeb/pxweb/en/DB/DB__1F__FY/0041F3DF02A.px"
"..Cordillera Administrative Region (CAR) 1/, 2/, 3/","95% Confidence Interval (Lower Limit)","2021","8.9","","2026-08-03T13-49-16-ffb070b97929","https://openstat.psa.gov.ph/PXWeb/pxweb/en/DB/DB__1F__FY/0041F3DF02A.px"
"..Cordillera Administrative Region (CAR) 1/, 2/, 3/","95% Confidence Interval (Lower Limit)","2023","6","","2026-08-03T13-49-16-ffb070b97929","https://openstat.psa.gov.ph/PXWeb/pxweb/en/DB/DB__1F__FY/0041F3DF02A.px"
"..Cordillera Administrative Region (CAR) 1/, 2/, 3/","95% Confidence Interval (Upper Limit)","2018","13.3","","2026-08-03T13-49-16-ffb070b97929","https://openstat.psa.gov.ph/PXWeb/pxweb/en/DB/DB__1F__FY/0041F3DF02A.px"
"..Cordillera Administrative Region (CAR) 1/, 2/, 3/","95% Confidence Interval (Upper Limit)","2021","10.9","","2026-08-03T13-49-16-ffb070b97929","https://openstat.psa.gov.ph/PXWeb/pxweb/en/DB/DB__1F__FY/0041F3DF02A.px"
"..Cordillera Administrative Region (CAR) 1/, 2/, 3/","95% Confidence Interval (Upper Limit)","2023","8","","2026-08-03T13-49-16-ffb070b97929","https://openstat.psa.gov.ph/PXWeb/pxweb/en/DB/DB__1F__FY/0041F3DF02A.px"
"....Abra 2/, c/","Annual Per Capita Poverty Threshold (in PhP)","2018","23595.71","","2026-08-03T13-49-16-ffb070b97929","https://openstat.psa.gov.ph/PXWeb/pxweb/en/DB/DB__1F__FY/0041F3DF02A.px"
"....Abra 2/, c/","Annual Per Capita Poverty Threshold (in PhP)","2021","29321.36","","2026-08-03T13-49-16-ffb070b97929","https://openstat.psa.gov.ph/PXWeb/pxweb/en/DB/DB__1F__FY/0041F3DF02A.px"
"....Abra 2/, c/","Annual Per Capita Poverty Threshold (in PhP)","2023","30758.62","","2026-08-03T13-49-16-ffb070b97929","https://openstat.psa.gov.ph/PXWeb/pxweb/en/DB/DB__1F__FY/0041F3DF02A.px"
"....Abra 2/, c/","Poverty Incidence among Population (%)","2018","18.6","","2026-08-03T13-49-16-ffb070b97929","https://openstat.psa.gov.ph/PXWeb/pxweb/en/DB/DB__1F__FY/0041F3DF02A.px"
"....Abra 2/, c/","Poverty Incidence among Population (%)","2021","21.5","","2026-08-03T13-49-16-ffb070b97929","https://openstat.psa.gov.ph/PXWeb/pxweb/en/DB/DB__1F__FY/0041F3DF02A.px"
"....Abra 2/, c/","Poverty Incidence among Population (%)","2023","13.7","","2026-08-03T13-49-16-ffb070b97929","https://openstat.psa.gov.ph/PXWeb/pxweb/en/DB/DB__1F__FY/0041F3DF02A.px"
"....Abra 2/, c/","Coefficient of Variation","2018","8.3","","2026-08-03T13-49-16-ffb070b97929","https://openstat.psa.gov.ph/PXWeb/pxweb/en/DB/DB__1F__FY/0041F3DF02A.px"
"....Abra 2/, c/","Coefficient of Variation","2021","8.9","","2026-08-03T13-49-16-ffb070b97929","https://openstat.psa.gov.ph/PXWeb/pxweb/en/DB/DB__1F__FY/0041F3DF02A.px"
"....Abra 2/, c/","Coefficient of Variation","2023","14.7","","2026-08-03T13-49-16-ffb070b97929","https://openstat.psa.gov.ph/PXWeb/pxweb/en/DB/DB__1F__FY/0041F3DF02A.px"
"....Abra 2/, c/","Standard Error","2018","1.6","","2026-08-03T13-49-16-ffb070b97929","https://openstat.psa.gov.ph/PXWeb/pxweb/en/DB/DB__1F__FY/0041F3DF02A.px"
"....Abra 2/, c/","Standard Error","2021","1.9","","2026-08-03T13-49-16-ffb070b97929","https://openstat.psa.gov.ph/PXWeb/pxweb/en/DB/DB__1F__FY/0041F3DF02A.px"
"....Abra 2/, c/","Standard Error","2023","2","","2026-08-03T13-49-16-ffb070b97929","https://openstat.psa.gov.ph/PXWeb/pxweb/en/DB/DB__1F__FY/0041F3DF02A.px"
"....Abra 2/, c/","95% Confidence Interval (Lower Limit)","2018","15.6","","2026-08-03T13-49-16-ffb070b97929","https://openstat.psa.gov.ph/PXWeb/pxweb/en/DB/DB__1F__FY/0041F3DF02A.px"
"....Abra 2/, c/","95% Confidence Interval (Lower Limit)","2021","17.8","","2026-08-03T13-49-16-ffb070b97929","https://openstat.psa.gov.ph/PXWeb/pxweb/en/DB/DB__1F__FY/0041F3DF02A.px"
"....Abra 2/, c/","95% Confidence Interval (Lower Limit)","2023","9.7","","2026-08-03T13-49-16-ffb070b97929","https://openstat.psa.gov.ph/PXWeb/pxweb/en/DB/DB__1F__FY/0041F3DF02A.px"
"....Abra 2/, c/","95% Confidence Interval (Upper Limit)","2018","21.7","","2026-08-03T13-49-16-ffb070b97929","https://openstat.psa.gov.ph/PXWeb/pxweb/en/DB/DB__1F__FY/0041F3DF02A.px"
"....Abra 2/, c/","95% Confidence Interval (Upper Limit)","2021","25.3","","2026-08-03T13-49-16-ffb070b97929","https://openstat.psa.gov.ph/PXWeb/pxweb/en/DB/DB__1F__FY/0041F3DF02A.px"
"....Abra 2/, c/","95% Confidence Interval (Upper Limit)","2023","17.7","","2026-08-03T13-49-16-ffb070b97929","https://openstat.psa.gov.ph/PXWeb/pxweb/en/DB/DB__1F__FY/0041F3DF02A.px"
"....Apayao 1/, 3/, a/, b/, c/","Annual Per Capita Poverty Threshold (in PhP)","2018","23134.8","","2026-08-03T13-49-16-ffb070b97929","https://openstat.psa.gov.ph/PXWeb/pxweb/en/DB/DB__1F__FY/0041F3DF02A.px"
"....Apayao 1/, 3/, a/, b/, c/","Annual Per Capita Poverty Threshold (in PhP)","2021","25693.55","","2026-08-03T13-49-16-ffb070b97929","https://openstat.psa.gov.ph/PXWeb/pxweb/en/DB/DB__1F__FY/0041F3DF02A.px"
"....Apayao 1/, 3/, a/, b/, c/","Annual Per Capita Poverty Threshold (in PhP)","2023","29883.56","","2026-08-03T13-49-16-ffb070b97929","https://openstat.psa.gov.ph/PXWeb/pxweb/en/DB/DB__1F__FY/0041F3DF02A.px"
"....Apayao 1/, 3/, a/, b/, c/","Poverty Incidence among Population (%)","2018","19.7","","2026-08-03T13-49-16-ffb070b97929","https://openstat.psa.gov.ph/PXWeb/pxweb/en/DB/DB__1F__FY/0041F3DF02A.px"
"....Apayao 1/, 3/, a/, b/, c/","Poverty Incidence among Population (%)","2021","6.8","","2026-08-03T13-49-16-ffb070b97929","https://openstat.psa.gov.ph/PXWeb/pxweb/en/DB/DB__1F__FY/0041F3DF02A.px"
"....Apayao 1/, 3/, a/, b/, c/","Poverty Incidence among Population (%)","2023","5.8","","2026-08-03T13-49-16-ffb070b97929","https://openstat.psa.gov.ph/PXWeb/pxweb/en/DB/DB__1F__FY/0041F3DF02A.px"
"....Apayao 1/, 3/, a/, b/, c/","Coefficient of Variation","2018","13.5","","2026-08-03T13-49-16-ffb070b97929","https://openstat.psa.gov.ph/PXWeb/pxweb/en/DB/DB__1F__FY/0041F3DF02A.px"
"....Apayao 1/, 3/, a/, b/, c/","Coefficient of Variation","2021","21","","2026-08-03T13-49-16-ffb070b97929","https://openstat.psa.gov.ph/PXWeb/pxweb/en/DB/DB__1F__FY/0041F3DF02A.px"
"....Apayao 1/, 3/, a/, b/, c/","Coefficient of Variation","2023","26.6","","2026-08-03T13-49-16-ffb070b97929","https://openstat.psa.gov.ph/PXWeb/pxweb/en/DB/DB__1F__FY/0041F3DF02A.px"
"....Apayao 1/, 3/, a/, b/, c/","Standard Error","2018","2.7","","2026-08-03T13-49-16-ffb070b97929","https://openstat.psa.gov.ph/PXWeb/pxweb/en/DB/DB__1F__FY/0041F3DF02A.px"
"....Apayao 1/, 3/, a/, b/, c/","Standard Error","2021","1.4","","2026-08-03T13-49-16-ffb070b97929","https://openstat.psa.gov.ph/PXWeb/pxweb/en/DB/DB__1F__FY/0041F3DF02A.px"
"....Apayao 1/, 3/, a/, b/, c/","Standard Error","2023","1.5","","2026-08-03T13-49-16-ffb070b97929","https://openstat.psa.gov.ph/PXWeb/pxweb/en/DB/DB__1F__FY/0041F3DF02A.px"
"....Apayao 1/, 3/, a/, b/, c/","95% Confidence Interval (Lower Limit)","2018","14.5","","2026-08-03T13-49-16-ffb070b97929","https://openstat.psa.gov.ph/PXWeb/pxweb/en/DB/DB__1F__FY/0041F3DF02A.px"
"....Apayao 1/, 3/, a/, b/, c/","95% Confidence Interval (Lower Limit)","2021","4","","2026-08-03T13-49-16-ffb070b97929","https://openstat.psa.gov.ph/PXWeb/pxweb/en/DB/DB__1F__FY/0041F3DF02A.px"
"....Apayao 1/, 3/, a/, b/, c/","95% Confidence Interval (Lower Limit)","2023","2.8","","2026-08-03T13-49-16-ffb070b97929","https://openstat.psa.gov.ph/PXWeb/pxweb/en/DB/DB__1F__FY/0041F3DF02A.px"
"....Apayao 1/, 3/, a/, b/, c/","95% Confidence Interval (Upper Limit)","2018","24.9","","2026-08-03T13-49-16-ffb070b97929","https://openstat.psa.gov.ph/PXWeb/pxweb/en/DB/DB__1F__FY/0041F3DF02A.px"
"....Apayao 1/, 3/, a/, b/, c/","95% Confidence Interval (Upper Limit)","2021","9.6","","2026-08-03T13-49-16-ffb070b97929","https://openstat.psa.gov.ph/PXWeb/pxweb/en/DB/DB__1F__FY/0041F3DF02A.px"
"....Apayao 1/, 3/, a/, b/, c/","95% Confidence Interval (Upper Limit)","2023","8.8","","2026-08-03T13-49-16-ffb070b97929","https://openstat.psa.gov.ph/PXWeb/pxweb/en/DB/DB__1F__FY/0041F3DF02A.px"
"....Benguet (w/o the City of Baguio) a/, b/, c/","Annual Per Capita Poverty Threshold (in PhP)","2018","24065.35","","2026-08-03T13-49-16-ffb070b97929","https://openstat.psa.gov.ph/PXWeb/pxweb/en/DB/DB__1F__FY/0041F3DF02A.px"
"....Benguet (w/o the City of Baguio) a/, b/, c/","Annual Per Capita Poverty Threshold (in PhP)","2021","27431.82","","2026-08-03T13-49-16-ffb070b97929","https://openstat.psa.gov.ph/PXWeb/pxweb/en/DB/DB__1F__FY/0041F3DF02A.px"
"....Benguet (w/o the City of Baguio) a/, b/, c/","Annual Per Capita Poverty Threshold (in PhP)","2023","31204.73","","2026-08-03T13-49-16-ffb070b97929","https://openstat.psa.gov.ph/PXWeb/pxweb/en/DB/DB__1F__FY/0041F3DF02A.px"
"....Benguet (w/o the City of Baguio) a/, b/, c/","Poverty Incidence among Population (%)","2018","8.8","","2026-08-03T13-49-16-ffb070b97929","https://openstat.psa.gov.ph/PXWeb/pxweb/en/DB/DB__1F__FY/0041F3DF02A.px"
"....Benguet (w/o the City of Baguio) a/, b/, c/","Poverty Incidence among Population (%)","2021","8.5","","2026-08-03T13-49-16-ffb070b97929","https://openstat.psa.gov.ph/PXWeb/pxweb/en/DB/DB__1F__FY/0041F3DF02A.px"
"....Benguet (w/o the City of Baguio) a/, b/, c/","Poverty Incidence among Population (%)","2023","6.4","","2026-08-03T13-49-16-ffb070b97929","https://openstat.psa.gov.ph/PXWeb/pxweb/en/DB/DB__1F__FY/0041F3DF02A.px"
"....Benguet (w/o the City of Baguio) a/, b/, c/","Coefficient of Variation","2018","16.1","","2026-08-03T13-49-16-ffb070b97929","https://openstat.psa.gov.ph/PXWeb/pxweb/en/DB/DB__1F__FY/0041F3DF02A.px"
"....Benguet (w/o the City of Baguio) a/, b/, c/","Coefficient of Variation","2021","11.6","","2026-08-03T13-49-16-ffb070b97929","https://openstat.psa.gov.ph/PXWeb/pxweb/en/DB/DB__1F__FY/0041F3DF02A.px"
"....Benguet (w/o the City of Baguio) a/, b/, c/","Coefficient of Variation","2023","19.4","","2026-08-03T13-49-16-ffb070b97929","https://openstat.psa.gov.ph/PXWeb/pxweb/en/DB/DB__1F__FY/0041F3DF02A.px"
"....Benguet (w/o the City of Baguio) a/, b/, c/","Standard Error","2018","1.4","","2026-08-03T13-49-16-ffb070b97929","https://openstat.psa.gov.ph/PXWeb/pxweb/en/DB/DB__1F__FY/0041F3DF02A.px"
"....Benguet (w/o the City of Baguio) a/, b/, c/","Standard Error","2021","1","","2026-08-03T13-49-16-ffb070b97929","https://openstat.psa.gov.ph/PXWeb/pxweb/en/DB/DB__1F__FY/0041F3DF02A.px"
"....Benguet (w/o the City of Baguio) a/, b/, c/","Standard Error","2023","1.2","","2026-08-03T13-49-16-ffb070b97929","https://openstat.psa.gov.ph/PXWeb/pxweb/en/DB/DB__1F__FY/0041F3DF02A.px"
"....Benguet (w/o the City of Baguio) a/, b/, c/","95% Confidence Interval (Lower Limit)","2018","6","","2026-08-03T13-49-16-ffb070b97929","https://openstat.psa.gov.ph/PXWeb/pxweb/en/DB/DB__1F__FY/0041F3DF02A.px"
"....Benguet (w/o the City of Baguio) a/, b/, c/","95% Confidence Interval (Lower Limit)","2021","6.6","","2026-08-03T13-49-16-ffb070b97929","https://openstat.psa.gov.ph/PXWeb/pxweb/en/DB/DB__1F__FY/0041F3DF02A.px"
"....Benguet (w/o the City of Baguio) a/, b/, c/","95% Confidence Interval (Lower Limit)","2023","4","","2026-08-03T13-49-16-ffb070b97929","https://openstat.psa.gov.ph/PXWeb/pxweb/en/DB/DB__1F__FY/0041F3DF02A.px"
"....Benguet (w/o the City of Baguio) a/, b/, c/","95% Confidence Interval (Upper Limit)","2018","11.6","","2026-08-03T13-49-16-ffb070b97929","https://openstat.psa.gov.ph/PXWeb/pxweb/en/DB/DB__1F__FY/0041F3DF02A.px"
"....Benguet (w/o the City of Baguio) a/, b/, c/","95% Confidence Interval (Upper Limit)","2021","10.5","","2026-08-03T13-49-16-ffb070b97929","https://openstat.psa.gov.ph/PXWeb/pxweb/en/DB/DB__1F__FY/0041F3DF02A.px"
"....Benguet (w/o the City of Baguio) a/, b/, c/","95% Confidence Interval (Upper Limit)","2023","8.9","","2026-08-03T13-49-16-ffb070b97929","https://openstat.psa.gov.ph/PXWeb/pxweb/en/DB/DB__1F__FY/0041F3DF02A.px"
"....City of Baguio 3/, a/, b/, c/","Annual Per Capita Poverty Threshold (in PhP)","2018","24620.14","","2026-08-03T13-49-16-ffb070b97929","https://openstat.psa.gov.ph/PXWeb/pxweb/en/DB/DB__1F__FY/0041F3DF02A.px"
"....City of Baguio 3/, a/, b/, c/","Annual Per Capita Poverty Threshold (in PhP)","2021","28108.4","","2026-08-03T13-49-16-ffb070b97929","https://openstat.psa.gov.ph/PXWeb/pxweb/en/DB/DB__1F__FY/0041F3DF02A.px"
"....City of Baguio 3/, a/, b/, c/","Annual Per Capita Poverty Threshold (in PhP)","2023","31654.08","","2026-08-03T13-49-16-ffb070b97929","https://openstat.psa.gov.ph/PXWeb/pxweb/en/DB/DB__1F__FY/0041F3DF02A.px"
"....City of Baguio 3/, a/, b/, c/","Poverty Incidence among Population (%)","2018","2.3","","2026-08-03T13-49-16-ffb070b97929","https://openstat.psa.gov.ph/PXWeb/pxweb/en/DB/DB__1F__FY/0041F3DF02A.px"
"....City of Baguio 3/, a/, b/, c/","Poverty Incidence among Population (%)","2021","1.7","","2026-08-03T13-49-16-ffb070b97929","https://openstat.psa.gov.ph/PXWeb/pxweb/en/DB/DB__1F__FY/0041F3DF02A.px"
"....City of Baguio 3/, a/, b/, c/","Poverty Incidence among Population (%)","2023","0.8","","2026-08-03T13-49-16-ffb070b97929","https://openstat.psa.gov.ph/PXWeb/pxweb/en/DB/DB__1F__FY/0041F3DF02A.px"
"....City of Baguio 3/, a/, b/, c/","Coefficient of Variation","2018","24.2","","2026-08-03T13-49-16-ffb070b97929","https://openstat.psa.gov.ph/PXWeb/pxweb/en/DB/DB__1F__FY/0041F3DF02A.px"
"....City of Baguio 3/, a/, b/, c/","Coefficient of Variation","2021","26.6","","2026-08-03T13-49-16-ffb070b97929","https://openstat.psa.gov.ph/PXWeb/pxweb/en/DB/DB__1F__FY/0041F3DF02A.px"
"....City of Baguio 3/, a/, b/, c/","Coefficient of Variation","2023","41.7","","2026-08-03T13-49-16-ffb070b97929","https://openstat.psa.gov.ph/PXWeb/pxweb/en/DB/DB__1F__FY/0041F3DF02A.px"
"....City of Baguio 3/, a/, b/, c/","Standard Error","2018","0.6","","2026-08-03T13-49-16-ffb070b97929","https://openstat.psa.gov.ph/PXWeb/pxweb/en/DB/DB__1F__FY/0041F3DF02A.px"
"....City of Baguio 3/, a/, b/, c/","Standard Error","2021","0.5","","2026-08-03T13-49-16-ffb070b97929","https://openstat.psa.gov.ph/PXWeb/pxweb/en/DB/DB__1F__FY/0041F3DF02A.px"
"....City of Baguio 3/, a/, b/, c/","Standard Error","2023","0.3","","2026-08-03T13-49-16-ffb070b97929","https://openstat.psa.gov.ph/PXWeb/pxweb/en/DB/DB__1F__FY/0041F3DF02A.px"
"....City of Baguio 3/, a/, b/, c/","95% Confidence Interval (Lower Limit)","2018","1.2","","2026-08-03T13-49-16-ffb070b97929","https://openstat.psa.gov.ph/PXWeb/pxweb/en/DB/DB__1F__FY/0041F3DF02A.px"
"....City of Baguio 3/, a/, b/, c/","95% Confidence Interval (Lower Limit)","2021","0.8","","2026-08-03T13-49-16-ffb070b97929","https://openstat.psa.gov.ph/PXWeb/pxweb/en/DB/DB__1F__FY/0041F3DF02A.px"
"....City of Baguio 3/, a/, b/, c/","95% Confidence Interval (Lower Limit)","2023","0.1","","2026-08-03T13-49-16-ffb070b97929","https://openstat.psa.gov.ph/PXWeb/pxweb/en/DB/DB__1F__FY/0041F3DF02A.px"
"....City of Baguio 3/, a/, b/, c/","95% Confidence Interval (Upper Limit)","2018","3.4","","2026-08-03T13-49-16-ffb070b97929","https://openstat.psa.gov.ph/PXWeb/pxweb/en/DB/DB__1F__FY/0041F3DF02A.px"
"....City of Baguio 3/, a/, b/, c/","95% Confidence Interval (Upper Limit)","2021","2.6","","2026-08-03T13-49-16-ffb070b97929","https://openstat.psa.gov.ph/PXWeb/pxweb/en/DB/DB__1F__FY/0041F3DF02A.px"
"....City of Baguio 3/, a/, b/, c/","95% Confidence Interval (Upper Limit)","2023","1.5","","2026-08-03T13-49-16-ffb070b97929","https://openstat.psa.gov.ph/PXWeb/pxweb/en/DB/DB__1F__FY/0041F3DF02A.px"
"....Ifugao 1/, 3/, a/, b/, c/","Annual Per Capita Poverty Threshold (in PhP)","2018","26429.39","","2026-08-03T13-49-16-ffb070b97929","https://openstat.psa.gov.ph/PXWeb/pxweb/en/DB/DB__1F__FY/0041F3DF02A.px"
"....Ifugao 1/, 3/, a/, b/, c/","Annual Per Capita Poverty Threshold (in PhP)","2021","28734.24","","2026-08-03T13-49-16-ffb070b97929","https://openstat.psa.gov.ph/PXWeb/pxweb/en/DB/DB__1F__FY/0041F3DF02A.px"
"....Ifugao 1/, 3/, a/, b/, c/","Annual Per Capita Poverty Threshold (in PhP)","2023","29994.08","","2026-08-03T13-49-16-ffb070b97929","https://openstat.psa.gov.ph/PXWeb/pxweb/en/DB/DB__1F__FY/0041F3DF02A.px"
"....Ifugao 1/, 3/, a/, b/, c/","Poverty Incidence among Population (%)","2018","14.5","","2026-08-03T13-49-16-ffb070b97929","https://openstat.psa.gov.ph/PXWeb/pxweb/en/DB/DB__1F__FY/0041F3DF02A.px"
"....Ifugao 1/, 3/, a/, b/, c/","Poverty Incidence among Population (%)","2021","8.1","","2026-08-03T13-49-16-ffb070b97929","https://openstat.psa.gov.ph/PXWeb/pxweb/en/DB/DB__1F__FY/0041F3DF02A.px"
"....Ifugao 1/, 3/, a/, b/, c/","Poverty Incidence among Population (%)","2023","7.4","","2026-08-03T13-49-16-ffb070b97929","https://openstat.psa.gov.ph/PXWeb/pxweb/en/DB/DB__1F__FY/0041F3DF02A.px"
"....Ifugao 1/, 3/, a/, b/, c/","Coefficient of Variation","2018","14.4","","2026-08-03T13-49-16-ffb070b97929","https://openstat.psa.gov.ph/PXWeb/pxweb/en/DB/DB__1F__FY/0041F3DF02A.px"
"....Ifugao 1/, 3/, a/, b/, c/","Coefficient of Variation","2021","17.6","","2026-08-03T13-49-16-ffb070b97929","https://openstat.psa.gov.ph/PXWeb/pxweb/en/DB/DB__1F__FY/0041F3DF02A.px"
"....Ifugao 1/, 3/, a/, b/, c/","Coefficient of Variation","2023","15.2","","2026-08-03T13-49-16-ffb070b97929","https://openstat.psa.gov.ph/PXWeb/pxweb/en/DB/DB__1F__FY/0041F3DF02A.px"
"....Ifugao 1/, 3/, a/, b/, c/","Standard Error","2018","2.1","","2026-08-03T13-49-16-ffb070b97929","https://openstat.psa.gov.ph/PXWeb/pxweb/en/DB/DB__1F__FY/0041F3DF02A.px"
"....Ifugao 1/, 3/, a/, b/, c/","Standard Error","2021","1.4","","2026-08-03T13-49-16-ffb070b97929","https://openstat.psa.gov.ph/PXWeb/pxweb/en/DB/DB__1F__FY/0041F3DF02A.px"
"....Ifugao 1/, 3/, a/, b/, c/","Standard Error","2023","1.1","","2026-08-03T13-49-16-ffb070b97929","https://openstat.psa.gov.ph/PXWeb/pxweb/en/DB/DB__1F__FY/0041F3DF02A.px"
"....Ifugao 1/, 3/, a/, b/, c/","95% Confidence Interval (Lower Limit)","2018","10.4","","2026-08-03T13-49-16-ffb070b97929","https://openstat.psa.gov.ph/PXWeb/pxweb/en/DB/DB__1F__FY/0041F3DF02A.px"
"....Ifugao 1/, 3/, a/, b/, c/","95% Confidence Interval (Lower Limit)","2021","5.3","","2026-08-03T13-49-16-ffb070b97929","https://openstat.psa.gov.ph/PXWeb/pxweb/en/DB/DB__1F__FY/0041F3DF02A.px"
"....Ifugao 1/, 3/, a/, b/, c/","95% Confidence Interval (Lower Limit)","2023","5.2","","2026-08-03T13-49-16-ffb070b97929","https://openstat.psa.gov.ph/PXWeb/pxweb/en/DB/DB__1F__FY/0041F3DF02A.px"
"....Ifugao 1/, 3/, a/, b/, c/","95% Confidence Interval (Upper Limit)","2018","18.6","","2026-08-03T13-49-16-ffb070b97929","https://openstat.psa.gov.ph/PXWeb/pxweb/en/DB/DB__1F__FY/0041F3DF02A.px"
"....Ifugao 1/, 3/, a/, b/, c/","95% Confidence Interval (Upper Limit)","2021","10.9","","2026-08-03T13-49-16-ffb070b97929","https://openstat.psa.gov.ph/PXWeb/pxweb/en/DB/DB__1F__FY/0041F3DF02A.px"
"....Ifugao 1/, 3/, a/, b/, c/","95% Confidence Interval (Upper Limit)","2023","9.5","","2026-08-03T13-49-16-ffb070b97929","https://openstat.psa.gov.ph/PXWeb/pxweb/en/DB/DB__1F__FY/0041F3DF02A.px"
"....Kalinga 2/, 3/, a/, b/, c/","Annual Per Capita Poverty Threshold (in PhP)","2018","24218.99","","2026-08-03T13-49-16-ffb070b97929","https://openstat.psa.gov.ph/PXWeb/pxweb/en/DB/DB__1F__FY/0041F3DF02A.px"
"....Kalinga 2/, 3/, a/, b/, c/","Annual Per Capita Poverty Threshold (in PhP)","2021","25447.36","","2026-08-03T13-49-16-ffb070b97929","https://openstat.psa.gov.ph/PXWeb/pxweb/en/DB/DB__1F__FY/0041F3DF02A.px"
"....Kalinga 2/, 3/, a/, b/, c/","Annual Per Capita Poverty Threshold (in PhP)","2023","30353.3","","2026-08-03T13-49-16-ffb070b97929","https://openstat.psa.gov.ph/PXWeb/pxweb/en/DB/DB__1F__FY/0041F3DF02A.px"
"....Kalinga 2/, 3/, a/, b/, c/","Poverty Incidence among Population (%)","2018","12.1","","2026-08-03T13-49-16-ffb070b97929","https://openstat.psa.gov.ph/PXWeb/pxweb/en/DB/DB__1F__FY/0041F3DF02A.px"
"....Kalinga 2/, 3/, a/, b/, c/","Poverty Incidence among Population (%)","2021","8.3","","2026-08-03T13-49-16-ffb070b97929","https://openstat.psa.gov.ph/PXWeb/pxweb/en/DB/DB__1F__FY/0041F3DF02A.px"
"....Kalinga 2/, 3/, a/, b/, c/","Poverty Incidence among Population (%)","2023","4.3","","2026-08-03T13-49-16-ffb070b97929","https://openstat.psa.gov.ph/PXWeb/pxweb/en/DB/DB__1F__FY/0041F3DF02A.px"
"....Kalinga 2/, 3/, a/, b/, c/","Coefficient of Variation","2018","12.7","","2026-08-03T13-49-16-ffb070b97929","https://openstat.psa.gov.ph/PXWeb/pxweb/en/DB/DB__1F__FY/0041F3DF02A.px"
"....Kalinga 2/, 3/, a/, b/, c/","Coefficient of Variation","2021","18.6","","2026-08-03T13-49-16-ffb070b97929","https://openstat.psa.gov.ph/PXWeb/pxweb/en/DB/DB__1F__FY/0041F3DF02A.px"
"....Kalinga 2/, 3/, a/, b/, c/","Coefficient of Variation","2023","22.8","","2026-08-03T13-49-16-ffb070b97929","https://openstat.psa.gov.ph/PXWeb/pxweb/en/DB/DB__1F__FY/0041F3DF02A.px"
"....Kalinga 2/, 3/, a/, b/, c/","Standard Error","2018","1.5","","2026-08-03T13-49-16-ffb070b97929","https://openstat.psa.gov.ph/PXWeb/pxweb/en/DB/DB__1F__FY/0041F3DF02A.px"
"....Kalinga 2/, 3/, a/, b/, c/","Standard Error","2021","1.5","","2026-08-03T13-49-16-ffb070b97929","https://openstat.psa.gov.ph/PXWeb/pxweb/en/DB/DB__1F__FY/0041F3DF02A.px"
"....Kalinga 2/, 3/, a/, b/, c/","Standard Error","2023","1","","2026-08-03T13-49-16-ffb070b97929","https://openstat.psa.gov.ph/PXWeb/pxweb/en/DB/DB__1F__FY/0041F3DF02A.px"
"....Kalinga 2/, 3/, a/, b/, c/","95% Confidence Interval (Lower Limit)","2018","9.1","","2026-08-03T13-49-16-ffb070b97929","https://openstat.psa.gov.ph/PXWeb/pxweb/en/DB/DB__1F__FY/0041F3DF02A.px"
"....Kalinga 2/, 3/, a/, b/, c/","95% Confidence Interval (Lower Limit)","2021","5.3","","2026-08-03T13-49-16-ffb070b97929","https://openstat.psa.gov.ph/PXWeb/pxweb/en/DB/DB__1F__FY/0041F3DF02A.px"
"....Kalinga 2/, 3/, a/, b/, c/","95% Confidence Interval (Lower Limit)","2023","2.4","","2026-08-03T13-49-16-ffb070b97929","https://openstat.psa.gov.ph/PXWeb/pxweb/en/DB/DB__1F__FY/0041F3DF02A.px"
"....Kalinga 2/, 3/, a/, b/, c/","95% Confidence Interval (Upper Limit)","2018","15.1","","2026-08-03T13-49-16-ffb070b97929","https://openstat.psa.gov.ph/PXWeb/pxweb/en/DB/DB__1F__FY/0041F3DF02A.px"
"....Kalinga 2/, 3/, a/, b/, c/","95% Confidence Interval (Upper Limit)","2021","11.4","","2026-08-03T13-49-16-ffb070b97929","https://openstat.psa.gov.ph/PXWeb/pxweb/en/DB/DB__1F__FY/0041F3DF02A.px"
"....Kalinga 2/, 3/, a/, b/, c/","95% Confidence Interval (Upper Limit)","2023","6.1","","2026-08-03T13-49-16-ffb070b97929","https://openstat.psa.gov.ph/PXWeb/pxweb/en/DB/DB__1F__FY/0041F3DF02A.px"
"....Mt. Province 3/, c/","Annual Per Capita Poverty Threshold (in PhP)","2018","27815.24","","2026-08-03T13-49-16-ffb070b97929","https://openstat.psa.gov.ph/PXWeb/pxweb/en/DB/DB__1F__FY/0041F3DF02A.px"
"....Mt. Province 3/, c/","Annual Per Capita Poverty Threshold (in PhP)","2021","31062.66","","2026-08-03T13-49-16-ffb070b97929","https://openstat.psa.gov.ph/PXWeb/pxweb/en/DB/DB__1F__FY/0041F3DF02A.px"
"....Mt. Province 3/, c/","Annual Per Capita Poverty Threshold (in PhP)","2023","36119.87","","2026-08-03T13-49-16-ffb070b97929","https://openstat.psa.gov.ph/PXWeb/pxweb/en/DB/DB__1F__FY/0041F3DF02A.px"
"....Mt. Province 3/, c/","Poverty Incidence among Population (%)","2018","24.6","","2026-08-03T13-49-16-ffb070b97929","https://openstat.psa.gov.ph/PXWeb/pxweb/en/DB/DB__1F__FY/0041F3DF02A.px"
"....Mt. Province 3/, c/","Poverty Incidence among Population (%)","2021","22.2","","2026-08-03T13-49-16-ffb070b97929","https://openstat.psa.gov.ph/PXWeb/pxweb/en/DB/DB__1F__FY/0041F3DF02A.px"
"....Mt. Province 3/, c/","Poverty Incidence among Population (%)","2023","16.8","","2026-08-03T13-49-16-ffb070b97929","https://openstat.psa.gov.ph/PXWeb/pxweb/en/DB/DB__1F__FY/0041F3DF02A.px"
"....Mt. Province 3/, c/","Coefficient of Variation","2018","9.9","","2026-08-03T13-49-16-ffb070b97929","https://openstat.psa.gov.ph/PXWeb/pxweb/en/DB/DB__1F__FY/0041F3DF02A.px"
"....Mt. Province 3/, c/","Coefficient of Variation","2021","9.4","","2026-08-03T13-49-16-ffb070b97929","https://openstat.psa.gov.ph/PXWeb/pxweb/en/DB/DB__1F__FY/0041F3DF02A.px"
"....Mt. Province 3/, c/","Coefficient of Variation","2023","11.5","","2026-08-03T13-49-16-ffb070b97929","https://openstat.psa.gov.ph/PXWeb/pxweb/en/DB/DB__1F__FY/0041F3DF02A.px"
"....Mt. Province 3/, c/","Standard Error","2018","2.4","","2026-08-03T13-49-16-ffb070b97929","https://openstat.psa.gov.ph/PXWeb/pxweb/en/DB/DB__1F__FY/0041F3DF02A.px"
"....Mt. Province 3/, c/","Standard Error","2021","2.1","","2026-08-03T13-49-16-ffb070b97929","https://openstat.psa.gov.ph/PXWeb/pxweb/en/DB/DB__1F__FY/0041F3DF02A.px"
"....Mt. Province 3/, c/","Standard Error","2023","1.9","","2026-08-03T13-49-16-ffb070b97929","https://openstat.psa.gov.ph/PXWeb/pxweb/en/DB/DB__1F__FY/0041F3DF02A.px"
"....Mt. Province 3/, c/","95% Confidence Interval (Lower Limit)","2018","19.8","","2026-08-03T13-49-16-ffb070b97929","https://openstat.psa.gov.ph/PXWeb/pxweb/en/DB/DB__1F__FY/0041F3DF02A.px"
"....Mt. Province 3/, c/","95% Confidence Interval (Lower Limit)","2021","18.1","","2026-08-03T13-49-16-ffb070b97929","https://openstat.psa.gov.ph/PXWeb/pxweb/en/DB/DB__1F__FY/0041F3DF02A.px"
"....Mt. Province 3/, c/","95% Confidence Interval (Lower Limit)","2023","13","","2026-08-03T13-49-16-ffb070b97929","https://openstat.psa.gov.ph/PXWeb/pxweb/en/DB/DB__1F__FY/0041F3DF02A.px"
"....Mt. Province 3/, c/","95% Confidence Interval (Upper Limit)","2018","29.3","","2026-08-03T13-49-16-ffb070b97929","https://openstat.psa.gov.ph/PXWeb/pxweb/en/DB/DB__1F__FY/0041F3DF02A.px"
"....Mt. Province 3/, c/","95% Confidence Interval (Upper Limit)","2021","26.3","","2026-08-03T13-49-16-ffb070b97929","https://openstat.psa.gov.ph/PXWeb/pxweb/en/DB/DB__1F__FY/0041F3DF02A.px"
"....Mt. Province 3/, c/","95% Confidence Interval (Upper Limit)","2023","20.6","","2026-08-03T13-49-16-ffb070b97929","https://openstat.psa.gov.ph/PXWeb/pxweb/en/DB/DB__1F__FY/0041F3DF02A.px"
"..Region I (Ilocos Region) 1/","Annual Per Capita Poverty Threshold (in PhP)","2018","27054.97","","2026-08-03T13-49-16-ffb070b97929","https://openstat.psa.gov.ph/PXWeb/pxweb/en/DB/DB__1F__FY/0041F3DF02A.px"
"..Region I (Ilocos Region) 1/","Annual Per Capita Poverty Threshold (in PhP)","2021","31113.05","","2026-08-03T13-49-16-ffb070b97929","https://openstat.psa.gov.ph/PXWeb/pxweb/en/DB/DB__1F__FY/0041F3DF02A.px"
"..Region I (Ilocos Region) 1/","Annual Per Capita Poverty Threshold (in PhP)","2023","34454.02","","2026-08-03T13-49-16-ffb070b97929","https://openstat.psa.gov.ph/PXWeb/pxweb/en/DB/DB__1F__FY/0041F3DF02A.px"
"..Region I (Ilocos Region) 1/","Poverty Incidence among Population (%)","2018","9.9","","2026-08-03T13-49-16-ffb070b97929","https://openstat.psa.gov.ph/PXWeb/pxweb/en/DB/DB__1F__FY/0041F3DF02A.px"
"..Region I (Ilocos Region) 1/","Poverty Incidence among Population (%)","2021","14.4","","2026-08-03T13-49-16-ffb070b97929","https://openstat.psa.gov.ph/PXWeb/pxweb/en/DB/DB__1F__FY/0041F3DF02A.px"
"..Region I (Ilocos Region) 1/","Poverty Incidence among Population (%)","2023","11.9","","2026-08-03T13-49-16-ffb070b97929","https://openstat.psa.gov.ph/PXWeb/pxweb/en/DB/DB__1F__FY/0041F3DF02A.px"
"..Region I (Ilocos Region) 1/","Coefficient of Variation","2018","8.9","","2026-08-03T13-49-16-ffb070b97929","https://openstat.psa.gov.ph/PXWeb/pxweb/en/DB/DB__1F__FY/0041F3DF02A.px"
"..Region I (Ilocos Region) 1/","Coefficient of Variation","2021","6.5","","2026-08-03T13-49-16-ffb070b97929","https://openstat.psa.gov.ph/PXWeb/pxweb/en/DB/DB__1F__FY/0041F3DF02A.px"
"..Region I (Ilocos Region) 1/","Coefficient of Variation","2023","9.5","","2026-08-03T13-49-16-ffb070b97929","https://openstat.psa.gov.ph/PXWeb/pxweb/en/DB/DB__1F__FY/0041F3DF02A.px"
"..Region I (Ilocos Region) 1/","Standard Error","2018","0.9","","2026-08-03T13-49-16-ffb070b97929","https://openstat.psa.gov.ph/PXWeb/pxweb/en/DB/DB__1F__FY/0041F3DF02A.px"
"..Region I (Ilocos Region) 1/","Standard Error","2021","0.9","","2026-08-03T13-49-16-ffb070b97929","https://openstat.psa.gov.ph/PXWeb/pxweb/en/DB/DB__1F__FY/0041F3DF02A.px"
"..Region I (Ilocos Region) 1/","Standard Error","2023","1.1","","2026-08-03T13-49-16-ffb070b97929","https://openstat.psa.gov.ph/PXWeb/pxweb/en/DB/DB__1F__FY/0041F3DF02A.px"
"..Region I (Ilocos Region) 1/","95% Confidence Interval (Lower Limit)","2018","8.1","","2026-08-03T13-49-16-ffb070b97929","https://openstat.psa.gov.ph/PXWeb/pxweb/en/DB/DB__1F__FY/0041F3DF02A.px"
"..Region I (Ilocos Region) 1/","95% Confidence Interval (Lower Limit)","2021","12.5","","2026-08-03T13-49-16-ffb070b97929","https://openstat.psa.gov.ph/PXWeb/pxweb/en/DB/DB__1F__FY/0041F3DF02A.px"
"..Region I (Ilocos Region) 1/","95% Confidence Interval (Lower Limit)","2023","9.7","","2026-08-03T13-49-16-ffb070b97929","https://openstat.psa.gov.ph/PXWeb/pxweb/en/DB/DB__1F__FY/0041F3DF02A.px"
"..Region I (Ilocos Region) 1/","95% Confidence Interval (Upper Limit)","2018","11.6","","2026-08-03T13-49-16-ffb070b97929","https://openstat.psa.gov.ph/PXWeb/pxweb/en/DB/DB__1F__FY/0041F3DF02A.px"
"..Region I (Ilocos Region) 1/","95% Confidence Interval (Upper Limit)","2021","16.2","","2026-08-03T13-49-16-ffb070b97929","https://openstat.psa.gov.ph/PXWeb/pxweb/en/DB/DB__1F__FY/0041F3DF02A.px"
"..Region I (Ilocos Region) 1/","95% Confidence Interval (Upper Limit)","2023","14.1","","2026-08-03T13-49-16-ffb070b97929","https://openstat.psa.gov.ph/PXWeb/pxweb/en/DB/DB__1F__FY/0041F3DF02A.px"
"....Ilocos Norte 2/, 3/, a/, b/, c/","Annual Per Capita Poverty Threshold (in PhP)","2018","26710.5","","2026-08-03T13-49-16-ffb070b97929","https://openstat.psa.gov.ph/PXWeb/pxweb/en/DB/DB__1F__FY/0041F3DF02A.px"
"....Ilocos Norte 2/, 3/, a/, b/, c/","Annual Per Capita Poverty Threshold (in PhP)","2021","31031.12","","2026-08-03T13-49-16-ffb070b97929","https://openstat.psa.gov.ph/PXWeb/pxweb/en/DB/DB__1F__FY/0041F3DF02A.px"
"....Ilocos Norte 2/, 3/, a/, b/, c/","Annual Per Capita Poverty Threshold (in PhP)","2023","36096.11","","2026-08-03T13-49-16-ffb070b97929","https://openstat.psa.gov.ph/PXWeb/pxweb/en/DB/DB__1F__FY/0041F3DF02A.px"
"....Ilocos Norte 2/, 3/, a/, b/, c/","Poverty Incidence among Population (%)","2018","4.5","","2026-08-03T13-49-16-ffb070b97929","https://openstat.psa.gov.ph/PXWeb/pxweb/en/DB/DB__1F__FY/0041F3DF02A.px"
"....Ilocos Norte 2/, 3/, a/, b/, c/","Poverty Incidence among Population (%)","2021","2.5","","2026-08-03T13-49-16-ffb070b97929","https://openstat.psa.gov.ph/PXWeb/pxweb/en/DB/DB__1F__FY/0041F3DF02A.px"
"....Ilocos Norte 2/, 3/, a/, b/, c/","Poverty Incidence among Population (%)","2023","0.5","","2026-08-03T13-49-16-ffb070b97929","https://openstat.psa.gov.ph/PXWeb/pxweb/en/DB/DB__1F__FY/0041F3DF02A.px"
"....Ilocos Norte 2/, 3/, a/, b/, c/","Coefficient of Variation","2018","20.2","","2026-08-03T13-49-16-ffb070b97929","https://openstat.psa.gov.ph/PXWeb/pxweb/en/DB/DB__1F__FY/0041F3DF02A.px"
"....Ilocos Norte 2/, 3/, a/, b/, c/","Coefficient of Variation","2021","25.8","","2026-08-03T13-49-16-ffb070b97929","https://openstat.psa.gov.ph/PXWeb/pxweb/en/DB/DB__1F__FY/0041F3DF02A.px"
"....Ilocos Norte 2/, 3/, a/, b/, c/","Coefficient of Variation","2023","52","","2026-08-03T13-49-16-ffb070b97929","https://openstat.psa.gov.ph/PXWeb/pxweb/en/DB/DB__1F__FY/0041F3DF02A.px"
"....Ilocos Norte 2/, 3/, a/, b/, c/","Standard Error","2018","0.9","","2026-08-03T13-49-16-ffb070b97929","https://openstat.psa.gov.ph/PXWeb/pxweb/en/DB/DB__1F__FY/0041F3DF02A.px"
"....Ilocos Norte 2/, 3/, a/, b/, c/","Standard Error","2021","0.6","","2026-08-03T13-49-16-ffb070b97929","https://openstat.psa.gov.ph/PXWeb/pxweb/en/DB/DB__1F__FY/0041F3DF02A.px"
"....Ilocos Norte 2/, 3/, a/, b/, c/","Standard Error","2023","0.3","","2026-08-03T13-49-16-ffb070b97929","https://openstat.psa.gov.ph/PXWeb/pxweb/en/DB/DB__1F__FY/0041F3DF02A.px"
"....Ilocos Norte 2/, 3/, a/, b/, c/","95% Confidence Interval (Lower Limit)","2018","2.7","","2026-08-03T13-49-16-ffb070b97929","https://openstat.psa.gov.ph/PXWeb/pxweb/en/DB/DB__1F__FY/0041F3DF02A.px"
"....Ilocos Norte 2/, 3/, a/, b/, c/","95% Confidence Interval (Lower Limit)","2021","1.2","","2026-08-03T13-49-16-ffb070b97929","https://openstat.psa.gov.ph/PXWeb/pxweb/en/DB/DB__1F__FY/0041F3DF02A.px"
"....Ilocos Norte 2/, 3/, a/, b/, c/","95% Confidence Interval (Lower Limit)","2023","0","","2026-08-03T13-49-16-ffb070b97929","https://openstat.psa.gov.ph/PXWeb/pxweb/en/DB/DB__1F__FY/0041F3DF02A.px"
"....Ilocos Norte 2/, 3/, a/, b/, c/","95% Confidence Interval (Upper Limit)","2018","6.2","","2026-08-03T13-49-16-ffb070b97929","https://openstat.psa.gov.ph/PXWeb/pxweb/en/DB/DB__1F__FY/0041F3DF02A.px"
"....Ilocos Norte 2/, 3/, a/, b/, c/","95% Confidence Interval (Upper Limit)","2021","3.8","","2026-08-03T13-49-16-ffb070b97929","https://openstat.psa.gov.ph/PXWeb/pxweb/en/DB/DB__1F__FY/0041F3DF02A.px"
"....Ilocos Norte 2/, 3/, a/, b/, c/","95% Confidence Interval (Upper Limit)","2023","1","","2026-08-03T13-49-16-ffb070b97929","https://openstat.psa.gov.ph/PXWeb/pxweb/en/DB/DB__1F__FY/0041F3DF02A.px"
"....Ilocos Sur 1/, 2/, a/, b/, c/","Annual Per Capita Poverty Threshold (in PhP)","2018","24602.82","","2026-08-03T13-49-16-ffb070b97929","https://openstat.psa.gov.ph/PXWeb/pxweb/en/DB/DB__1F__FY/0041F3DF02A.px"
"....Ilocos Sur 1/, 2/, a/, b/, c/","Annual Per Capita Poverty Threshold (in PhP)","2021","32751.9","","2026-08-03T13-49-16-ffb070b97929","https://openstat.psa.gov.ph/PXWeb/pxweb/en/DB/DB__1F__FY/0041F3DF02A.px"
"....Ilocos Sur 1/, 2/, a/, b/, c/","Annual Per Capita Poverty Threshold (in PhP)","2023","35599.23","","2026-08-03T13-49-16-ffb070b97929","https://openstat.psa.gov.ph/PXWeb/pxweb/en/DB/DB__1F__FY/0041F3DF02A.px"
"....Ilocos Sur 1/, 2/, a/, b/, c/","Poverty Incidence among Population (%)","2018","7.5","","2026-08-03T13-49-16-ffb070b97929","https://openstat.psa.gov.ph/PXWeb/pxweb/en/DB/DB__1F__FY/0041F3DF02A.px"
"....Ilocos Sur 1/, 2/, a/, b/, c/","Poverty Incidence among Population (%)","2021","15.1","","2026-08-03T13-49-16-ffb070b97929","https://openstat.psa.gov.ph/PXWeb/pxweb/en/DB/DB__1F__FY/0041F3DF02A.px"
"....Ilocos Sur 1/, 2/, a/, b/, c/","Poverty Incidence among Population (%)","2023","7","","2026-08-03T13-49-16-ffb070b97929","https://openstat.psa.gov.ph/PXWeb/pxweb/en/DB/DB__1F__FY/0041F3DF02A.px"
"....Ilocos Sur 1/, 2/, a/, b/, c/","Coefficient of Variation","2018","14.5","","2026-08-03T13-49-16-ffb070b97929","https://openstat.psa.gov.ph/PXWeb/pxweb/en/DB/DB__1F__FY/0041F3DF02A.px"
"....Ilocos Sur 1/, 2/, a/, b/, c/","Coefficient of Variation","2021","10.3","","2026-08-03T13-49-16-ffb070b97929","https://openstat.psa.gov.ph/PXWeb/pxweb/en/DB/DB__1F__FY/0041F3DF02A.px"
"....Ilocos Sur 1/, 2/, a/, b/, c/","Coefficient of Variation","2023","16.3","","2026-08-03T13-49-16-ffb070b97929","https://openstat.psa.gov.ph/PXWeb/pxweb/en/DB/DB__1F__FY/0041F3DF02A.px"
"....Ilocos Sur 1/, 2/, a/, b/, c/","Standard Error","2018","1.1","","2026-08-03T13-49-16-ffb070b97929","https://openstat.psa.gov.ph/PXWeb/pxweb/en/DB/DB__1F__FY/0041F3DF02A.px"
"....Ilocos Sur 1/, 2/, a/, b/, c/","Standard Error","2021","1.6","","2026-08-03T13-49-16-ffb070b97929","https://openstat.psa.gov.ph/PXWeb/pxweb/en/DB/DB__1F__FY/0041F3DF02A.px"
"....Ilocos Sur 1/, 2/, a/, b/, c/","Standard Error","2023","1.1","","2026-08-03T13-49-16-ffb070b97929","https://openstat.psa.gov.ph/PXWeb/pxweb/en/DB/DB__1F__FY/0041F3DF02A.px"
"....Ilocos Sur 1/, 2/, a/, b/, c/","95% Confidence Interval (Lower Limit)","2018","5.4","","2026-08-03T13-49-16-ffb070b97929","https://openstat.psa.gov.ph/PXWeb/pxweb/en/DB/DB__1F__FY/0041F3DF02A.px"
"....Ilocos Sur 1/, 2/, a/, b/, c/","95% Confidence Interval (Lower Limit)","2021","12","","2026-08-03T13-49-16-ffb070b97929","https://openstat.psa.gov.ph/PXWeb/pxweb/en/DB/DB__1F__FY/0041F3DF02A.px"
"....Ilocos Sur 1/, 2/, a/, b/, c/","95% Confidence Interval (Lower Limit)","2023","4.8","","2026-08-03T13-49-16-ffb070b97929","https://openstat.psa.gov.ph/PXWeb/pxweb/en/DB/DB__1F__FY/0041F3DF02A.px"
"....Ilocos Sur 1/, 2/, a/, b/, c/","95% Confidence Interval (Upper Limit)","2018","9.6","","2026-08-03T13-49-16-ffb070b97929","https://openstat.psa.gov.ph/PXWeb/pxweb/en/DB/DB__1F__FY/0041F3DF02A.px"
"....Ilocos Sur 1/, 2/, a/, b/, c/","95% Confidence Interval (Upper Limit)","2021","18.1","","2026-08-03T13-49-16-ffb070b97929","https://openstat.psa.gov.ph/PXWeb/pxweb/en/DB/DB__1F__FY/0041F3DF02A.px"
"....Ilocos Sur 1/, 2/, a/, b/, c/","95% Confidence Interval (Upper Limit)","2023","9.3","","2026-08-03T13-49-16-ffb070b97929","https://openstat.psa.gov.ph/PXWeb/pxweb/en/DB/DB__1F__FY/0041F3DF02A.px"
"....La Union 1/, 3/, a/, b/, c/","Annual Per Capita Poverty Threshold (in PhP)","2018","22456.43","","2026-08-03T13-49-16-ffb070b97929","https://openstat.psa.gov.ph/PXWeb/pxweb/en/DB/DB__1F__FY/0041F3DF02A.px"
"....La Union 1/, 3/, a/, b/, c/","Annual Per Capita Poverty Threshold (in PhP)","2021","27908.6","","2026-08-03T13-49-16-ffb070b97929","https://openstat.psa.gov.ph/PXWeb/pxweb/en/DB/DB__1F__FY/0041F3DF02A.px"
"....La Union 1/, 3/, a/, b/, c/","Annual Per Capita Poverty Threshold (in PhP)","2023","33304.44","","2026-08-03T13-49-16-ffb070b97929","https://openstat.psa.gov.ph/PXWeb/pxweb/en/DB/DB__1F__FY/0041F3DF02A.px"
"....La Union 1/, 3/, a/, b/, c/","Poverty Incidence among Population (%)","2018","4.4","","2026-08-03T13-49-16-ffb070b97929","https://openstat.psa.gov.ph/PXWeb/pxweb/en/DB/DB__1F__FY/0041F3DF02A.px"
"....La Union 1/, 3/, a/, b/, c/","Poverty Incidence among Population (%)","2021","9.3","","2026-08-03T13-49-16-ffb070b97929","https://openstat.psa.gov.ph/PXWeb/pxweb/en/DB/DB__1F__FY/0041F3DF02A.px"
"....La Union 1/, 3/, a/, b/, c/","Poverty Incidence among Population (%)","2023","8.7","","2026-08-03T13-49-16-ffb070b97929","https://openstat.psa.gov.ph/PXWeb/pxweb/en/DB/DB__1F__FY/0041F3DF02A.px"
"....La Union 1/, 3/, a/, b/, c/","Coefficient of Variation","2018","20.2","","2026-08-03T13-49-16-ffb070b97929","https://openstat.psa.gov.ph/PXWeb/pxweb/en/DB/DB__1F__FY/0041F3DF02A.px"
"....La Union 1/, 3/, a/, b/, c/","Coefficient of Variation","2021","12.7","","2026-08-03T13-49-16-ffb070b97929","https://openstat.psa.gov.ph/PXWeb/pxweb/en/DB/DB__1F__FY/0041F3DF02A.px"
"....La Union 1/, 3/, a/, b/, c/","Coefficient of Variation","2023","14.9","","2026-08-03T13-49-16-ffb070b97929","https://openstat.psa.gov.ph/PXWeb/pxweb/en/DB/DB__1F__FY/0041F3DF02A.px"
"....La Union 1/, 3/, a/, b/, c/","Standard Error","2018","0.9","","2026-08-03T13-49-16-ffb070b97929","https://openstat.psa.gov.ph/PXWeb/pxweb/en/DB/DB__1F__FY/0041F3DF02A.px"
"....La Union 1/, 3/, a/, b/, c/","Standard Error","2021","1.2","","2026-08-03T13-49-16-ffb070b97929","https://openstat.psa.gov.ph/PXWeb/pxweb/en/DB/DB__1F__FY/0041F3DF02A.px"
"....La Union 1/, 3/, a/, b/, c/","Standard Error","2023","1.3","","2026-08-03T13-49-16-ffb070b97929","https://openstat.psa.gov.ph/PXWeb/pxweb/en/DB/DB__1F__FY/0041F3DF02A.px"
"....La Union 1/, 3/, a/, b/, c/","95% Confidence Interval (Lower Limit)","2018","2.7","","2026-08-03T13-49-16-ffb070b97929","https://openstat.psa.gov.ph/PXWeb/pxweb/en/DB/DB__1F__FY/0041F3DF02A.px"
"....La Union 1/, 3/, a/, b/, c/","95% Confidence Interval (Lower Limit)","2021","6.9","","2026-08-03T13-49-16-ffb070b97929","https://openstat.psa.gov.ph/PXWeb/pxweb/en/DB/DB__1F__FY/0041F3DF02A.px"
"....La Union 1/, 3/, a/, b/, c/","95% Confidence Interval (Lower Limit)","2023","6.2","","2026-08-03T13-49-16-ffb070b97929","https://openstat.psa.gov.ph/PXWeb/pxweb/en/DB/DB__1F__FY/0041F3DF02A.px"
"....La Union 1/, 3/, a/, b/, c/","95% Confidence Interval (Upper Limit)","2018","6.2","","2026-08-03T13-49-16-ffb070b97929","https://openstat.psa.gov.ph/PXWeb/pxweb/en/DB/DB__1F__FY/0041F3DF02A.px"
"....La Union 1/, 3/, a/, b/, c/","95% Confidence Interval (Upper Limit)","2021","11.6","","2026-08-03T13-49-16-ffb070b97929","https://openstat.psa.gov.ph/PXWeb/pxweb/en/DB/DB__1F__FY/0041F3DF02A.px"
"....La Union 1/, 3/, a/, b/, c/","95% Confidence Interval (Upper Limit)","2023","11.3","","2026-08-03T13-49-16-ffb070b97929","https://openstat.psa.gov.ph/PXWeb/pxweb/en/DB/DB__1F__FY/0041F3DF02A.px"
"....Pangasinan 1/, a/, c/","Annual Per Capita Poverty Threshold (in PhP)","2018","27827.68","","2026-08-03T13-49-16-ffb070b97929","https://openstat.psa.gov.ph/PXWeb/pxweb/en/DB/DB__1F__FY/0041F3DF02A.px"
"....Pangasinan 1/, a/, c/","Annual Per Capita Poverty Threshold (in PhP)","2021","31239.96","","2026-08-03T13-49-16-ffb070b97929","https://openstat.psa.gov.ph/PXWeb/pxweb/en/DB/DB__1F__FY/0041F3DF02A.px"
"....Pangasinan 1/, a/, c/","Annual Per Capita Poverty Threshold (in PhP)","2023","34501.91","","2026-08-03T13-49-16-ffb070b97929","https://openstat.psa.gov.ph/PXWeb/pxweb/en/DB/DB__1F__FY/0041F3DF02A.px"
"....Pangasinan 1/, a/, c/","Poverty Incidence among Population (%)","2018","12.9","","2026-08-03T13-49-16-ffb070b97929","https://openstat.psa.gov.ph/PXWeb/pxweb/en/DB/DB__1F__FY/0041F3DF02A.px"
"....Pangasinan 1/, a/, c/","Poverty Incidence among Population (%)","2021","17.9","","2026-08-03T13-49-16-ffb070b97929","https://openstat.psa.gov.ph/PXWeb/pxweb/en/DB/DB__1F__FY/0041F3DF02A.px"
"....Pangasinan 1/, a/, c/","Poverty Incidence among Population (%)","2023","16.1","","2026-08-03T13-49-16-ffb070b97929","https://openstat.psa.gov.ph/PXWeb/pxweb/en/DB/DB__1F__FY/0041F3DF02A.px"
"....Pangasinan 1/, a/, c/","Coefficient of Variation","2018","11.2","","2026-08-03T13-49-16-ffb070b97929","https://openstat.psa.gov.ph/PXWeb/pxweb/en/DB/DB__1F__FY/0041F3DF02A.px"
"....Pangasinan 1/, a/, c/","Coefficient of Variation","2021","8.3","","2026-08-03T13-49-16-ffb070b97929","https://openstat.psa.gov.ph/PXWeb/pxweb/en/DB/DB__1F__FY/0041F3DF02A.px"
"....Pangasinan 1/, a/, c/","Coefficient of Variation","2023","11.6","","2026-08-03T13-49-16-ffb070b97929","https://openstat.psa.gov.ph/PXWeb/pxweb/en/DB/DB__1F__FY/0041F3DF02A.px"
"....Pangasinan 1/, a/, c/","Standard Error","2018","1.4","","2026-08-03T13-49-16-ffb070b97929","https://openstat.psa.gov.ph/PXWeb/pxweb/en/DB/DB__1F__FY/0041F3DF02A.px"
"....Pangasinan 1/, a/, c/","Standard Error","2021","1.5","","2026-08-03T13-49-16-ffb070b97929","https://openstat.psa.gov.ph/PXWeb/pxweb/en/DB/DB__1F__FY/0041F3DF02A.px"
"....Pangasinan 1/, a/, c/","Standard Error","2023","1.9","","2026-08-03T13-49-16-ffb070b97929","https://openstat.psa.gov.ph/PXWeb/pxweb/en/DB/DB__1F__FY/0041F3DF02A.px"
"....Pangasinan 1/, a/, c/","95% Confidence Interval (Lower Limit)","2018","10.1","","2026-08-03T13-49-16-ffb070b97929","https://openstat.psa.gov.ph/PXWeb/pxweb/en/DB/DB__1F__FY/0041F3DF02A.px"
"....Pangasinan 1/, a/, c/","95% Confidence Interval (Lower Limit)","2021","15","","2026-08-03T13-49-16-ffb070b97929","https://openstat.psa.gov.ph/PXWeb/pxweb/en/DB/DB__1F__FY/0041F3DF02A.px"
"....Pangasinan 1/, a/, c/","95% Confidence Interval (Lower Limit)","2023","12.4","","2026-08-03T13-49-16-ffb070b97929","https://openstat.psa.gov.ph/PXWeb/pxweb/en/DB/DB__1F__FY/0041F3DF02A.px"
"....Pangasinan 1/, a/, c/","95% Confidence Interval (Upper Limit)","2018","15.7","","2026-08-03T13-49-16-ffb070b97929","https://openstat.psa.gov.ph/PXWeb/pxweb/en/DB/DB__1F__FY/0041F3DF02A.px"
"....Pangasinan 1/, a/, c/","95% Confidence Interval (Upper Limit)","2021","20.8","","2026-08-03T13-49-16-ffb070b97929","https://openstat.psa.gov.ph/PXWeb/pxweb/en/DB/DB__1F__FY/0041F3DF02A.px"
"....Pangasinan 1/, a/, c/","95% Confidence Interval (Upper Limit)","2023","19.7","","2026-08-03T13-49-16-ffb070b97929","https://openstat.psa.gov.ph/PXWeb/pxweb/en/DB/DB__1F__FY/0041F3DF02A.px"
"..Region II (Cagayan Valley) 2/, 3/","Annual Per Capita Poverty Threshold (in PhP)","2018","25098.5","","2026-08-03T13-49-16-ffb070b97929","https://openstat.psa.gov.ph/PXWeb/pxweb/en/DB/DB__1F__FY/0041F3DF02A.px"
"..Region II (Cagayan Valley) 2/, 3/","Annual Per Capita Poverty Threshold (in PhP)","2021","28292.06","","2026-08-03T13-49-16-ffb070b97929","https://openstat.psa.gov.ph/PXWeb/pxweb/en/DB/DB__1F__FY/0041F3DF02A.px"
"..Region II (Cagayan Valley) 2/, 3/","Annual Per Capita Poverty Threshold (in PhP)","2023","32160.4","","2026-08-03T13-49-16-ffb070b97929","https://openstat.psa.gov.ph/PXWeb/pxweb/en/DB/DB__1F__FY/0041F3DF02A.px"
"..Region II (Cagayan Valley) 2/, 3/","Poverty Incidence among Population (%)","2018","16.3","","2026-08-03T13-49-16-ffb070b97929","https://openstat.psa.gov.ph/PXWeb/pxweb/en/DB/DB__1F__FY/0041F3DF02A.px"
"..Region II (Cagayan Valley) 2/, 3/","Poverty Incidence among Population (%)","2021","15.4","","2026-08-03T13-49-16-ffb070b97929","https://openstat.psa.gov.ph/PXWeb/pxweb/en/DB/DB__1F__FY/0041F3DF02A.px"
"..Region II (Cagayan Valley) 2/, 3/","Poverty Incidence among Population (%)","2023","10.4","","2026-08-03T13-49-16-ffb070b97929","https://openstat.psa.gov.ph/PXWeb/pxweb/en/DB/DB__1F__FY/0041F3DF02A.px"
"..Region II (Cagayan Valley) 2/, 3/","Coefficient of Variation","2018","6.1","","2026-08-03T13-49-16-ffb070b97929","https://openstat.psa.gov.ph/PXWeb/pxweb/en/DB/DB__1F__FY/0041F3DF02A.px"
"..Region II (Cagayan Valley) 2/, 3/","Coefficient of Variation","2021","6.8","","2026-08-03T13-49-16-ffb070b97929","https://openstat.psa.gov.ph/PXWeb/pxweb/en/DB/DB__1F__FY/0041F3DF02A.px"
"..Region II (Cagayan Valley) 2/, 3/","Coefficient of Variation","2023","8.1","","2026-08-03T13-49-16-ffb070b97929","https://openstat.psa.gov.ph/PXWeb/pxweb/en/DB/DB__1F__FY/0041F3DF02A.px"
"..Region II (Cagayan Valley) 2/, 3/","Standard Error","2018","1","","2026-08-03T13-49-16-ffb070b97929","https://openstat.psa.gov.ph/PXWeb/pxweb/en/DB/DB__1F__FY/0041F3DF02A.px"
"..Region II (Cagayan Valley) 2/, 3/","Standard Error","2021","1","","2026-08-03T13-49-16-ffb070b97929","https://openstat.psa.gov.ph/PXWeb/pxweb/en/DB/DB__1F__FY/0041F3DF02A.px"
"..Region II (Cagayan Valley) 2/, 3/","Standard Error","2023","0.8","","2026-08-03T13-49-16-ffb070b97929","https://openstat.psa.gov.ph/PXWeb/pxweb/en/DB/DB__1F__FY/0041F3DF02A.px"
"..Region II (Cagayan Valley) 2/, 3/","95% Confidence Interval (Lower Limit)","2018","14.3","","2026-08-03T13-49-16-ffb070b97929","https://openstat.psa.gov.ph/PXWeb/pxweb/en/DB/DB__1F__FY/0041F3DF02A.px"
"..Region II (Cagayan Valley) 2/, 3/","95% Confidence Interval (Lower Limit)","2021","13.3","","2026-08-03T13-49-16-ffb070b97929","https://openstat.psa.gov.ph/PXWeb/pxweb/en/DB/DB__1F__FY/0041F3DF02A.px"
"..Region II (Cagayan Valley) 2/, 3/","95% Confidence Interval (Lower Limit)","2023","8.7","","2026-08-03T13-49-16-ffb070b97929","https://openstat.psa.gov.ph/PXWeb/pxweb/en/DB/DB__1F__FY/0041F3DF02A.px"
"..Region II (Cagayan Valley) 2/, 3/","95% Confidence Interval (Upper Limit)","2018","18.2","","2026-08-03T13-49-16-ffb070b97929","https://openstat.psa.gov.ph/PXWeb/pxweb/en/DB/DB__1F__FY/0041F3DF02A.px"
"..Region II (Cagayan Valley) 2/, 3/","95% Confidence Interval (Upper Limit)","2021","17.4","","2026-08-03T13-49-16-ffb070b97929","https://openstat.psa.gov.ph/PXWeb/pxweb/en/DB/DB__1F__FY/0041F3DF02A.px"
"..Region II (Cagayan Valley) 2/, 3/","95% Confidence Interval (Upper Limit)","2023","12","","2026-08-03T13-49-16-ffb070b97929","https://openstat.psa.gov.ph/PXWeb/pxweb/en/DB/DB__1F__FY/0041F3DF02A.px"
"....Batanes 1/, 3/, a/, b/, c/","Annual Per Capita Poverty Threshold (in PhP)","2018","37539.82","","2026-08-03T13-49-16-ffb070b97929","https://openstat.psa.gov.ph/PXWeb/pxweb/en/DB/DB__1F__FY/0041F3DF02A.px"
"....Batanes 1/, 3/, a/, b/, c/","Annual Per Capita Poverty Threshold (in PhP)","2021","35550.35","","2026-08-03T13-49-16-ffb070b97929","https://openstat.psa.gov.ph/PXWeb/pxweb/en/DB/DB__1F__FY/0041F3DF02A.px"
"....Batanes 1/, 3/, a/, b/, c/","Annual Per Capita Poverty Threshold (in PhP)","2023","39826.47","","2026-08-03T13-49-16-ffb070b97929","https://openstat.psa.gov.ph/PXWeb/pxweb/en/DB/DB__1F__FY/0041F3DF02A.px"
"....Batanes 1/, 3/, a/, b/, c/","Poverty Incidence among Population (%)","2018","9.6","","2026-08-03T13-49-16-ffb070b97929","https://openstat.psa.gov.ph/PXWeb/pxweb/en/DB/DB__1F__FY/0041F3DF02A.px"
"....Batanes 1/, 3/, a/, b/, c/","Poverty Incidence among Population (%)","2021","3.4","","2026-08-03T13-49-16-ffb070b97929","https://openstat.psa.gov.ph/PXWeb/pxweb/en/DB/DB__1F__FY/0041F3DF02A.px"
"....Batanes 1/, 3/, a/, b/, c/","Poverty Incidence among Population (%)","2023","4.4","","2026-08-03T13-49-16-ffb070b97929","https://openstat.psa.gov.ph/PXWeb/pxweb/en/DB/DB__1F__FY/0041F3DF02A.px"
"....Batanes 1/, 3/, a/, b/, c/","Coefficient of Variation","2018","16.6","","2026-08-03T13-49-16-ffb070b97929","https://openstat.psa.gov.ph/PXWeb/pxweb/en/DB/DB__1F__FY/0041F3DF02A.px"
"....Batanes 1/, 3/, a/, b/, c/","Coefficient of Variation","2021","27.7","","2026-08-03T13-49-16-ffb070b97929","https://openstat.psa.gov.ph/PXWeb/pxweb/en/DB/DB__1F__FY/0041F3DF02A.px"
"....Batanes 1/, 3/, a/, b/, c/","Coefficient of Variation","2023","25.4","","2026-08-03T13-49-16-ffb070b97929","https://openstat.psa.gov.ph/PXWeb/pxweb/en/DB/DB__1F__FY/0041F3DF02A.px"
"....Batanes 1/, 3/, a/, b/, c/","Standard Error","2018","1.6","","2026-08-03T13-49-16-ffb070b97929","https://openstat.psa.gov.ph/PXWeb/pxweb/en/DB/DB__1F__FY/0041F3DF02A.px"
"....Batanes 1/, 3/, a/, b/, c/","Standard Error","2021","0.9","","2026-08-03T13-49-16-ffb070b97929","https://openstat.psa.gov.ph/PXWeb/pxweb/en/DB/DB__1F__FY/0041F3DF02A.px"
"....Batanes 1/, 3/, a/, b/, c/","Standard Error","2023","1.1","","2026-08-03T13-49-16-ffb070b97929","https://openstat.psa.gov.ph/PXWeb/pxweb/en/DB/DB__1F__FY/0041F3DF02A.px"
"....Batanes 1/, 3/, a/, b/, c/","95% Confidence Interval (Lower Limit)","2018","6.4","","2026-08-03T13-49-16-ffb070b97929","https://openstat.psa.gov.ph/PXWeb/pxweb/en/DB/DB__1F__FY/0041F3DF02A.px"
"....Batanes 1/, 3/, a/, b/, c/","95% Confidence Interval (Lower Limit)","2021","1.5","","2026-08-03T13-49-16-ffb070b97929","https://openstat.psa.gov.ph/PXWeb/pxweb/en/DB/DB__1F__FY/0041F3DF02A.px"
"....Batanes 1/, 3/, a/, b/, c/","95% Confidence Interval (Lower Limit)","2023","2.2","","2026-08-03T13-49-16-ffb070b97929","https://openstat.psa.gov.ph/PXWeb/pxweb/en/DB/DB__1F__FY/0041F3DF02A.px"
"....Batanes 1/, 3/, a/, b/, c/","95% Confidence Interval (Upper Limit)","2018","12.7","","2026-08-03T13-49-16-ffb070b97929","https://openstat.psa.gov.ph/PXWeb/pxweb/en/DB/DB__1F__FY/0041F3DF02A.px"
"....Batanes 1/, 3/, a/, b/, c/","95% Confidence Interval (Upper Limit)","2021","5.2","","2026-08-03T13-49-16-ffb070b97929","https://openstat.psa.gov.ph/PXWeb/pxweb/en/DB/DB__1F__FY/0041F3DF02A.px"
"....Batanes 1/, 3/, a/, b/, c/","95% Confidence Interval (Upper Limit)","2023","6.6","","2026-08-03T13-49-16-ffb070b97929","https://openstat.psa.gov.ph/PXWeb/pxweb/en/DB/DB__1F__FY/0041F3DF02A.px"
"....Cagayan 1/, 3/, b/, c/","Annual Per Capita Poverty Threshold (in PhP)","2018","24759.12","","2026-08-03T13-49-16-ffb070b97929","https://openstat.psa.gov.ph/PXWeb/pxweb/en/DB/DB__1F__FY/0041F3DF02A.px"
"....Cagayan 1/, 3/, b/, c/","Annual Per Capita Poverty Threshold (in PhP)","2021","26954.25","","2026-08-03T13-49-16-ffb070b97929","https://openstat.psa.gov.ph/PXWeb/pxweb/en/DB/DB__1F__FY/0041F3DF02A.px"
"....Cagayan 1/, 3/, b/, c/","Annual Per Capita Poverty Threshold (in PhP)","2023","30054.91","","2026-08-03T13-49-16-ffb070b97929","https://openstat.psa.gov.ph/PXWeb/pxweb/en/DB/DB__1F__FY/0041F3DF02A.px"
"....Cagayan 1/, 3/, b/, c/","Poverty Incidence among Population (%)","2018","16","","2026-08-03T13-49-16-ffb070b97929","https://openstat.psa.gov.ph/PXWeb/pxweb/en/DB/DB__1F__FY/0041F3DF02A.px"
"....Cagayan 1/, 3/, b/, c/","Poverty Incidence among Population (%)","2021","10.1","","2026-08-03T13-49-16-ffb070b97929","https://openstat.psa.gov.ph/PXWeb/pxweb/en/DB/DB__1F__FY/0041F3DF02A.px"
"....Cagayan 1/, 3/, b/, c/","Poverty Incidence among Population (%)","2023","8.2","","2026-08-03T13-49-16-ffb070b97929","https://openstat.psa.gov.ph/PXWeb/pxweb/en/DB/DB__1F__FY/0041F3DF02A.px"
"....Cagayan 1/, 3/, b/, c/","Coefficient of Variation","2018","9.4","","2026-08-03T13-49-16-ffb070b97929","https://openstat.psa.gov.ph/PXWeb/pxweb/en/DB/DB__1F__FY/0041F3DF02A.px"
"....Cagayan 1/, 3/, b/, c/","Coefficient of Variation","2021","13.3","","2026-08-03T13-49-16-ffb070b97929","https://openstat.psa.gov.ph/PXWeb/pxweb/en/DB/DB__1F__FY/0041F3DF02A.px"
"....Cagayan 1/, 3/, b/, c/","Coefficient of Variation","2023","16","","2026-08-03T13-49-16-ffb070b97929","https://openstat.psa.gov.ph/PXWeb/pxweb/en/DB/DB__1F__FY/0041F3DF02A.px"
"....Cagayan 1/, 3/, b/, c/","Standard Error","2018","1.5","","2026-08-03T13-49-16-ffb070b97929","https://openstat.psa.gov.ph/PXWeb/pxweb/en/DB/DB__1F__FY/0041F3DF02A.px"
"....Cagayan 1/, 3/, b/, c/","Standard Error","2021","1.3","","2026-08-03T13-49-16-ffb070b97929","https://openstat.psa.gov.ph/PXWeb/pxweb/en/DB/DB__1F__FY/0041F3DF02A.px"
"....Cagayan 1/, 3/, b/, c/","Standard Error","2023","1.3","","2026-08-03T13-49-16-ffb070b97929","https://openstat.psa.gov.ph/PXWeb/pxweb/en/DB/DB__1F__FY/0041F3DF02A.px"
"....Cagayan 1/, 3/, b/, c/","95% Confidence Interval (Lower Limit)","2018","13.1","","2026-08-03T13-49-16-ffb070b97929","https://openstat.psa.gov.ph/PXWeb/pxweb/en/DB/DB__1F__FY/0041F3DF02A.px"
"....Cagayan 1/, 3/, b/, c/","95% Confidence Interval (Lower Limit)","2021","7.5","","2026-08-03T13-49-16-ffb070b97929","https://openstat.psa.gov.ph/PXWeb/pxweb/en/DB/DB__1F__FY/0041F3DF02A.px"
"....Cagayan 1/, 3/, b/, c/","95% Confidence Interval (Lower Limit)","2023","5.6","","2026-08-03T13-49-16-ffb070b97929","https://openstat.psa.gov.ph/PXWeb/pxweb/en/DB/DB__1F__FY/0041F3DF02A.px"
"....Cagayan 1/, 3/, b/, c/","95% Confidence Interval (Upper Limit)","2018","18.9","","2026-08-03T13-49-16-ffb070b97929","https://openstat.psa.gov.ph/PXWeb/pxweb/en/DB/DB__1F__FY/0041F3DF02A.px"
"....Cagayan 1/, 3/, b/, c/","95% Confidence Interval (Upper Limit)","2021","12.7","","2026-08-03T13-49-16-ffb070b97929","https://openstat.psa.gov.ph/PXWeb/pxweb/en/DB/DB__1F__FY/0041F3DF02A.px"
"....Cagayan 1/, 3/, b/, c/","95% Confidence Interval (Upper Limit)","2023","10.8","","2026-08-03T13-49-16-ffb070b97929","https://openstat.psa.gov.ph/PXWeb/pxweb/en/DB/DB__1F__FY/0041F3DF02A.px"
"....Isabela 2/, 3/, a/, c/","Annual Per Capita Poverty Threshold (in PhP)","2018","25460.19","","2026-08-03T13-49-16-ffb070b97929","https://openstat.psa.gov.ph/PXWeb/pxweb/en/DB/DB__1F__FY/0041F3DF02A.px"
"....Isabela 2/, 3/, a/, c/","Annual Per Capita Poverty Threshold (in PhP)","2021","29451.72","","2026-08-03T13-49-16-ffb070b97929","https://openstat.psa.gov.ph/PXWeb/pxweb/en/DB/DB__1F__FY/0041F3DF02A.px"
"....Isabela 2/, 3/, a/, c/","Annual Per Capita Poverty Threshold (in PhP)","2023","34499.81","","2026-08-03T13-49-16-ffb070b97929","https://openstat.psa.gov.ph/PXWeb/pxweb/en/DB/DB__1F__FY/0041F3DF02A.px"
"....Isabela 2/, 3/, a/, c/","Poverty Incidence among Population (%)","2018","17.1","","2026-08-03T13-49-16-ffb070b97929","https://openstat.psa.gov.ph/PXWeb/pxweb/en/DB/DB__1F__FY/0041F3DF02A.px"
"....Isabela 2/, 3/, a/, c/","Poverty Incidence among Population (%)","2021","20.3","","2026-08-03T13-49-16-ffb070b97929","https://openstat.psa.gov.ph/PXWeb/pxweb/en/DB/DB__1F__FY/0041F3DF02A.px"
"....Isabela 2/, 3/, a/, c/","Poverty Incidence among Population (%)","2023","11.7","","2026-08-03T13-49-16-ffb070b97929","https://openstat.psa.gov.ph/PXWeb/pxweb/en/DB/DB__1F__FY/0041F3DF02A.px"
"....Isabela 2/, 3/, a/, c/","Coefficient of Variation","2018","10.1","","2026-08-03T13-49-16-ffb070b97929","https://openstat.psa.gov.ph/PXWeb/pxweb/en/DB/DB__1F__FY/0041F3DF02A.px"
"....Isabela 2/, 3/, a/, c/","Coefficient of Variation","2021","9.2","","2026-08-03T13-49-16-ffb070b97929","https://openstat.psa.gov.ph/PXWeb/pxweb/en/DB/DB__1F__FY/0041F3DF02A.px"
"....Isabela 2/, 3/, a/, c/","Coefficient of Variation","2023","12.2","","2026-08-03T13-49-16-ffb070b97929","https://openstat.psa.gov.ph/PXWeb/pxweb/en/DB/DB__1F__FY/0041F3DF02A.px"
"....Isabela 2/, 3/, a/, c/","Standard Error","2018","1.7","","2026-08-03T13-49-16-ffb070b97929","https://openstat.psa.gov.ph/PXWeb/pxweb/en/DB/DB__1F__FY/0041F3DF02A.px"
"....Isabela 2/, 3/, a/, c/","Standard Error","2021","1.9","","2026-08-03T13-49-16-ffb070b97929","https://openstat.psa.gov.ph/PXWeb/pxweb/en/DB/DB__1F__FY/0041F3DF02A.px"
"....Isabela 2/, 3/, a/, c/","Standard Error","2023","1.4","","2026-08-03T13-49-16-ffb070b97929","https://openstat.psa.gov.ph/PXWeb/pxweb/en/DB/DB__1F__FY/0041F3DF02A.px"
"....Isabela 2/, 3/, a/, c/","95% Confidence Interval (Lower Limit)","2018","13.7","","2026-08-03T13-49-16-ffb070b97929","https://openstat.psa.gov.ph/PXWeb/pxweb/en/DB/DB__1F__FY/0041F3DF02A.px"
"....Isabela 2/, 3/, a/, c/","95% Confidence Interval (Lower Limit)","2021","16.6","","2026-08-03T13-49-16-ffb070b97929","https://openstat.psa.gov.ph/PXWeb/pxweb/en/DB/DB__1F__FY/0041F3DF02A.px"
"....Isabela 2/, 3/, a/, c/","95% Confidence Interval (Lower Limit)","2023","8.9","","2026-08-03T13-49-16-ffb070b97929","https://openstat.psa.gov.ph/PXWeb/pxweb/en/DB/DB__1F__FY/0041F3DF02A.px"
"....Isabela 2/, 3/, a/, c/","95% Confidence Interval (Upper Limit)","2018","20.5","","2026-08-03T13-49-16-ffb070b97929","https://openstat.psa.gov.ph/PXWeb/pxweb/en/DB/DB__1F__FY/0041F3DF02A.px"
"....Isabela 2/, 3/, a/, c/","95% Confidence Interval (Upper Limit)","2021","23.9","","2026-08-03T13-49-16-ffb070b97929","https://openstat.psa.gov.ph/PXWeb/pxweb/en/DB/DB__1F__FY/0041F3DF02A.px"
"....Isabela 2/, 3/, a/, c/","95% Confidence Interval (Upper Limit)","2023","14.5","","2026-08-03T13-49-16-ffb070b97929","https://openstat.psa.gov.ph/PXWeb/pxweb/en/DB/DB__1F__FY/0041F3DF02A.px"
"....Nueva Vizcaya a/, b/, c/","Annual Per Capita Poverty Threshold (in PhP)","2018","24857.04","","2026-08-03T13-49-16-ffb070b97929","https://openstat.psa.gov.ph/PXWeb/pxweb/en/DB/DB__1F__FY/0041F3DF02A.px"
"....Nueva Vizcaya a/, b/, c/","Annual Per Capita Poverty Threshold (in PhP)","2021","25513.89","","2026-08-03T13-49-16-ffb070b97929","https://openstat.psa.gov.ph/PXWeb/pxweb/en/DB/DB__1F__FY/0041F3DF02A.px"
"....Nueva Vizcaya a/, b/, c/","Annual Per Capita Poverty Threshold (in PhP)","2023","28777.97","","2026-08-03T13-49-16-ffb070b97929","https://openstat.psa.gov.ph/PXWeb/pxweb/en/DB/DB__1F__FY/0041F3DF02A.px"
"....Nueva Vizcaya a/, b/, c/","Poverty Incidence among Population (%)","2018","16.1","","2026-08-03T13-49-16-ffb070b97929","https://openstat.psa.gov.ph/PXWeb/pxweb/en/DB/DB__1F__FY/0041F3DF02A.px"
"....Nueva Vizcaya a/, b/, c/","Poverty Incidence among Population (%)","2021","15.3","","2026-08-03T13-49-16-ffb070b97929","https://openstat.psa.gov.ph/PXWeb/pxweb/en/DB/DB__1F__FY/0041F3DF02A.px"
"....Nueva Vizcaya a/, b/, c/","Poverty Incidence among Population (%)","2023","11.5","","2026-08-03T13-49-16-ffb070b97929","https://openstat.psa.gov.ph/PXWeb/pxweb/en/DB/DB__1F__FY/0041F3DF02A.px"
"....Nueva Vizcaya a/, b/, c/","Coefficient of Variation","2018","12.6","","2026-08-03T13-49-16-ffb070b97929","https://openstat.psa.gov.ph/PXWeb/pxweb/en/DB/DB__1F__FY/0041F3DF02A.px"
"....Nueva Vizcaya a/, b/, c/","Coefficient of Variation","2021","13.3","","2026-08-03T13-49-16-ffb070b97929","https://openstat.psa.gov.ph/PXWeb/pxweb/en/DB/DB__1F__FY/0041F3DF02A.px"
"....Nueva Vizcaya a/, b/, c/","Coefficient of Variation","2023","14","","2026-08-03T13-49-16-ffb070b97929","https://openstat.psa.gov.ph/PXWeb/pxweb/en/DB/DB__1F__FY/0041F3DF02A.px"
"....Nueva Vizcaya a/, b/, c/","Standard Error","2018","2","","2026-08-03T13-49-16-ffb070b97929","https://openstat.psa.gov.ph/PXWeb/pxweb/en/DB/DB__1F__FY/0041F3DF02A.px"
"....Nueva Vizcaya a/, b/, c/","Standard Error","2021","2","","2026-08-03T13-49-16-ffb070b97929","https://openstat.psa.gov.ph/PXWeb/pxweb/en/DB/DB__1F__FY/0041F3DF02A.px"
"....Nueva Vizcaya a/, b/, c/","Standard Error","2023","1.6","","2026-08-03T13-49-16-ffb070b97929","https://openstat.psa.gov.ph/PXWeb/pxweb/en/DB/DB__1F__FY/0041F3DF02A.px"
"....Nueva Vizcaya a/, b/, c/","95% Confidence Interval (Lower Limit)","2018","12.1","","2026-08-03T13-49-16-ffb070b97929","https://openstat.psa.gov.ph/PXWeb/pxweb/en/DB/DB__1F__FY/0041F3DF02A.px"
"....Nueva Vizcaya a/, b/, c/","95% Confidence Interval (Lower Limit)","2021","11.3","","2026-08-03T13-49-16-ffb070b97929","https://openstat.psa.gov.ph/PXWeb/pxweb/en/DB/DB__1F__FY/0041F3DF02A.px"
"....Nueva Vizcaya a/, b/, c/","95% Confidence Interval (Lower Limit)","2023","8.4","","2026-08-03T13-49-16-ffb070b97929","https://openstat.psa.gov.ph/PXWeb/pxweb/en/DB/DB__1F__FY/0041F3DF02A.px"
"....Nueva Vizcaya a/, b/, c/","95% Confidence Interval (Upper Limit)","2018","20","","2026-08-03T13-49-16-ffb070b97929","https://openstat.psa.gov.ph/PXWeb/pxweb/en/DB/DB__1F__FY/0041F3DF02A.px"
"....Nueva Vizcaya a/, b/, c/","95% Confidence Interval (Upper Limit)","2021","19.4","","2026-08-03T13-49-16-ffb070b97929","https://openstat.psa.gov.ph/PXWeb/pxweb/en/DB/DB__1F__FY/0041F3DF02A.px"
"....Nueva Vizcaya a/, b/, c/","95% Confidence Interval (Upper Limit)","2023","14.7","","2026-08-03T13-49-16-ffb070b97929","https://openstat.psa.gov.ph/PXWeb/pxweb/en/DB/DB__1F__FY/0041F3DF02A.px"
"....Quirino a/, b/, c/","Annual Per Capita Poverty Threshold (in PhP)","2018","23580.08","","2026-08-03T13-49-16-ffb070b97929","https://openstat.psa.gov.ph/PXWeb/pxweb/en/DB/DB__1F__FY/0041F3DF02A.px"
"....Quirino a/, b/, c/","Annual Per Capita Poverty Threshold (in PhP)","2021","27059.56","","2026-08-03T13-49-16-ffb070b97929","https://openstat.psa.gov.ph/PXWeb/pxweb/en/DB/DB__1F__FY/0041F3DF02A.px"
"....Quirino a/, b/, c/","Annual Per Capita Poverty Threshold (in PhP)","2023","29188.68","","2026-08-03T13-49-16-ffb070b97929","https://openstat.psa.gov.ph/PXWeb/pxweb/en/DB/DB__1F__FY/0041F3DF02A.px"
"....Quirino a/, b/, c/","Poverty Incidence among Population (%)","2018","12.6","","2026-08-03T13-49-16-ffb070b97929","https://openstat.psa.gov.ph/PXWeb/pxweb/en/DB/DB__1F__FY/0041F3DF02A.px"
"....Quirino a/, b/, c/","Poverty Incidence among Population (%)","2021","9.1","","2026-08-03T13-49-16-ffb070b97929","https://openstat.psa.gov.ph/PXWeb/pxweb/en/DB/DB__1F__FY/0041F3DF02A.px"
"....Quirino a/, b/, c/","Poverty Incidence among Population (%)","2023","10.2","","2026-08-03T13-49-16-ffb070b97929","https://openstat.psa.gov.ph/PXWeb/pxweb/en/DB/DB__1F__FY/0041F3DF02A.px"
"....Quirino a/, b/, c/","Coefficient of Variation","2018","11.5","","2026-08-03T13-49-16-ffb070b97929","https://openstat.psa.gov.ph/PXWeb/pxweb/en/DB/DB__1F__FY/0041F3DF02A.px"
"....Quirino a/, b/, c/","Coefficient of Variation","2021","13.7","","2026-08-03T13-49-16-ffb070b97929","https://openstat.psa.gov.ph/PXWeb/pxweb/en/DB/DB__1F__FY/0041F3DF02A.px"
"....Quirino a/, b/, c/","Coefficient of Variation","2023","13.7","","2026-08-03T13-49-16-ffb070b97929","https://openstat.psa.gov.ph/PXWeb/pxweb/en/DB/DB__1F__FY/0041F3DF02A.px"
"....Quirino a/, b/, c/","Standard Error","2018","1.4","","2026-08-03T13-49-16-ffb070b97929","https://openstat.psa.gov.ph/PXWeb/pxweb/en/DB/DB__1F__FY/0041F3DF02A.px"
"....Quirino a/, b/, c/","Standard Error","2021","1.2","","2026-08-03T13-49-16-ffb070b97929","https://openstat.psa.gov.ph/PXWeb/pxweb/en/DB/DB__1F__FY/0041F3DF02A.px"
"....Quirino a/, b/, c/","Standard Error","2023","1.4","","2026-08-03T13-49-16-ffb070b97929","https://openstat.psa.gov.ph/PXWeb/pxweb/en/DB/DB__1F__FY/0041F3DF02A.px"
"....Quirino a/, b/, c/","95% Confidence Interval (Lower Limit)","2018","9.7","","2026-08-03T13-49-16-ffb070b97929","https://openstat.psa.gov.ph/PXWeb/pxweb/en/DB/DB__1F__FY/0041F3DF02A.px"
"....Quirino a/, b/, c/","95% Confidence Interval (Lower Limit)","2021","6.6","","2026-08-03T13-49-16-ffb070b97929","https://openstat.psa.gov.ph/PXWeb/pxweb/en/DB/DB__1F__FY/0041F3DF02A.px"
"....Quirino a/, b/, c/","95% Confidence Interval (Lower Limit)","2023","7.5","","2026-08-03T13-49-16-ffb070b97929","https://openstat.psa.gov.ph/PXWeb/pxweb/en/DB/DB__1F__FY/0041F3DF02A.px"
"....Quirino a/, b/, c/","95% Confidence Interval (Upper Limit)","2018","15.4","","2026-08-03T13-49-16-ffb070b97929","https://openstat.psa.gov.ph/PXWeb/pxweb/en/DB/DB__1F__FY/0041F3DF02A.px"
"....Quirino a/, b/, c/","95% Confidence Interval (Upper Limit)","2021","11.5","","2026-08-03T13-49-16-ffb070b97929","https://openstat.psa.gov.ph/PXWeb/pxweb/en/DB/DB__1F__FY/0041F3DF02A.px"
"....Quirino a/, b/, c/","95% Confidence Interval (Upper Limit)","2023","12.9","","2026-08-03T13-49-16-ffb070b97929","https://openstat.psa.gov.ph/PXWeb/pxweb/en/DB/DB__1F__FY/0041F3DF02A.px"
"..Region III (Central Luzon) 1/, 2/","Annual Per Capita Poverty Threshold (in PhP)","2018","26954.4","","2026-08-03T13-49-16-ffb070b97929","https://openstat.psa.gov.ph/PXWeb/pxweb/en/DB/DB__1F__FY/0041F3DF02A.px"
"..Region III (Central Luzon) 1/, 2/","Annual Per Capita Poverty Threshold (in PhP)","2021","31584.34","","2026-08-03T13-49-16-ffb070b97929","https://openstat.psa.gov.ph/PXWeb/pxweb/en/DB/DB__1F__FY/0041F3DF02A.px"
"..Region III (Central Luzon) 1/, 2/","Annual Per Capita Poverty Threshold (in PhP)","2023","38509.97","","2026-08-03T13-49-16-ffb070b97929","https://openstat.psa.gov.ph/PXWeb/pxweb/en/DB/DB__1F__FY/0041F3DF02A.px"
"..Region III (Central Luzon) 1/, 2/","Poverty Incidence among Population (%)","2018","7","","2026-08-03T13-49-16-ffb070b97929","https://openstat.psa.gov.ph/PXWeb/pxweb/en/DB/DB__1F__FY/0041F3DF02A.px"
"..Region III (Central Luzon) 1/, 2/","Poverty Incidence among Population (%)","2021","11.4","","2026-08-03T13-49-16-ffb070b97929","https://openstat.psa.gov.ph/PXWeb/pxweb/en/DB/DB__1F__FY/0041F3DF02A.px"
"..Region III (Central Luzon) 1/, 2/","Poverty Incidence among Population (%)","2023","8.2","","2026-08-03T13-49-16-ffb070b97929","https://openstat.psa.gov.ph/PXWeb/pxweb/en/DB/DB__1F__FY/0041F3DF02A.px"
"..Region III (Central Luzon) 1/, 2/","Coefficient of Variation","2018","6.3","","2026-08-03T13-49-16-ffb070b97929","https://openstat.psa.gov.ph/PXWeb/pxweb/en/DB/DB__1F__FY/0041F3DF02A.px"
"..Region III (Central Luzon) 1/, 2/","Coefficient of Variation","2021","5.6","","2026-08-03T13-49-16-ffb070b97929","https://openstat.psa.gov.ph/PXWeb/pxweb/en/DB/DB__1F__FY/0041F3DF02A.px"
"..Region III (Central Luzon) 1/, 2/","Coefficient of Variation","2023","6","","2026-08-03T13-49-16-ffb070b97929","https://openstat.psa.gov.ph/PXWeb/pxweb/en/DB/DB__1F__FY/0041F3DF02A.px"
"..Region III (Central Luzon) 1/, 2/","Standard Error","2018","0.4","","2026-08-03T13-49-16-ffb070b97929","https://openstat.psa.gov.ph/PXWeb/pxweb/en/DB/DB__1F__FY/0041F3DF02A.px"
"..Region III (Central Luzon) 1/, 2/","Standard Error","2021","0.6","","2026-08-03T13-49-16-ffb070b97929","https://openstat.psa.gov.ph/PXWeb/pxweb/en/DB/DB__1F__FY/0041F3DF02A.px"
"..Region III (Central Luzon) 1/, 2/","Standard Error","2023","0.5","","2026-08-03T13-49-16-ffb070b97929","https://openstat.psa.gov.ph/PXWeb/pxweb/en/DB/DB__1F__FY/0041F3DF02A.px"
"..Region III (Central Luzon) 1/, 2/","95% Confidence Interval (Lower Limit)","2018","6.2","","2026-08-03T13-49-16-ffb070b97929","https://openstat.psa.gov.ph/PXWeb/pxweb/en/DB/DB__1F__FY/0041F3DF02A.px"
"..Region III (Central Luzon) 1/, 2/","95% Confidence Interval (Lower Limit)","2021","10.2","","2026-08-03T13-49-16-ffb070b97929","https://openstat.psa.gov.ph/PXWeb/pxweb/en/DB/DB__1F__FY/0041F3DF02A.px"
"..Region III (Central Luzon) 1/, 2/","95% Confidence Interval (Lower Limit)","2023","7.3","","2026-08-03T13-49-16-ffb070b97929","https://openstat.psa.gov.ph/PXWeb/pxweb/en/DB/DB__1F__FY/0041F3DF02A.px"
"..Region III (Central Luzon) 1/, 2/","95% Confidence Interval (Upper Limit)","2018","7.9","","2026-08-03T13-49-16-ffb070b97929","https://openstat.psa.gov.ph/PXWeb/pxweb/en/DB/DB__1F__FY/0041F3DF02A.px"
"..Region III (Central Luzon) 1/, 2/","95% Confidence Interval (Upper Limit)","2021","12.7","","2026-08-03T13-49-16-ffb070b97929","https://openstat.psa.gov.ph/PXWeb/pxweb/en/DB/DB__1F__FY/0041F3DF02A.px"
"..Region III (Central Luzon) 1/, 2/","95% Confidence Interval (Upper Limit)","2023","9.2","","2026-08-03T13-49-16-ffb070b97929","https://openstat.psa.gov.ph/PXWeb/pxweb/en/DB/DB__1F__FY/0041F3DF02A.px"
"....Aurora 2/, a/, b/, c/","Annual Per Capita Poverty Threshold (in PhP)","2018","25218.85","","2026-08-03T13-49-16-ffb070b97929","https://openstat.psa.gov.ph/PXWeb/pxweb/en/DB/DB__1F__FY/0041F3DF02A.px"
"....Aurora 2/, a/, b/, c/","Annual Per Capita Poverty Threshold (in PhP)","2021","30282.19","","2026-08-03T13-49-16-ffb070b97929","https://openstat.psa.gov.ph/PXWeb/pxweb/en/DB/DB__1F__FY/0041F3DF02A.px"
"....Aurora 2/, a/, b/, c/","Annual Per Capita Poverty Threshold (in PhP)","2023","33171.63","","2026-08-03T13-49-16-ffb070b97929","https://openstat.psa.gov.ph/PXWeb/pxweb/en/DB/DB__1F__FY/0041F3DF02A.px"
"....Aurora 2/, a/, b/, c/","Poverty Incidence among Population (%)","2018","16.4","","2026-08-03T13-49-16-ffb070b97929","https://openstat.psa.gov.ph/PXWeb/pxweb/en/DB/DB__1F__FY/0041F3DF02A.px"
"....Aurora 2/, a/, b/, c/","Poverty Incidence among Population (%)","2021","21.6","","2026-08-03T13-49-16-ffb070b97929","https://openstat.psa.gov.ph/PXWeb/pxweb/en/DB/DB__1F__FY/0041F3DF02A.px"
"....Aurora 2/, a/, b/, c/","Poverty Incidence among Population (%)","2023","15.3","","2026-08-03T13-49-16-ffb070b97929","https://openstat.psa.gov.ph/PXWeb/pxweb/en/DB/DB__1F__FY/0041F3DF02A.px"
"....Aurora 2/, a/, b/, c/","Coefficient of Variation","2018","11","","2026-08-03T13-49-16-ffb070b97929","https://openstat.psa.gov.ph/PXWeb/pxweb/en/DB/DB__1F__FY/0041F3DF02A.px"
"....Aurora 2/, a/, b/, c/","Coefficient of Variation","2021","10.9","","2026-08-03T13-49-16-ffb070b97929","https://openstat.psa.gov.ph/PXWeb/pxweb/en/DB/DB__1F__FY/0041F3DF02A.px"
"....Aurora 2/, a/, b/, c/","Coefficient of Variation","2023","10.9","","2026-08-03T13-49-16-ffb070b97929","https://openstat.psa.gov.ph/PXWeb/pxweb/en/DB/DB__1F__FY/0041F3DF02A.px"
"....Aurora 2/, a/, b/, c/","Standard Error","2018","1.8","","2026-08-03T13-49-16-ffb070b97929","https://openstat.psa.gov.ph/PXWeb/pxweb/en/DB/DB__1F__FY/0041F3DF02A.px"
"....Aurora 2/, a/, b/, c/","Standard Error","2021","2.4","","2026-08-03T13-49-16-ffb070b97929","https://openstat.psa.gov.ph/PXWeb/pxweb/en/DB/DB__1F__FY/0041F3DF02A.px"
"....Aurora 2/, a/, b/, c/","Standard Error","2023","1.7","","2026-08-03T13-49-16-ffb070b97929","https://openstat.psa.gov.ph/PXWeb/pxweb/en/DB/DB__1F__FY/0041F3DF02A.px"
"....Aurora 2/, a/, b/, c/","95% Confidence Interval (Lower Limit)","2018","12.9","","2026-08-03T13-49-16-ffb070b97929","https://openstat.psa.gov.ph/PXWeb/pxweb/en/DB/DB__1F__FY/0041F3DF02A.px"
"....Aurora 2/, a/, b/, c/","95% Confidence Interval (Lower Limit)","2021","17","","2026-08-03T13-49-16-ffb070b97929","https://openstat.psa.gov.ph/PXWeb/pxweb/en/DB/DB__1F__FY/0041F3DF02A.px"
"....Aurora 2/, a/, b/, c/","95% Confidence Interval (Lower Limit)","2023","12","","2026-08-03T13-49-16-ffb070b97929","https://openstat.psa.gov.ph/PXWeb/pxweb/en/DB/DB__1F__FY/0041F3DF02A.px"
"....Aurora 2/, a/, b/, c/","95% Confidence Interval (Upper Limit)","2018","19.9","","2026-08-03T13-49-16-ffb070b97929","https://openstat.psa.gov.ph/PXWeb/pxweb/en/DB/DB__1F__FY/0041F3DF02A.px"
"....Aurora 2/, a/, b/, c/","95% Confidence Interval (Upper Limit)","2021","26.2","","2026-08-03T13-49-16-ffb070b97929","https://openstat.psa.gov.ph/PXWeb/pxweb/en/DB/DB__1F__FY/0041F3DF02A.px"
"....Aurora 2/, a/, b/, c/","95% Confidence Interval (Upper Limit)","2023","18.6","","2026-08-03T13-49-16-ffb070b97929","https://openstat.psa.gov.ph/PXWeb/pxweb/en/DB/DB__1F__FY/0041F3DF02A.px"
"....Bataan 1/, a/, b/, c/","Annual Per Capita Poverty Threshold (in PhP)","2018","29496.13","","2026-08-03T13-49-16-ffb070b97929","https://openstat.psa.gov.ph/PXWeb/pxweb/en/DB/DB__1F__FY/0041F3DF02A.px"
"....Bataan 1/, a/, b/, c/","Annual Per Capita Poverty Threshold (in PhP)","2021","31045.7","","2026-08-03T13-49-16-ffb070b97929","https://openstat.psa.gov.ph/PXWeb/pxweb/en/DB/DB__1F__FY/0041F3DF02A.px"
"....Bataan 1/, a/, b/, c/","Annual Per Capita Poverty Threshold (in PhP)","2023","35822.39","","2026-08-03T13-49-16-ffb070b97929","https://openstat.psa.gov.ph/PXWeb/pxweb/en/DB/DB__1F__FY/0041F3DF02A.px"
"....Bataan 1/, a/, b/, c/","Poverty Incidence among Population (%)","2018","7.9","","2026-08-03T13-49-16-ffb070b97929","https://openstat.psa.gov.ph/PXWeb/pxweb/en/DB/DB__1F__FY/0041F3DF02A.px"
"....Bataan 1/, a/, b/, c/","Poverty Incidence among Population (%)","2021","11.6","","2026-08-03T13-49-16-ffb070b97929","https://openstat.psa.gov.ph/PXWeb/pxweb/en/DB/DB__1F__FY/0041F3DF02A.px"
"....Bataan 1/, a/, b/, c/","Poverty Incidence among Population (%)","2023","9","","2026-08-03T13-49-16-ffb070b97929","https://openstat.psa.gov.ph/PXWeb/pxweb/en/DB/DB__1F__FY/0041F3DF02A.px"
"....Bataan 1/, a/, b/, c/","Coefficient of Variation","2018","13.8","","2026-08-03T13-49-16-ffb070b97929","https://openstat.psa.gov.ph/PXWeb/pxweb/en/DB/DB__1F__FY/0041F3DF02A.px"
"....Bataan 1/, a/, b/, c/","Coefficient of Variation","2021","10.4","","2026-08-03T13-49-16-ffb070b97929","https://openstat.psa.gov.ph/PXWeb/pxweb/en/DB/DB__1F__FY/0041F3DF02A.px"
"....Bataan 1/, a/, b/, c/","Coefficient of Variation","2023","11.9","","2026-08-03T13-49-16-ffb070b97929","https://openstat.psa.gov.ph/PXWeb/pxweb/en/DB/DB__1F__FY/0041F3DF02A.px"
"....Bataan 1/, a/, b/, c/","Standard Error","2018","1.1","","2026-08-03T13-49-16-ffb070b97929","https://openstat.psa.gov.ph/PXWeb/pxweb/en/DB/DB__1F__FY/0041F3DF02A.px"
"....Bataan 1/, a/, b/, c/","Standard Error","2021","1.2","","2026-08-03T13-49-16-ffb070b97929","https://openstat.psa.gov.ph/PXWeb/pxweb/en/DB/DB__1F__FY/0041F3DF02A.px"
"....Bataan 1/, a/, b/, c/","Standard Error","2023","1.1","","2026-08-03T13-49-16-ffb070b97929","https://openstat.psa.gov.ph/PXWeb/pxweb/en/DB/DB__1F__FY/0041F3DF02A.px"
"....Bataan 1/, a/, b/, c/","95% Confidence Interval (Lower Limit)","2018","5.8","","2026-08-03T13-49-16-ffb070b97929","https://openstat.psa.gov.ph/PXWeb/pxweb/en/DB/DB__1F__FY/0041F3DF02A.px"
"....Bataan 1/, a/, b/, c/","95% Confidence Interval (Lower Limit)","2021","9.3","","2026-08-03T13-49-16-ffb070b97929","https://openstat.psa.gov.ph/PXWeb/pxweb/en/DB/DB__1F__FY/0041F3DF02A.px"
"....Bataan 1/, a/, b/, c/","95% Confidence Interval (Lower Limit)","2023","6.9","","2026-08-03T13-49-16-ffb070b97929","https://openstat.psa.gov.ph/PXWeb/pxweb/en/DB/DB__1F__FY/0041F3DF02A.px"
"....Bataan 1/, a/, b/, c/","95% Confidence Interval (Upper Limit)","2018","10.1","","2026-08-03T13-49-16-ffb070b97929","https://openstat.psa.gov.ph/PXWeb/pxweb/en/DB/DB__1F__FY/0041F3DF02A.px"
"....Bataan 1/, a/, b/, c/","95% Confidence Interval (Upper Limit)","2021","14","","2026-08-03T13-49-16-ffb070b97929","https://openstat.psa.gov.ph/PXWeb/pxweb/en/DB/DB__1F__FY/0041F3DF02A.px"
"....Bataan 1/, a/, b/, c/","95% Confidence Interval (Upper Limit)","2023","11.1","","2026-08-03T13-49-16-ffb070b97929","https://openstat.psa.gov.ph/PXWeb/pxweb/en/DB/DB__1F__FY/0041F3DF02A.px"
"....Bulacan 1/, 3/, a/, b/, c/","Annual Per Capita Poverty Threshold (in PhP)","2018","27244.15","","2026-08-03T13-49-16-ffb070b97929","https://openstat.psa.gov.ph/PXWeb/pxweb/en/DB/DB__1F__FY/0041F3DF02A.px"
"....Bulacan 1/, 3/, a/, b/, c/","Annual Per Capita Poverty Threshold (in PhP)","2021","33591.1","","2026-08-03T13-49-16-ffb070b97929","https://openstat.psa.gov.ph/PXWeb/pxweb/en/DB/DB__1F__FY/0041F3DF02A.px"
"....Bulacan 1/, 3/, a/, b/, c/","Annual Per Capita Poverty Threshold (in PhP)","2023","41511.01","","2026-08-03T13-49-16-ffb070b97929","https://openstat.psa.gov.ph/PXWeb/pxweb/en/DB/DB__1F__FY/0041F3DF02A.px"
"....Bulacan 1/, 3/, a/, b/, c/","Poverty Incidence among Population (%)","2018","5.1","","2026-08-03T13-49-16-ffb070b97929","https://openstat.psa.gov.ph/PXWeb/pxweb/en/DB/DB__1F__FY/0041F3DF02A.px"
"....Bulacan 1/, 3/, a/, b/, c/","Poverty Incidence among Population (%)","2021","11","","2026-08-03T13-49-16-ffb070b97929","https://openstat.psa.gov.ph/PXWeb/pxweb/en/DB/DB__1F__FY/0041F3DF02A.px"
"....Bulacan 1/, 3/, a/, b/, c/","Poverty Incidence among Population (%)","2023","8.6","","2026-08-03T13-49-16-ffb070b97929","https://openstat.psa.gov.ph/PXWeb/pxweb/en/DB/DB__1F__FY/0041F3DF02A.px"
"....Bulacan 1/, 3/, a/, b/, c/","Coefficient of Variation","2018","19.2","","2026-08-03T13-49-16-ffb070b97929","https://openstat.psa.gov.ph/PXWeb/pxweb/en/DB/DB__1F__FY/0041F3DF02A.px"
"....Bulacan 1/, 3/, a/, b/, c/","Coefficient of Variation","2021","14.6","","2026-08-03T13-49-16-ffb070b97929","https://openstat.psa.gov.ph/PXWeb/pxweb/en/DB/DB__1F__FY/0041F3DF02A.px"
"....Bulacan 1/, 3/, a/, b/, c/","Coefficient of Variation","2023","11.8","","2026-08-03T13-49-16-ffb070b97929","https://openstat.psa.gov.ph/PXWeb/pxweb/en/DB/DB__1F__FY/0041F3DF02A.px"
"....Bulacan 1/, 3/, a/, b/, c/","Standard Error","2018","1","","2026-08-03T13-49-16-ffb070b97929","https://openstat.psa.gov.ph/PXWeb/pxweb/en/DB/DB__1F__FY/0041F3DF02A.px"
"....Bulacan 1/, 3/, a/, b/, c/","Standard Error","2021","1.6","","2026-08-03T13-49-16-ffb070b97929","https://openstat.psa.gov.ph/PXWeb/pxweb/en/DB/DB__1F__FY/0041F3DF02A.px"
"....Bulacan 1/, 3/, a/, b/, c/","Standard Error","2023","1","","2026-08-03T13-49-16-ffb070b97929","https://openstat.psa.gov.ph/PXWeb/pxweb/en/DB/DB__1F__FY/0041F3DF02A.px"
"....Bulacan 1/, 3/, a/, b/, c/","95% Confidence Interval (Lower Limit)","2018","3.2","","2026-08-03T13-49-16-ffb070b97929","https://openstat.psa.gov.ph/PXWeb/pxweb/en/DB/DB__1F__FY/0041F3DF02A.px"
"....Bulacan 1/, 3/, a/, b/, c/","95% Confidence Interval (Lower Limit)","2021","7.9","","2026-08-03T13-49-16-ffb070b97929","https://openstat.psa.gov.ph/PXWeb/pxweb/en/DB/DB__1F__FY/0041F3DF02A.px"
"....Bulacan 1/, 3/, a/, b/, c/","95% Confidence Interval (Lower Limit)","2023","6.6","","2026-08-03T13-49-16-ffb070b97929","https://openstat.psa.gov.ph/PXWeb/pxweb/en/DB/DB__1F__FY/0041F3DF02A.px"
"....Bulacan 1/, 3/, a/, b/, c/","95% Confidence Interval (Upper Limit)","2018","7","","2026-08-03T13-49-16-ffb070b97929","https://openstat.psa.gov.ph/PXWeb/pxweb/en/DB/DB__1F__FY/0041F3DF02A.px"
"....Bulacan 1/, 3/, a/, b/, c/","95% Confidence Interval (Upper Limit)","2021","14.2","","2026-08-03T13-49-16-ffb070b97929","https://openstat.psa.gov.ph/PXWeb/pxweb/en/DB/DB__1F__FY/0041F3DF02A.px"
"....Bulacan 1/, 3/, a/, b/, c/","95% Confidence Interval (Upper Limit)","2023","10.6","","2026-08-03T13-49-16-ffb070b97929","https://openstat.psa.gov.ph/PXWeb/pxweb/en/DB/DB__1F__FY/0041F3DF02A.px"
"....Nueva Ecija 1/, a/, b/, c/","Annual Per Capita Poverty Threshold (in PhP)","2018","25465.84","","2026-08-03T13-49-16-ffb070b97929","https://openstat.psa.gov.ph/PXWeb/pxweb/en/DB/DB__1F__FY/0041F3DF02A.px"
"....Nueva Ecija 1/, a/, b/, c/","Annual Per Capita Poverty Threshold (in PhP)","2021","29751.43","","2026-08-03T13-49-16-ffb070b97929","https://openstat.psa.gov.ph/PXWeb/pxweb/en/DB/DB__1F__FY/0041F3DF02A.px"
"....Nueva Ecija 1/, a/, b/, c/","Annual Per Capita Poverty Threshold (in PhP)","2023","36339.27","","2026-08-03T13-49-16-ffb070b97929","https://openstat.psa.gov.ph/PXWeb/pxweb/en/DB/DB__1F__FY/0041F3DF02A.px"
"....Nueva Ecija 1/, a/, b/, c/","Poverty Incidence among Population (%)","2018","8.5","","2026-08-03T13-49-16-ffb070b97929","https://openstat.psa.gov.ph/PXWeb/pxweb/en/DB/DB__1F__FY/0041F3DF02A.px"
"....Nueva Ecija 1/, a/, b/, c/","Poverty Incidence among Population (%)","2021","13.9","","2026-08-03T13-49-16-ffb070b97929","https://openstat.psa.gov.ph/PXWeb/pxweb/en/DB/DB__1F__FY/0041F3DF02A.px"
"....Nueva Ecija 1/, a/, b/, c/","Poverty Incidence among Population (%)","2023","10.2","","2026-08-03T13-49-16-ffb070b97929","https://openstat.psa.gov.ph/PXWeb/pxweb/en/DB/DB__1F__FY/0041F3DF02A.px"
"....Nueva Ecija 1/, a/, b/, c/","Coefficient of Variation","2018","13.1","","2026-08-03T13-49-16-ffb070b97929","https://openstat.psa.gov.ph/PXWeb/pxweb/en/DB/DB__1F__FY/0041F3DF02A.px"
"....Nueva Ecija 1/, a/, b/, c/","Coefficient of Variation","2021","12.3","","2026-08-03T13-49-16-ffb070b97929","https://openstat.psa.gov.ph/PXWeb/pxweb/en/DB/DB__1F__FY/0041F3DF02A.px"
"....Nueva Ecija 1/, a/, b/, c/","Coefficient of Variation","2023","15.2","","2026-08-03T13-49-16-ffb070b97929","https://openstat.psa.gov.ph/PXWeb/pxweb/en/DB/DB__1F__FY/0041F3DF02A.px"
"....Nueva Ecija 1/, a/, b/, c/","Standard Error","2018","1.1","","2026-08-03T13-49-16-ffb070b97929","https://openstat.psa.gov.ph/PXWeb/pxweb/en/DB/DB__1F__FY/0041F3DF02A.px"
"....Nueva Ecija 1/, a/, b/, c/","Standard Error","2021","1.7","","2026-08-03T13-49-16-ffb070b97929","https://openstat.psa.gov.ph/PXWeb/pxweb/en/DB/DB__1F__FY/0041F3DF02A.px"
"....Nueva Ecija 1/, a/, b/, c/","Standard Error","2023","1.6","","2026-08-03T13-49-16-ffb070b97929","https://openstat.psa.gov.ph/PXWeb/pxweb/en/DB/DB__1F__FY/0041F3DF02A.px"
"....Nueva Ecija 1/, a/, b/, c/","95% Confidence Interval (Lower Limit)","2018","6.4","","2026-08-03T13-49-16-ffb070b97929","https://openstat.psa.gov.ph/PXWeb/pxweb/en/DB/DB__1F__FY/0041F3DF02A.px"
"....Nueva Ecija 1/, a/, b/, c/","95% Confidence Interval (Lower Limit)","2021","10.5","","2026-08-03T13-49-16-ffb070b97929","https://openstat.psa.gov.ph/PXWeb/pxweb/en/DB/DB__1F__FY/0041F3DF02A.px"
"....Nueva Ecija 1/, a/, b/, c/","95% Confidence Interval (Lower Limit)","2023","7.2","","2026-08-03T13-49-16-ffb070b97929","https://openstat.psa.gov.ph/PXWeb/pxweb/en/DB/DB__1F__FY/0041F3DF02A.px"
"....Nueva Ecija 1/, a/, b/, c/","95% Confidence Interval (Upper Limit)","2018","10.7","","2026-08-03T13-49-16-ffb070b97929","https://openstat.psa.gov.ph/PXWeb/pxweb/en/DB/DB__1F__FY/0041F3DF02A.px"
"....Nueva Ecija 1/, a/, b/, c/","95% Confidence Interval (Upper Limit)","2021","17.2","","2026-08-03T13-49-16-ffb070b97929","https://openstat.psa.gov.ph/PXWeb/pxweb/en/DB/DB__1F__FY/0041F3DF02A.px"
"....Nueva Ecija 1/, a/, b/, c/","95% Confidence Interval (Upper Limit)","2023","13.3","","2026-08-03T13-49-16-ffb070b97929","https://openstat.psa.gov.ph/PXWeb/pxweb/en/DB/DB__1F__FY/0041F3DF02A.px"
"....Pampanga (w/o the City of Angeles) 2/, a/, b/, c/","Annual Per Capita Poverty Threshold (in PhP)","2018","26585.13","","2026-08-03T13-49-16-ffb070b97929","https://openstat.psa.gov.ph/PXWeb/pxweb/en/DB/DB__1F__FY/0041F3DF02A.px"
"....Pampanga (w/o the City of Angeles) 2/, a/, b/, c/","Annual Per Capita Poverty Threshold (in PhP)","2021","33593.14","","2026-08-03T13-49-16-ffb070b97929","https://openstat.psa.gov.ph/PXWeb/pxweb/en/DB/DB__1F__FY/0041F3DF02A.px"
"....Pampanga (w/o the City of Angeles) 2/, a/, b/, c/","Annual Per Capita Poverty Threshold (in PhP)","2023","38397.48","","2026-08-03T13-49-16-ffb070b97929","https://openstat.psa.gov.ph/PXWeb/pxweb/en/DB/DB__1F__FY/0041F3DF02A.px"
"....Pampanga (w/o the City of Angeles) 2/, a/, b/, c/","Poverty Incidence among Population (%)","2018","3.3","","2026-08-03T13-49-16-ffb070b97929","https://openstat.psa.gov.ph/PXWeb/pxweb/en/DB/DB__1F__FY/0041F3DF02A.px"
"....Pampanga (w/o the City of Angeles) 2/, a/, b/, c/","Poverty Incidence among Population (%)","2021","5.3","","2026-08-03T13-49-16-ffb070b97929","https://openstat.psa.gov.ph/PXWeb/pxweb/en/DB/DB__1F__FY/0041F3DF02A.px"
"....Pampanga (w/o the City of Angeles) 2/, a/, b/, c/","Poverty Incidence among Population (%)","2023","2","","2026-08-03T13-49-16-ffb070b97929","https://openstat.psa.gov.ph/PXWeb/pxweb/en/DB/DB__1F__FY/0041F3DF02A.px"
"....Pampanga (w/o the City of Angeles) 2/, a/, b/, c/","Coefficient of Variation","2018","27.8","","2026-08-03T13-49-16-ffb070b97929","https://openstat.psa.gov.ph/PXWeb/pxweb/en/DB/DB__1F__FY/0041F3DF02A.px"
"....Pampanga (w/o the City of Angeles) 2/, a/, b/, c/","Coefficient of Variation","2021","18.8","","2026-08-03T13-49-16-ffb070b97929","https://openstat.psa.gov.ph/PXWeb/pxweb/en/DB/DB__1F__FY/0041F3DF02A.px"
"....Pampanga (w/o the City of Angeles) 2/, a/, b/, c/","Coefficient of Variation","2023","24.4","","2026-08-03T13-49-16-ffb070b97929","https://openstat.psa.gov.ph/PXWeb/pxweb/en/DB/DB__1F__FY/0041F3DF02A.px"
"....Pampanga (w/o the City of Angeles) 2/, a/, b/, c/","Standard Error","2018","0.9","","2026-08-03T13-49-16-ffb070b97929","https://openstat.psa.gov.ph/PXWeb/pxweb/en/DB/DB__1F__FY/0041F3DF02A.px"
"....Pampanga (w/o the City of Angeles) 2/, a/, b/, c/","Standard Error","2021","1","","2026-08-03T13-49-16-ffb070b97929","https://openstat.psa.gov.ph/PXWeb/pxweb/en/DB/DB__1F__FY/0041F3DF02A.px"
"....Pampanga (w/o the City of Angeles) 2/, a/, b/, c/","Standard Error","2023","0.5","","2026-08-03T13-49-16-ffb070b97929","https://openstat.psa.gov.ph/PXWeb/pxweb/en/DB/DB__1F__FY/0041F3DF02A.px"
"....Pampanga (w/o the City of Angeles) 2/, a/, b/, c/","95% Confidence Interval (Lower Limit)","2018","1.5","","2026-08-03T13-49-16-ffb070b97929","https://openstat.psa.gov.ph/PXWeb/pxweb/en/DB/DB__1F__FY/0041F3DF02A.px"
"....Pampanga (w/o the City of Angeles) 2/, a/, b/, c/","95% Confidence Interval (Lower Limit)","2021","3.3","","2026-08-03T13-49-16-ffb070b97929","https://openstat.psa.gov.ph/PXWeb/pxweb/en/DB/DB__1F__FY/0041F3DF02A.px"
"....Pampanga (w/o the City of Angeles) 2/, a/, b/, c/","95% Confidence Interval (Lower Limit)","2023","1","","2026-08-03T13-49-16-ffb070b97929","https://openstat.psa.gov.ph/PXWeb/pxweb/en/DB/DB__1F__FY/0041F3DF02A.px"
"....Pampanga (w/o the City of Angeles) 2/, a/, b/, c/","95% Confidence Interval (Upper Limit)","2018","5","","2026-08-03T13-49-16-ffb070b97929","https://openstat.psa.gov.ph/PXWeb/pxweb/en/DB/DB__1F__FY/0041F3DF02A.px"
"....Pampanga (w/o the City of Angeles) 2/, a/, b/, c/","95% Confidence Interval (Upper Limit)","2021","7.2","","2026-08-03T13-49-16-ffb070b97929","https://openstat.psa.gov.ph/PXWeb/pxweb/en/DB/DB__1F__FY/0041F3DF02A.px"
"....Pampanga (w/o the City of Angeles) 2/, a/, b/, c/","95% Confidence Interval (Upper Limit)","2023","2.9","","2026-08-03T13-49-16-ffb070b97929","https://openstat.psa.gov.ph/PXWeb/pxweb/en/DB/DB__1F__FY/0041F3DF02A.px"
"....City of Angeles 2/, a/, b/, c/","Annual Per Capita Poverty Threshold (in PhP)","2018","27085.98","","2026-08-03T13-49-16-ffb070b97929","https://openstat.psa.gov.ph/PXWeb/pxweb/en/DB/DB__1F__FY/0041F3DF02A.px"
"....City of Angeles 2/, a/, b/, c/","Annual Per Capita Poverty Threshold (in PhP)","2021","34373.12","","2026-08-03T13-49-16-ffb070b97929","https://openstat.psa.gov.ph/PXWeb/pxweb/en/DB/DB__1F__FY/0041F3DF02A.px"
"....City of Angeles 2/, a/, b/, c/","Annual Per Capita Poverty Threshold (in PhP)","2023","38167.35","","2026-08-03T13-49-16-ffb070b97929","https://openstat.psa.gov.ph/PXWeb/pxweb/en/DB/DB__1F__FY/0041F3DF02A.px"
"....City of Angeles 2/, a/, b/, c/","Poverty Incidence among Population (%)","2018","1.7","","2026-08-03T13-49-16-ffb070b97929","https://openstat.psa.gov.ph/PXWeb/pxweb/en/DB/DB__1F__FY/0041F3DF02A.px"
"....City of Angeles 2/, a/, b/, c/","Poverty Incidence among Population (%)","2021","3","","2026-08-03T13-49-16-ffb070b97929","https://openstat.psa.gov.ph/PXWeb/pxweb/en/DB/DB__1F__FY/0041F3DF02A.px"
"....City of Angeles 2/, a/, b/, c/","Poverty Incidence among Population (%)","2023","0.6","","2026-08-03T13-49-16-ffb070b97929","https://openstat.psa.gov.ph/PXWeb/pxweb/en/DB/DB__1F__FY/0041F3DF02A.px"
"....City of Angeles 2/, a/, b/, c/","Coefficient of Variation","2018","29.4","","2026-08-03T13-49-16-ffb070b97929","https://openstat.psa.gov.ph/PXWeb/pxweb/en/DB/DB__1F__FY/0041F3DF02A.px"
"....City of Angeles 2/, a/, b/, c/","Coefficient of Variation","2021","25","","2026-08-03T13-49-16-ffb070b97929","https://openstat.psa.gov.ph/PXWeb/pxweb/en/DB/DB__1F__FY/0041F3DF02A.px"
"....City of Angeles 2/, a/, b/, c/","Coefficient of Variation","2023","50.3","","2026-08-03T13-49-16-ffb070b97929","https://openstat.psa.gov.ph/PXWeb/pxweb/en/DB/DB__1F__FY/0041F3DF02A.px"
"....City of Angeles 2/, a/, b/, c/","Standard Error","2018","0.5","","2026-08-03T13-49-16-ffb070b97929","https://openstat.psa.gov.ph/PXWeb/pxweb/en/DB/DB__1F__FY/0041F3DF02A.px"
"....City of Angeles 2/, a/, b/, c/","Standard Error","2021","0.7","","2026-08-03T13-49-16-ffb070b97929","https://openstat.psa.gov.ph/PXWeb/pxweb/en/DB/DB__1F__FY/0041F3DF02A.px"
"....City of Angeles 2/, a/, b/, c/","Standard Error","2023","0.3","","2026-08-03T13-49-16-ffb070b97929","https://openstat.psa.gov.ph/PXWeb/pxweb/en/DB/DB__1F__FY/0041F3DF02A.px"
"....City of Angeles 2/, a/, b/, c/","95% Confidence Interval (Lower Limit)","2018","0.7","","2026-08-03T13-49-16-ffb070b97929","https://openstat.psa.gov.ph/PXWeb/pxweb/en/DB/DB__1F__FY/0041F3DF02A.px"
"....City of Angeles 2/, a/, b/, c/","95% Confidence Interval (Lower Limit)","2021","1.5","","2026-08-03T13-49-16-ffb070b97929","https://openstat.psa.gov.ph/PXWeb/pxweb/en/DB/DB__1F__FY/0041F3DF02A.px"
"....City of Angeles 2/, a/, b/, c/","95% Confidence Interval (Lower Limit)","2023","0","","2026-08-03T13-49-16-ffb070b97929","https://openstat.psa.gov.ph/PXWeb/pxweb/en/DB/DB__1F__FY/0041F3DF02A.px"
"....City of Angeles 2/, a/, b/, c/","95% Confidence Interval (Upper Limit)","2018","2.7","","2026-08-03T13-49-16-ffb070b97929","https://openstat.psa.gov.ph/PXWeb/pxweb/en/DB/DB__1F__FY/0041F3DF02A.px"
"....City of Angeles 2/, a/, b/, c/","95% Confidence Interval (Upper Limit)","2021","4.4","","2026-08-03T13-49-16-ffb070b97929","https://openstat.psa.gov.ph/PXWeb/pxweb/en/DB/DB__1F__FY/0041F3DF02A.px"
"....City of Angeles 2/, a/, b/, c/","95% Confidence Interval (Upper Limit)","2023","1.1","","2026-08-03T13-49-16-ffb070b97929","https://openstat.psa.gov.ph/PXWeb/pxweb/en/DB/DB__1F__FY/0041F3DF02A.px"
"....Tarlac a/, c/","Annual Per Capita Poverty Threshold (in PhP)","2018","25385.57","","2026-08-03T13-49-16-ffb070b97929","https://openstat.psa.gov.ph/PXWeb/pxweb/en/DB/DB__1F__FY/0041F3DF02A.px"
"....Tarlac a/, c/","Annual Per Capita Poverty Threshold (in PhP)","2021","29704.42","","2026-08-03T13-49-16-ffb070b97929","https://openstat.psa.gov.ph/PXWeb/pxweb/en/DB/DB__1F__FY/0041F3DF02A.px"
"....Tarlac a/, c/","Annual Per Capita Poverty Threshold (in PhP)","2023","36681.78","","2026-08-03T13-49-16-ffb070b97929","https://openstat.psa.gov.ph/PXWeb/pxweb/en/DB/DB__1F__FY/0041F3DF02A.px"
"....Tarlac a/, c/","Poverty Incidence among Population (%)","2018","10.5","","2026-08-03T13-49-16-ffb070b97929","https://openstat.psa.gov.ph/PXWeb/pxweb/en/DB/DB__1F__FY/0041F3DF02A.px"
"....Tarlac a/, c/","Poverty Incidence among Population (%)","2021","11.9","","2026-08-03T13-49-16-ffb070b97929","https://openstat.psa.gov.ph/PXWeb/pxweb/en/DB/DB__1F__FY/0041F3DF02A.px"
"....Tarlac a/, c/","Poverty Incidence among Population (%)","2023","9.9","","2026-08-03T13-49-16-ffb070b97929","https://openstat.psa.gov.ph/PXWeb/pxweb/en/DB/DB__1F__FY/0041F3DF02A.px"
"....Tarlac a/, c/","Coefficient of Variation","2018","10.6","","2026-08-03T13-49-16-ffb070b97929","https://openstat.psa.gov.ph/PXWeb/pxweb/en/DB/DB__1F__FY/0041F3DF02A.px"
"....Tarlac a/, c/","Coefficient of Variation","2021","9.6","","2026-08-03T13-49-16-ffb070b97929","https://openstat.psa.gov.ph/PXWeb/pxweb/en/DB/DB__1F__FY/0041F3DF02A.px"
"....Tarlac a/, c/","Coefficient of Variation","2023","14.8","","2026-08-03T13-49-16-ffb070b97929","https://openstat.psa.gov.ph/PXWeb/pxweb/en/DB/DB__1F__FY/0041F3DF02A.px"
"....Tarlac a/, c/","Standard Error","2018","1.1","","2026-08-03T13-49-16-ffb070b97929","https://openstat.psa.gov.ph/PXWeb/pxweb/en/DB/DB__1F__FY/0041F3DF02A.px"
"....Tarlac a/, c/","Standard Error","2021","1.1","","2026-08-03T13-49-16-ffb070b97929","https://openstat.psa.gov.ph/PXWeb/pxweb/en/DB/DB__1F__FY/0041F3DF02A.px"
"....Tarlac a/, c/","Standard Error","2023","1.5","","2026-08-03T13-49-16-ffb070b97929","https://openstat.psa.gov.ph/PXWeb/pxweb/en/DB/DB__1F__FY/0041F3DF02A.px"
"....Tarlac a/, c/","95% Confidence Interval (Lower Limit)","2018","8.3","","2026-08-03T13-49-16-ffb070b97929","https://openstat.psa.gov.ph/PXWeb/pxweb/en/DB/DB__1F__FY/0041F3DF02A.px"
"....Tarlac a/, c/","95% Confidence Interval (Lower Limit)","2021","9.7","","2026-08-03T13-49-16-ffb070b97929","https://openstat.psa.gov.ph/PXWeb/pxweb/en/DB/DB__1F__FY/0041F3DF02A.px"
"....Tarlac a/, c/","95% Confidence Interval (Lower Limit)","2023","7","","2026-08-03T13-49-16-ffb070b97929","https://openstat.psa.gov.ph/PXWeb/pxweb/en/DB/DB__1F__FY/0041F3DF02A.px"
"....Tarlac a/, c/","95% Confidence Interval (Upper Limit)","2018","12.6","","2026-08-03T13-49-16-ffb070b97929","https://openstat.psa.gov.ph/PXWeb/pxweb/en/DB/DB__1F__FY/0041F3DF02A.px"
"....Tarlac a/, c/","95% Confidence Interval (Upper Limit)","2021","14.1","","2026-08-03T13-49-16-ffb070b97929","https://openstat.psa.gov.ph/PXWeb/pxweb/en/DB/DB__1F__FY/0041F3DF02A.px"
"....Tarlac a/, c/","95% Confidence Interval (Upper Limit)","2023","12.8","","2026-08-03T13-49-16-ffb070b97929","https://openstat.psa.gov.ph/PXWeb/pxweb/en/DB/DB__1F__FY/0041F3DF02A.px"
"....Zambales (w/o the City of Olongapo) 1/, 2/, a/","Annual Per Capita Poverty Threshold (in PhP)","2018","29897.28","","2026-08-03T13-49-16-ffb070b97929","https://openstat.psa.gov.ph/PXWeb/pxweb/en/DB/DB__1F__FY/0041F3DF02A.px"
"....Zambales (w/o the City of Olongapo) 1/, 2/, a/","Annual Per Capita Poverty Threshold (in PhP)","2021","34181.12","","2026-08-03T13-49-16-ffb070b97929","https://openstat.psa.gov.ph/PXWeb/pxweb/en/DB/DB__1F__FY/0041F3DF02A.px"
"....Zambales (w/o the City of Olongapo) 1/, 2/, a/","Annual Per Capita Poverty Threshold (in PhP)","2023","39714.31","","2026-08-03T13-49-16-ffb070b97929","https://openstat.psa.gov.ph/PXWeb/pxweb/en/DB/DB__1F__FY/0041F3DF02A.px"
"....Zambales (w/o the City of Olongapo) 1/, 2/, a/","Poverty Incidence among Population (%)","2018","18.9","","2026-08-03T13-49-16-ffb070b97929","https://openstat.psa.gov.ph/PXWeb/pxweb/en/DB/DB__1F__FY/0041F3DF02A.px"
"....Zambales (w/o the City of Olongapo) 1/, 2/, a/","Poverty Incidence among Population (%)","2021","29.1","","2026-08-03T13-49-16-ffb070b97929","https://openstat.psa.gov.ph/PXWeb/pxweb/en/DB/DB__1F__FY/0041F3DF02A.px"
"....Zambales (w/o the City of Olongapo) 1/, 2/, a/","Poverty Incidence among Population (%)","2023","19.2","","2026-08-03T13-49-16-ffb070b97929","https://openstat.psa.gov.ph/PXWeb/pxweb/en/DB/DB__1F__FY/0041F3DF02A.px"
"....Zambales (w/o the City of Olongapo) 1/, 2/, a/","Coefficient of Variation","2018","10.9","","2026-08-03T13-49-16-ffb070b97929","https://openstat.psa.gov.ph/PXWeb/pxweb/en/DB/DB__1F__FY/0041F3DF02A.px"
"....Zambales (w/o the City of Olongapo) 1/, 2/, a/","Coefficient of Variation","2021","7.2","","2026-08-03T13-49-16-ffb070b97929","https://openstat.psa.gov.ph/PXWeb/pxweb/en/DB/DB__1F__FY/0041F3DF02A.px"
"....Zambales (w/o the City of Olongapo) 1/, 2/, a/","Coefficient of Variation","2023","9.2","","2026-08-03T13-49-16-ffb070b97929","https://openstat.psa.gov.ph/PXWeb/pxweb/en/DB/DB__1F__FY/0041F3DF02A.px"
"....Zambales (w/o the City of Olongapo) 1/, 2/, a/","Standard Error","2018","2.1","","2026-08-03T13-49-16-ffb070b97929","https://openstat.psa.gov.ph/PXWeb/pxweb/en/DB/DB__1F__FY/0041F3DF02A.px"
"....Zambales (w/o the City of Olongapo) 1/, 2/, a/","Standard Error","2021","2.1","","2026-08-03T13-49-16-ffb070b97929","https://openstat.psa.gov.ph/PXWeb/pxweb/en/DB/DB__1F__FY/0041F3DF02A.px"
"....Zambales (w/o the City of Olongapo) 1/, 2/, a/","Standard Error","2023","1.8","","2026-08-03T13-49-16-ffb070b97929","https://openstat.psa.gov.ph/PXWeb/pxweb/en/DB/DB__1F__FY/0041F3DF02A.px"
"....Zambales (w/o the City of Olongapo) 1/, 2/, a/","95% Confidence Interval (Lower Limit)","2018","14.9","","2026-08-03T13-49-16-ffb070b97929","https://openstat.psa.gov.ph/PXWeb/pxweb/en/DB/DB__1F__FY/0041F3DF02A.px"
"....Zambales (w/o the City of Olongapo) 1/, 2/, a/","95% Confidence Interval (Lower Limit)","2021","25","","2026-08-03T13-49-16-ffb070b97929","https://openstat.psa.gov.ph/PXWeb/pxweb/en/DB/DB__1F__FY/0041F3DF02A.px"
"....Zambales (w/o the City of Olongapo) 1/, 2/, a/","95% Confidence Interval (Lower Limit)","2023","15.7","","2026-08-03T13-49-16-ffb070b97929","https://openstat.psa.gov.ph/PXWeb/pxweb/en/DB/DB__1F__FY/0041F3DF02A.px"
"....Zambales (w/o the City of Olongapo) 1/, 2/, a/","95% Confidence Interval (Upper Limit)","2018","23","","2026-08-03T13-49-16-ffb070b97929","https://openstat.psa.gov.ph/PXWeb/pxweb/en/DB/DB__1F__FY/0041F3DF02A.px"
"....Zambales (w/o the City of Olongapo) 1/, 2/, a/","95% Confidence Interval (Upper Limit)","2021","33.2","","2026-08-03T13-49-16-ffb070b97929","https://openstat.psa.gov.ph/PXWeb/pxweb/en/DB/DB__1F__FY/0041F3DF02A.px"
"....Zambales (w/o the City of Olongapo) 1/, 2/, a/","95% Confidence Interval (Upper Limit)","2023","22.6","","2026-08-03T13-49-16-ffb070b97929","https://openstat.psa.gov.ph/PXWeb/pxweb/en/DB/DB__1F__FY/0041F3DF02A.px"
"....City of Olongapo 1/, 3/, a/, b/, c/","Annual Per Capita Poverty Threshold (in PhP)","2018","30699.56","","2026-08-03T13-49-16-ffb070b97929","https://openstat.psa.gov.ph/PXWeb/pxweb/en/DB/DB__1F__FY/0041F3DF02A.px"
"....City of Olongapo 1/, 3/, a/, b/, c/","Annual Per Capita Poverty Threshold (in PhP)","2021","35310.71","","2026-08-03T13-49-16-ffb070b97929","https://openstat.psa.gov.ph/PXWeb/pxweb/en/DB/DB__1F__FY/0041F3DF02A.px"
"....City of Olongapo 1/, 3/, a/, b/, c/","Annual Per Capita Poverty Threshold (in PhP)","2023","41565.06","","2026-08-03T13-49-16-ffb070b97929","https://openstat.psa.gov.ph/PXWeb/pxweb/en/DB/DB__1F__FY/0041F3DF02A.px"
"....City of Olongapo 1/, 3/, a/, b/, c/","Poverty Incidence among Population (%)","2018","5.5","","2026-08-03T13-49-16-ffb070b97929","https://openstat.psa.gov.ph/PXWeb/pxweb/en/DB/DB__1F__FY/0041F3DF02A.px"
"....City of Olongapo 1/, 3/, a/, b/, c/","Poverty Incidence among Population (%)","2021","11.8","","2026-08-03T13-49-16-ffb070b97929","https://openstat.psa.gov.ph/PXWeb/pxweb/en/DB/DB__1F__FY/0041F3DF02A.px"
"....City of Olongapo 1/, 3/, a/, b/, c/","Poverty Incidence among Population (%)","2023","11.5","","2026-08-03T13-49-16-ffb070b97929","https://openstat.psa.gov.ph/PXWeb/pxweb/en/DB/DB__1F__FY/0041F3DF02A.px"
"....City of Olongapo 1/, 3/, a/, b/, c/","Coefficient of Variation","2018","16.7","","2026-08-03T13-49-16-ffb070b97929","https://openstat.psa.gov.ph/PXWeb/pxweb/en/DB/DB__1F__FY/0041F3DF02A.px"
"....City of Olongapo 1/, 3/, a/, b/, c/","Coefficient of Variation","2021","11.6","","2026-08-03T13-49-16-ffb070b97929","https://openstat.psa.gov.ph/PXWeb/pxweb/en/DB/DB__1F__FY/0041F3DF02A.px"
"....City of Olongapo 1/, 3/, a/, b/, c/","Coefficient of Variation","2023","13.2","","2026-08-03T13-49-16-ffb070b97929","https://openstat.psa.gov.ph/PXWeb/pxweb/en/DB/DB__1F__FY/0041F3DF02A.px"
"....City of Olongapo 1/, 3/, a/, b/, c/","Standard Error","2018","0.9","","2026-08-03T13-49-16-ffb070b97929","https://openstat.psa.gov.ph/PXWeb/pxweb/en/DB/DB__1F__FY/0041F3DF02A.px"
"....City of Olongapo 1/, 3/, a/, b/, c/","Standard Error","2021","1.4","","2026-08-03T13-49-16-ffb070b97929","https://openstat.psa.gov.ph/PXWeb/pxweb/en/DB/DB__1F__FY/0041F3DF02A.px"
"....City of Olongapo 1/, 3/, a/, b/, c/","Standard Error","2023","1.5","","2026-08-03T13-49-16-ffb070b97929","https://openstat.psa.gov.ph/PXWeb/pxweb/en/DB/DB__1F__FY/0041F3DF02A.px"
"....City of Olongapo 1/, 3/, a/, b/, c/","95% Confidence Interval (Lower Limit)","2018","3.7","","2026-08-03T13-49-16-ffb070b97929","https://openstat.psa.gov.ph/PXWeb/pxweb/en/DB/DB__1F__FY/0041F3DF02A.px"
"....City of Olongapo 1/, 3/, a/, b/, c/","95% Confidence Interval (Lower Limit)","2021","9.1","","2026-08-03T13-49-16-ffb070b97929","https://openstat.psa.gov.ph/PXWeb/pxweb/en/DB/DB__1F__FY/0041F3DF02A.px"
"....City of Olongapo 1/, 3/, a/, b/, c/","95% Confidence Interval (Lower Limit)","2023","8.5","","2026-08-03T13-49-16-ffb070b97929","https://openstat.psa.gov.ph/PXWeb/pxweb/en/DB/DB__1F__FY/0041F3DF02A.px"
"....City of Olongapo 1/, 3/, a/, b/, c/","95% Confidence Interval (Upper Limit)","2018","7.3","","2026-08-03T13-49-16-ffb070b97929","https://openstat.psa.gov.ph/PXWeb/pxweb/en/DB/DB__1F__FY/0041F3DF02A.px"
"....City of Olongapo 1/, 3/, a/, b/, c/","95% Confidence Interval (Upper Limit)","2021","14.4","","2026-08-03T13-49-16-ffb070b97929","https://openstat.psa.gov.ph/PXWeb/pxweb/en/DB/DB__1F__FY/0041F3DF02A.px"
"....City of Olongapo 1/, 3/, a/, b/, c/","95% Confidence Interval (Upper Limit)","2023","14.4","","2026-08-03T13-49-16-ffb070b97929","https://openstat.psa.gov.ph/PXWeb/pxweb/en/DB/DB__1F__FY/0041F3DF02A.px"
"..Region IV-A (CALABARZON) 1/, 2/","Annual Per Capita Poverty Threshold (in PhP)","2018","27927.85","","2026-08-03T13-49-16-ffb070b97929","https://openstat.psa.gov.ph/PXWeb/pxweb/en/DB/DB__1F__FY/0041F3DF02A.px"
"..Region IV-A (CALABARZON) 1/, 2/","Annual Per Capita Poverty Threshold (in PhP)","2021","31058.64","","2026-08-03T13-49-16-ffb070b97929","https://openstat.psa.gov.ph/PXWeb/pxweb/en/DB/DB__1F__FY/0041F3DF02A.px"
"..Region IV-A (CALABARZON) 1/, 2/","Annual Per Capita Poverty Threshold (in PhP)","2023","37096.45","","2026-08-03T13-49-16-ffb070b97929","https://openstat.psa.gov.ph/PXWeb/pxweb/en/DB/DB__1F__FY/0041F3DF02A.px"
"..Region IV-A (CALABARZON) 1/, 2/","Poverty Incidence among Population (%)","2018","7.1","","2026-08-03T13-49-16-ffb070b97929","https://openstat.psa.gov.ph/PXWeb/pxweb/en/DB/DB__1F__FY/0041F3DF02A.px"
"..Region IV-A (CALABARZON) 1/, 2/","Poverty Incidence among Population (%)","2021","10.2","","2026-08-03T13-49-16-ffb070b97929","https://openstat.psa.gov.ph/PXWeb/pxweb/en/DB/DB__1F__FY/0041F3DF02A.px"
"..Region IV-A (CALABARZON) 1/, 2/","Poverty Incidence among Population (%)","2023","7.9","","2026-08-03T13-49-16-ffb070b97929","https://openstat.psa.gov.ph/PXWeb/pxweb/en/DB/DB__1F__FY/0041F3DF02A.px"
"..Region IV-A (CALABARZON) 1/, 2/","Coefficient of Variation","2018","7","","2026-08-03T13-49-16-ffb070b97929","https://openstat.psa.gov.ph/PXWeb/pxweb/en/DB/DB__1F__FY/0041F3DF02A.px"
"..Region IV-A (CALABARZON) 1/, 2/","Coefficient of Variation","2021","6.3","","2026-08-03T13-49-16-ffb070b97929","https://openstat.psa.gov.ph/PXWeb/pxweb/en/DB/DB__1F__FY/0041F3DF02A.px"
"..Region IV-A (CALABARZON) 1/, 2/","Coefficient of Variation","2023","6.8","","2026-08-03T13-49-16-ffb070b97929","https://openstat.psa.gov.ph/PXWeb/pxweb/en/DB/DB__1F__FY/0041F3DF02A.px"
"..Region IV-A (CALABARZON) 1/, 2/","Standard Error","2018","0.5","","2026-08-03T13-49-16-ffb070b97929","https://openstat.psa.gov.ph/PXWeb/pxweb/en/DB/DB__1F__FY/0041F3DF02A.px"
"..Region IV-A (CALABARZON) 1/, 2/","Standard Error","2021","0.6","","2026-08-03T13-49-16-ffb070b97929","https://openstat.psa.gov.ph/PXWeb/pxweb/en/DB/DB__1F__FY/0041F3DF02A.px"
"..Region IV-A (CALABARZON) 1/, 2/","Standard Error","2023","0.5","","2026-08-03T13-49-16-ffb070b97929","https://openstat.psa.gov.ph/PXWeb/pxweb/en/DB/DB__1F__FY/0041F3DF02A.px"
"..Region IV-A (CALABARZON) 1/, 2/","95% Confidence Interval (Lower Limit)","2018","6.2","","2026-08-03T13-49-16-ffb070b97929","https://openstat.psa.gov.ph/PXWeb/pxweb/en/DB/DB__1F__FY/0041F3DF02A.px"
"..Region IV-A (CALABARZON) 1/, 2/","95% Confidence Interval (Lower Limit)","2021","9","","2026-08-03T13-49-16-ffb070b97929","https://openstat.psa.gov.ph/PXWeb/pxweb/en/DB/DB__1F__FY/0041F3DF02A.px"
"..Region IV-A (CALABARZON) 1/, 2/","95% Confidence Interval (Lower Limit)","2023","6.9","","2026-08-03T13-49-16-ffb070b97929","https://openstat.psa.gov.ph/PXWeb/pxweb/en/DB/DB__1F__FY/0041F3DF02A.px"
"..Region IV-A (CALABARZON) 1/, 2/","95% Confidence Interval (Upper Limit)","2018","8.1","","2026-08-03T13-49-16-ffb070b97929","https://openstat.psa.gov.ph/PXWeb/pxweb/en/DB/DB__1F__FY/0041F3DF02A.px"
"..Region IV-A (CALABARZON) 1/, 2/","95% Confidence Interval (Upper Limit)","2021","11.5","","2026-08-03T13-49-16-ffb070b97929","https://openstat.psa.gov.ph/PXWeb/pxweb/en/DB/DB__1F__FY/0041F3DF02A.px"
"..Region IV-A (CALABARZON) 1/, 2/","95% Confidence Interval (Upper Limit)","2023","9","","2026-08-03T13-49-16-ffb070b97929","https://openstat.psa.gov.ph/PXWeb/pxweb/en/DB/DB__1F__FY/0041F3DF02A.px"
"....Batangas 1/, 3/, a/, b/, c/","Annual Per Capita Poverty Threshold (in PhP)","2018","33067.59","","2026-08-03T13-49-16-ffb070b97929","https://openstat.psa.gov.ph/PXWeb/pxweb/en/DB/DB__1F__FY/0041F3DF02A.px"
"....Batangas 1/, 3/, a/, b/, c/","Annual Per Capita Poverty Threshold (in PhP)","2021","30828.13","","2026-08-03T13-49-16-ffb070b97929","https://openstat.psa.gov.ph/PXWeb/pxweb/en/DB/DB__1F__FY/0041F3DF02A.px"
"....Batangas 1/, 3/, a/, b/, c/","Annual Per Capita Poverty Threshold (in PhP)","2023","35379.94","","2026-08-03T13-49-16-ffb070b97929","https://openstat.psa.gov.ph/PXWeb/pxweb/en/DB/DB__1F__FY/0041F3DF02A.px"
"....Batangas 1/, 3/, a/, b/, c/","Poverty Incidence among Population (%)","2018","11.4","","2026-08-03T13-49-16-ffb070b97929","https://openstat.psa.gov.ph/PXWeb/pxweb/en/DB/DB__1F__FY/0041F3DF02A.px"
"....Batangas 1/, 3/, a/, b/, c/","Poverty Incidence among Population (%)","2021","6.3","","2026-08-03T13-49-16-ffb070b97929","https://openstat.psa.gov.ph/PXWeb/pxweb/en/DB/DB__1F__FY/0041F3DF02A.px"
"....Batangas 1/, 3/, a/, b/, c/","Poverty Incidence among Population (%)","2023","7.6","","2026-08-03T13-49-16-ffb070b97929","https://openstat.psa.gov.ph/PXWeb/pxweb/en/DB/DB__1F__FY/0041F3DF02A.px"
"....Batangas 1/, 3/, a/, b/, c/","Coefficient of Variation","2018","11.4","","2026-08-03T13-49-16-ffb070b97929","https://openstat.psa.gov.ph/PXWeb/pxweb/en/DB/DB__1F__FY/0041F3DF02A.px"
"....Batangas 1/, 3/, a/, b/, c/","Coefficient of Variation","2021","18.8","","2026-08-03T13-49-16-ffb070b97929","https://openstat.psa.gov.ph/PXWeb/pxweb/en/DB/DB__1F__FY/0041F3DF02A.px"
"....Batangas 1/, 3/, a/, b/, c/","Coefficient of Variation","2023","16.1","","2026-08-03T13-49-16-ffb070b97929","https://openstat.psa.gov.ph/PXWeb/pxweb/en/DB/DB__1F__FY/0041F3DF02A.px"
"....Batangas 1/, 3/, a/, b/, c/","Standard Error","2018","1.3","","2026-08-03T13-49-16-ffb070b97929","https://openstat.psa.gov.ph/PXWeb/pxweb/en/DB/DB__1F__FY/0041F3DF02A.px"
"....Batangas 1/, 3/, a/, b/, c/","Standard Error","2021","1.2","","2026-08-03T13-49-16-ffb070b97929","https://openstat.psa.gov.ph/PXWeb/pxweb/en/DB/DB__1F__FY/0041F3DF02A.px"
"....Batangas 1/, 3/, a/, b/, c/","Standard Error","2023","1.2","","2026-08-03T13-49-16-ffb070b97929","https://openstat.psa.gov.ph/PXWeb/pxweb/en/DB/DB__1F__FY/0041F3DF02A.px"
"....Batangas 1/, 3/, a/, b/, c/","95% Confidence Interval (Lower Limit)","2018","8.9","","2026-08-03T13-49-16-ffb070b97929","https://openstat.psa.gov.ph/PXWeb/pxweb/en/DB/DB__1F__FY/0041F3DF02A.px"
"....Batangas 1/, 3/, a/, b/, c/","95% Confidence Interval (Lower Limit)","2021","4","","2026-08-03T13-49-16-ffb070b97929","https://openstat.psa.gov.ph/PXWeb/pxweb/en/DB/DB__1F__FY/0041F3DF02A.px"
"....Batangas 1/, 3/, a/, b/, c/","95% Confidence Interval (Lower Limit)","2023","5.2","","2026-08-03T13-49-16-ffb070b97929","https://openstat.psa.gov.ph/PXWeb/pxweb/en/DB/DB__1F__FY/0041F3DF02A.px"
"....Batangas 1/, 3/, a/, b/, c/","95% Confidence Interval (Upper Limit)","2018","14","","2026-08-03T13-49-16-ffb070b97929","https://openstat.psa.gov.ph/PXWeb/pxweb/en/DB/DB__1F__FY/0041F3DF02A.px"
"....Batangas 1/, 3/, a/, b/, c/","95% Confidence Interval (Upper Limit)","2021","8.7","","2026-08-03T13-49-16-ffb070b97929","https://openstat.psa.gov.ph/PXWeb/pxweb/en/DB/DB__1F__FY/0041F3DF02A.px"
"....Batangas 1/, 3/, a/, b/, c/","95% Confidence Interval (Upper Limit)","2023","10","","2026-08-03T13-49-16-ffb070b97929","https://openstat.psa.gov.ph/PXWeb/pxweb/en/DB/DB__1F__FY/0041F3DF02A.px"
"....Cavite 1/, a/, b/, c/","Annual Per Capita Poverty Threshold (in PhP)","2018","29156.81","","2026-08-03T13-49-16-ffb070b97929","https://openstat.psa.gov.ph/PXWeb/pxweb/en/DB/DB__1F__FY/0041F3DF02A.px"
"....Cavite 1/, a/, b/, c/","Annual Per Capita Poverty Threshold (in PhP)","2021","35843.41","","2026-08-03T13-49-16-ffb070b97929","https://openstat.psa.gov.ph/PXWeb/pxweb/en/DB/DB__1F__FY/0041F3DF02A.px"
"....Cavite 1/, a/, b/, c/","Annual Per Capita Poverty Threshold (in PhP)","2023","41757.22","","2026-08-03T13-49-16-ffb070b97929","https://openstat.psa.gov.ph/PXWeb/pxweb/en/DB/DB__1F__FY/0041F3DF02A.px"
"....Cavite 1/, a/, b/, c/","Poverty Incidence among Population (%)","2018","5.3","","2026-08-03T13-49-16-ffb070b97929","https://openstat.psa.gov.ph/PXWeb/pxweb/en/DB/DB__1F__FY/0041F3DF02A.px"
"....Cavite 1/, a/, b/, c/","Poverty Incidence among Population (%)","2021","10.1","","2026-08-03T13-49-16-ffb070b97929","https://openstat.psa.gov.ph/PXWeb/pxweb/en/DB/DB__1F__FY/0041F3DF02A.px"
"....Cavite 1/, a/, b/, c/","Poverty Incidence among Population (%)","2023","6.7","","2026-08-03T13-49-16-ffb070b97929","https://openstat.psa.gov.ph/PXWeb/pxweb/en/DB/DB__1F__FY/0041F3DF02A.px"
"....Cavite 1/, a/, b/, c/","Coefficient of Variation","2018","18.1","","2026-08-03T13-49-16-ffb070b97929","https://openstat.psa.gov.ph/PXWeb/pxweb/en/DB/DB__1F__FY/0041F3DF02A.px"
"....Cavite 1/, a/, b/, c/","Coefficient of Variation","2021","14.6","","2026-08-03T13-49-16-ffb070b97929","https://openstat.psa.gov.ph/PXWeb/pxweb/en/DB/DB__1F__FY/0041F3DF02A.px"
"....Cavite 1/, a/, b/, c/","Coefficient of Variation","2023","17.2","","2026-08-03T13-49-16-ffb070b97929","https://openstat.psa.gov.ph/PXWeb/pxweb/en/DB/DB__1F__FY/0041F3DF02A.px"
"....Cavite 1/, a/, b/, c/","Standard Error","2018","1","","2026-08-03T13-49-16-ffb070b97929","https://openstat.psa.gov.ph/PXWeb/pxweb/en/DB/DB__1F__FY/0041F3DF02A.px"
"....Cavite 1/, a/, b/, c/","Standard Error","2021","1.5","","2026-08-03T13-49-16-ffb070b97929","https://openstat.psa.gov.ph/PXWeb/pxweb/en/DB/DB__1F__FY/0041F3DF02A.px"
"....Cavite 1/, a/, b/, c/","Standard Error","2023","1.1","","2026-08-03T13-49-16-ffb070b97929","https://openstat.psa.gov.ph/PXWeb/pxweb/en/DB/DB__1F__FY/0041F3DF02A.px"
"....Cavite 1/, a/, b/, c/","95% Confidence Interval (Lower Limit)","2018","3.4","","2026-08-03T13-49-16-ffb070b97929","https://openstat.psa.gov.ph/PXWeb/pxweb/en/DB/DB__1F__FY/0041F3DF02A.px"
"....Cavite 1/, a/, b/, c/","95% Confidence Interval (Lower Limit)","2021","7.2","","2026-08-03T13-49-16-ffb070b97929","https://openstat.psa.gov.ph/PXWeb/pxweb/en/DB/DB__1F__FY/0041F3DF02A.px"
"....Cavite 1/, a/, b/, c/","95% Confidence Interval (Lower Limit)","2023","4.4","","2026-08-03T13-49-16-ffb070b97929","https://openstat.psa.gov.ph/PXWeb/pxweb/en/DB/DB__1F__FY/0041F3DF02A.px"
"....Cavite 1/, a/, b/, c/","95% Confidence Interval (Upper Limit)","2018","7.1","","2026-08-03T13-49-16-ffb070b97929","https://openstat.psa.gov.ph/PXWeb/pxweb/en/DB/DB__1F__FY/0041F3DF02A.px"
"....Cavite 1/, a/, b/, c/","95% Confidence Interval (Upper Limit)","2021","13","","2026-08-03T13-49-16-ffb070b97929","https://openstat.psa.gov.ph/PXWeb/pxweb/en/DB/DB__1F__FY/0041F3DF02A.px"
"....Cavite 1/, a/, b/, c/","95% Confidence Interval (Upper Limit)","2023","8.9","","2026-08-03T13-49-16-ffb070b97929","https://openstat.psa.gov.ph/PXWeb/pxweb/en/DB/DB__1F__FY/0041F3DF02A.px"
"....Laguna 1/, 3/, a/, b/, c/","Annual Per Capita Poverty Threshold (in PhP)","2018","23688.11","","2026-08-03T13-49-16-ffb070b97929","https://openstat.psa.gov.ph/PXWeb/pxweb/en/DB/DB__1F__FY/0041F3DF02A.px"
"....Laguna 1/, 3/, a/, b/, c/","Annual Per Capita Poverty Threshold (in PhP)","2021","29892.06","","2026-08-03T13-49-16-ffb070b97929","https://openstat.psa.gov.ph/PXWeb/pxweb/en/DB/DB__1F__FY/0041F3DF02A.px"
"....Laguna 1/, 3/, a/, b/, c/","Annual Per Capita Poverty Threshold (in PhP)","2023","38491.92","","2026-08-03T13-49-16-ffb070b97929","https://openstat.psa.gov.ph/PXWeb/pxweb/en/DB/DB__1F__FY/0041F3DF02A.px"
"....Laguna 1/, 3/, a/, b/, c/","Poverty Incidence among Population (%)","2018","3.9","","2026-08-03T13-49-16-ffb070b97929","https://openstat.psa.gov.ph/PXWeb/pxweb/en/DB/DB__1F__FY/0041F3DF02A.px"
"....Laguna 1/, 3/, a/, b/, c/","Poverty Incidence among Population (%)","2021","9.5","","2026-08-03T13-49-16-ffb070b97929","https://openstat.psa.gov.ph/PXWeb/pxweb/en/DB/DB__1F__FY/0041F3DF02A.px"
"....Laguna 1/, 3/, a/, b/, c/","Poverty Incidence among Population (%)","2023","7.9","","2026-08-03T13-49-16-ffb070b97929","https://openstat.psa.gov.ph/PXWeb/pxweb/en/DB/DB__1F__FY/0041F3DF02A.px"
"....Laguna 1/, 3/, a/, b/, c/","Coefficient of Variation","2018","19.7","","2026-08-03T13-49-16-ffb070b97929","https://openstat.psa.gov.ph/PXWeb/pxweb/en/DB/DB__1F__FY/0041F3DF02A.px"
"....Laguna 1/, 3/, a/, b/, c/","Coefficient of Variation","2021","14","","2026-08-03T13-49-16-ffb070b97929","https://openstat.psa.gov.ph/PXWeb/pxweb/en/DB/DB__1F__FY/0041F3DF02A.px"
"....Laguna 1/, 3/, a/, b/, c/","Coefficient of Variation","2023","14.1","","2026-08-03T13-49-16-ffb070b97929","https://openstat.psa.gov.ph/PXWeb/pxweb/en/DB/DB__1F__FY/0041F3DF02A.px"
"....Laguna 1/, 3/, a/, b/, c/","Standard Error","2018","0.8","","2026-08-03T13-49-16-ffb070b97929","https://openstat.psa.gov.ph/PXWeb/pxweb/en/DB/DB__1F__FY/0041F3DF02A.px"
"....Laguna 1/, 3/, a/, b/, c/","Standard Error","2021","1.3","","2026-08-03T13-49-16-ffb070b97929","https://openstat.psa.gov.ph/PXWeb/pxweb/en/DB/DB__1F__FY/0041F3DF02A.px"
"....Laguna 1/, 3/, a/, b/, c/","Standard Error","2023","1.1","","2026-08-03T13-49-16-ffb070b97929","https://openstat.psa.gov.ph/PXWeb/pxweb/en/DB/DB__1F__FY/0041F3DF02A.px"
"....Laguna 1/, 3/, a/, b/, c/","95% Confidence Interval (Lower Limit)","2018","2.4","","2026-08-03T13-49-16-ffb070b97929","https://openstat.psa.gov.ph/PXWeb/pxweb/en/DB/DB__1F__FY/0041F3DF02A.px"
"....Laguna 1/, 3/, a/, b/, c/","95% Confidence Interval (Lower Limit)","2021","6.9","","2026-08-03T13-49-16-ffb070b97929","https://openstat.psa.gov.ph/PXWeb/pxweb/en/DB/DB__1F__FY/0041F3DF02A.px"
"....Laguna 1/, 3/, a/, b/, c/","95% Confidence Interval (Lower Limit)","2023","5.7","","2026-08-03T13-49-16-ffb070b97929","https://openstat.psa.gov.ph/PXWeb/pxweb/en/DB/DB__1F__FY/0041F3DF02A.px"
"....Laguna 1/, 3/, a/, b/, c/","95% Confidence Interval (Upper Limit)","2018","5.4","","2026-08-03T13-49-16-ffb070b97929","https://openstat.psa.gov.ph/PXWeb/pxweb/en/DB/DB__1F__FY/0041F3DF02A.px"
"....Laguna 1/, 3/, a/, b/, c/","95% Confidence Interval (Upper Limit)","2021","12.2","","2026-08-03T13-49-16-ffb070b97929","https://openstat.psa.gov.ph/PXWeb/pxweb/en/DB/DB__1F__FY/0041F3DF02A.px"
"....Laguna 1/, 3/, a/, b/, c/","95% Confidence Interval (Upper Limit)","2023","10","","2026-08-03T13-49-16-ffb070b97929","https://openstat.psa.gov.ph/PXWeb/pxweb/en/DB/DB__1F__FY/0041F3DF02A.px"
"....Quezon (w/o the City of Lucena) 1/, 2/, a/, b/, c/","Annual Per Capita Poverty Threshold (in PhP)","2018","22772.98","","2026-08-03T13-49-16-ffb070b97929","https://openstat.psa.gov.ph/PXWeb/pxweb/en/DB/DB__1F__FY/0041F3DF02A.px"
"....Quezon (w/o the City of Lucena) 1/, 2/, a/, b/, c/","Annual Per Capita Poverty Threshold (in PhP)","2021","27082.08","","2026-08-03T13-49-16-ffb070b97929","https://openstat.psa.gov.ph/PXWeb/pxweb/en/DB/DB__1F__FY/0041F3DF02A.px"
"....Quezon (w/o the City of Lucena) 1/, 2/, a/, b/, c/","Annual Per Capita Poverty Threshold (in PhP)","2023","28988.26","","2026-08-03T13-49-16-ffb070b97929","https://openstat.psa.gov.ph/PXWeb/pxweb/en/DB/DB__1F__FY/0041F3DF02A.px"
"....Quezon (w/o the City of Lucena) 1/, 2/, a/, b/, c/","Poverty Incidence among Population (%)","2018","14.8","","2026-08-03T13-49-16-ffb070b97929","https://openstat.psa.gov.ph/PXWeb/pxweb/en/DB/DB__1F__FY/0041F3DF02A.px"
"....Quezon (w/o the City of Lucena) 1/, 2/, a/, b/, c/","Poverty Incidence among Population (%)","2021","23.3","","2026-08-03T13-49-16-ffb070b97929","https://openstat.psa.gov.ph/PXWeb/pxweb/en/DB/DB__1F__FY/0041F3DF02A.px"
"....Quezon (w/o the City of Lucena) 1/, 2/, a/, b/, c/","Poverty Incidence among Population (%)","2023","11","","2026-08-03T13-49-16-ffb070b97929","https://openstat.psa.gov.ph/PXWeb/pxweb/en/DB/DB__1F__FY/0041F3DF02A.px"
"....Quezon (w/o the City of Lucena) 1/, 2/, a/, b/, c/","Coefficient of Variation","2018","14.4","","2026-08-03T13-49-16-ffb070b97929","https://openstat.psa.gov.ph/PXWeb/pxweb/en/DB/DB__1F__FY/0041F3DF02A.px"
"....Quezon (w/o the City of Lucena) 1/, 2/, a/, b/, c/","Coefficient of Variation","2021","10","","2026-08-03T13-49-16-ffb070b97929","https://openstat.psa.gov.ph/PXWeb/pxweb/en/DB/DB__1F__FY/0041F3DF02A.px"
"....Quezon (w/o the City of Lucena) 1/, 2/, a/, b/, c/","Coefficient of Variation","2023","14.2","","2026-08-03T13-49-16-ffb070b97929","https://openstat.psa.gov.ph/PXWeb/pxweb/en/DB/DB__1F__FY/0041F3DF02A.px"
"....Quezon (w/o the City of Lucena) 1/, 2/, a/, b/, c/","Standard Error","2018","2.1","","2026-08-03T13-49-16-ffb070b97929","https://openstat.psa.gov.ph/PXWeb/pxweb/en/DB/DB__1F__FY/0041F3DF02A.px"
"....Quezon (w/o the City of Lucena) 1/, 2/, a/, b/, c/","Standard Error","2021","2.3","","2026-08-03T13-49-16-ffb070b97929","https://openstat.psa.gov.ph/PXWeb/pxweb/en/DB/DB__1F__FY/0041F3DF02A.px"
"....Quezon (w/o the City of Lucena) 1/, 2/, a/, b/, c/","Standard Error","2023","1.6","","2026-08-03T13-49-16-ffb070b97929","https://openstat.psa.gov.ph/PXWeb/pxweb/en/DB/DB__1F__FY/0041F3DF02A.px"
"....Quezon (w/o the City of Lucena) 1/, 2/, a/, b/, c/","95% Confidence Interval (Lower Limit)","2018","10.6","","2026-08-03T13-49-16-ffb070b97929","https://openstat.psa.gov.ph/PXWeb/pxweb/en/DB/DB__1F__FY/0041F3DF02A.px"
"....Quezon (w/o the City of Lucena) 1/, 2/, a/, b/, c/","95% Confidence Interval (Lower Limit)","2021","18.8","","2026-08-03T13-49-16-ffb070b97929","https://openstat.psa.gov.ph/PXWeb/pxweb/en/DB/DB__1F__FY/0041F3DF02A.px"
"....Quezon (w/o the City of Lucena) 1/, 2/, a/, b/, c/","95% Confidence Interval (Lower Limit)","2023","7.9","","2026-08-03T13-49-16-ffb070b97929","https://openstat.psa.gov.ph/PXWeb/pxweb/en/DB/DB__1F__FY/0041F3DF02A.px"
"....Quezon (w/o the City of Lucena) 1/, 2/, a/, b/, c/","95% Confidence Interval (Upper Limit)","2018","18.9","","2026-08-03T13-49-16-ffb070b97929","https://openstat.psa.gov.ph/PXWeb/pxweb/en/DB/DB__1F__FY/0041F3DF02A.px"
"....Quezon (w/o the City of Lucena) 1/, 2/, a/, b/, c/","95% Confidence Interval (Upper Limit)","2021","27.9","","2026-08-03T13-49-16-ffb070b97929","https://openstat.psa.gov.ph/PXWeb/pxweb/en/DB/DB__1F__FY/0041F3DF02A.px"
"....Quezon (w/o the City of Lucena) 1/, 2/, a/, b/, c/","95% Confidence Interval (Upper Limit)","2023","14.1","","2026-08-03T13-49-16-ffb070b97929","https://openstat.psa.gov.ph/PXWeb/pxweb/en/DB/DB__1F__FY/0041F3DF02A.px"
"....City of Lucena 1/, 2/, a/, b/, c/","Annual Per Capita Poverty Threshold (in PhP)","2018","23536.34","","2026-08-03T13-49-16-ffb070b97929","https://openstat.psa.gov.ph/PXWeb/pxweb/en/DB/DB__1F__FY/0041F3DF02A.px"
"....City of Lucena 1/, 2/, a/, b/, c/","Annual Per Capita Poverty Threshold (in PhP)","2021","28323.73","","2026-08-03T13-49-16-ffb070b97929","https://openstat.psa.gov.ph/PXWeb/pxweb/en/DB/DB__1F__FY/0041F3DF02A.px"
"....City of Lucena 1/, 2/, a/, b/, c/","Annual Per Capita Poverty Threshold (in PhP)","2023","29428.63","","2026-08-03T13-49-16-ffb070b97929","https://openstat.psa.gov.ph/PXWeb/pxweb/en/DB/DB__1F__FY/0041F3DF02A.px"
"....City of Lucena 1/, 2/, a/, b/, c/","Poverty Incidence among Population (%)","2018","4.5","","2026-08-03T13-49-16-ffb070b97929","https://openstat.psa.gov.ph/PXWeb/pxweb/en/DB/DB__1F__FY/0041F3DF02A.px"
"....City of Lucena 1/, 2/, a/, b/, c/","Poverty Incidence among Population (%)","2021","9.5","","2026-08-03T13-49-16-ffb070b97929","https://openstat.psa.gov.ph/PXWeb/pxweb/en/DB/DB__1F__FY/0041F3DF02A.px"
"....City of Lucena 1/, 2/, a/, b/, c/","Poverty Incidence among Population (%)","2023","4.8","","2026-08-03T13-49-16-ffb070b97929","https://openstat.psa.gov.ph/PXWeb/pxweb/en/DB/DB__1F__FY/0041F3DF02A.px"
"....City of Lucena 1/, 2/, a/, b/, c/","Coefficient of Variation","2018","22.6","","2026-08-03T13-49-16-ffb070b97929","https://openstat.psa.gov.ph/PXWeb/pxweb/en/DB/DB__1F__FY/0041F3DF02A.px"
"....City of Lucena 1/, 2/, a/, b/, c/","Coefficient of Variation","2021","17.1","","2026-08-03T13-49-16-ffb070b97929","https://openstat.psa.gov.ph/PXWeb/pxweb/en/DB/DB__1F__FY/0041F3DF02A.px"
"....City of Lucena 1/, 2/, a/, b/, c/","Coefficient of Variation","2023","23.1","","2026-08-03T13-49-16-ffb070b97929","https://openstat.psa.gov.ph/PXWeb/pxweb/en/DB/DB__1F__FY/0041F3DF02A.px"
"....City of Lucena 1/, 2/, a/, b/, c/","Standard Error","2018","1","","2026-08-03T13-49-16-ffb070b97929","https://openstat.psa.gov.ph/PXWeb/pxweb/en/DB/DB__1F__FY/0041F3DF02A.px"
"....City of Lucena 1/, 2/, a/, b/, c/","Standard Error","2021","1.6","","2026-08-03T13-49-16-ffb070b97929","https://openstat.psa.gov.ph/PXWeb/pxweb/en/DB/DB__1F__FY/0041F3DF02A.px"
"....City of Lucena 1/, 2/, a/, b/, c/","Standard Error","2023","1.1","","2026-08-03T13-49-16-ffb070b97929","https://openstat.psa.gov.ph/PXWeb/pxweb/en/DB/DB__1F__FY/0041F3DF02A.px"
"....City of Lucena 1/, 2/, a/, b/, c/","95% Confidence Interval (Lower Limit)","2018","2.5","","2026-08-03T13-49-16-ffb070b97929","https://openstat.psa.gov.ph/PXWeb/pxweb/en/DB/DB__1F__FY/0041F3DF02A.px"
"....City of Lucena 1/, 2/, a/, b/, c/","95% Confidence Interval (Lower Limit)","2021","6.3","","2026-08-03T13-49-16-ffb070b97929","https://openstat.psa.gov.ph/PXWeb/pxweb/en/DB/DB__1F__FY/0041F3DF02A.px"
"....City of Lucena 1/, 2/, a/, b/, c/","95% Confidence Interval (Lower Limit)","2023","2.6","","2026-08-03T13-49-16-ffb070b97929","https://openstat.psa.gov.ph/PXWeb/pxweb/en/DB/DB__1F__FY/0041F3DF02A.px"
"....City of Lucena 1/, 2/, a/, b/, c/","95% Confidence Interval (Upper Limit)","2018","6.5","","2026-08-03T13-49-16-ffb070b97929","https://openstat.psa.gov.ph/PXWeb/pxweb/en/DB/DB__1F__FY/0041F3DF02A.px"
"....City of Lucena 1/, 2/, a/, b/, c/","95% Confidence Interval (Upper Limit)","2021","12.7","","2026-08-03T13-49-16-ffb070b97929","https://openstat.psa.gov.ph/PXWeb/pxweb/en/DB/DB__1F__FY/0041F3DF02A.px"
"....City of Lucena 1/, 2/, a/, b/, c/","95% Confidence Interval (Upper Limit)","2023","6.9","","2026-08-03T13-49-16-ffb070b97929","https://openstat.psa.gov.ph/PXWeb/pxweb/en/DB/DB__1F__FY/0041F3DF02A.px"
"....Rizal 3/, a/, b/, c/","Annual Per Capita Poverty Threshold (in PhP)","2018","28647.42","","2026-08-03T13-49-16-ffb070b97929","https://openstat.psa.gov.ph/PXWeb/pxweb/en/DB/DB__1F__FY/0041F3DF02A.px"
"....Rizal 3/, a/, b/, c/","Annual Per Capita Poverty Threshold (in PhP)","2021","32217.14","","2026-08-03T13-49-16-ffb070b97929","https://openstat.psa.gov.ph/PXWeb/pxweb/en/DB/DB__1F__FY/0041F3DF02A.px"
"....Rizal 3/, a/, b/, c/","Annual Per Capita Poverty Threshold (in PhP)","2023","39054.98","","2026-08-03T13-49-16-ffb070b97929","https://openstat.psa.gov.ph/PXWeb/pxweb/en/DB/DB__1F__FY/0041F3DF02A.px"
"....Rizal 3/, a/, b/, c/","Poverty Incidence among Population (%)","2018","4.5","","2026-08-03T13-49-16-ffb070b97929","https://openstat.psa.gov.ph/PXWeb/pxweb/en/DB/DB__1F__FY/0041F3DF02A.px"
"....Rizal 3/, a/, b/, c/","Poverty Incidence among Population (%)","2021","6.9","","2026-08-03T13-49-16-ffb070b97929","https://openstat.psa.gov.ph/PXWeb/pxweb/en/DB/DB__1F__FY/0041F3DF02A.px"
"....Rizal 3/, a/, b/, c/","Poverty Incidence among Population (%)","2023","8.5","","2026-08-03T13-49-16-ffb070b97929","https://openstat.psa.gov.ph/PXWeb/pxweb/en/DB/DB__1F__FY/0041F3DF02A.px"
"....Rizal 3/, a/, b/, c/","Coefficient of Variation","2018","17.7","","2026-08-03T13-49-16-ffb070b97929","https://openstat.psa.gov.ph/PXWeb/pxweb/en/DB/DB__1F__FY/0041F3DF02A.px"
"....Rizal 3/, a/, b/, c/","Coefficient of Variation","2021","17.6","","2026-08-03T13-49-16-ffb070b97929","https://openstat.psa.gov.ph/PXWeb/pxweb/en/DB/DB__1F__FY/0041F3DF02A.px"
"....Rizal 3/, a/, b/, c/","Coefficient of Variation","2023","13.7","","2026-08-03T13-49-16-ffb070b97929","https://openstat.psa.gov.ph/PXWeb/pxweb/en/DB/DB__1F__FY/0041F3DF02A.px"
"....Rizal 3/, a/, b/, c/","Standard Error","2018","0.8","","2026-08-03T13-49-16-ffb070b97929","https://openstat.psa.gov.ph/PXWeb/pxweb/en/DB/DB__1F__FY/0041F3DF02A.px"
"....Rizal 3/, a/, b/, c/","Standard Error","2021","1.2","","2026-08-03T13-49-16-ffb070b97929","https://openstat.psa.gov.ph/PXWeb/pxweb/en/DB/DB__1F__FY/0041F3DF02A.px"
"....Rizal 3/, a/, b/, c/","Standard Error","2023","1.2","","2026-08-03T13-49-16-ffb070b97929","https://openstat.psa.gov.ph/PXWeb/pxweb/en/DB/DB__1F__FY/0041F3DF02A.px"
"....Rizal 3/, a/, b/, c/","95% Confidence Interval (Lower Limit)","2018","2.9","","2026-08-03T13-49-16-ffb070b97929","https://openstat.psa.gov.ph/PXWeb/pxweb/en/DB/DB__1F__FY/0041F3DF02A.px"
"....Rizal 3/, a/, b/, c/","95% Confidence Interval (Lower Limit)","2021","4.5","","2026-08-03T13-49-16-ffb070b97929","https://openstat.psa.gov.ph/PXWeb/pxweb/en/DB/DB__1F__FY/0041F3DF02A.px"
"....Rizal 3/, a/, b/, c/","95% Confidence Interval (Lower Limit)","2023","6.2","","2026-08-03T13-49-16-ffb070b97929","https://openstat.psa.gov.ph/PXWeb/pxweb/en/DB/DB__1F__FY/0041F3DF02A.px"
"....Rizal 3/, a/, b/, c/","95% Confidence Interval (Upper Limit)","2018","6","","2026-08-03T13-49-16-ffb070b97929","https://openstat.psa.gov.ph/PXWeb/pxweb/en/DB/DB__1F__FY/0041F3DF02A.px"
"....Rizal 3/, a/, b/, c/","95% Confidence Interval (Upper Limit)","2021","9.3","","2026-08-03T13-49-16-ffb070b97929","https://openstat.psa.gov.ph/PXWeb/pxweb/en/DB/DB__1F__FY/0041F3DF02A.px"
"....Rizal 3/, a/, b/, c/","95% Confidence Interval (Upper Limit)","2023","10.7","","2026-08-03T13-49-16-ffb070b97929","https://openstat.psa.gov.ph/PXWeb/pxweb/en/DB/DB__1F__FY/0041F3DF02A.px"
"..MIMAROPA Region 1/, 3/","Annual Per Capita Poverty Threshold (in PhP)","2018","23314.75","","2026-08-03T13-49-16-ffb070b97929","https://openstat.psa.gov.ph/PXWeb/pxweb/en/DB/DB__1F__FY/0041F3DF02A.px"
"..MIMAROPA Region 1/, 3/","Annual Per Capita Poverty Threshold (in PhP)","2021","26321.19","","2026-08-03T13-49-16-ffb070b97929","https://openstat.psa.gov.ph/PXWeb/pxweb/en/DB/DB__1F__FY/0041F3DF02A.px"
"..MIMAROPA Region 1/, 3/","Annual Per Capita Poverty Threshold (in PhP)","2023","30472.18","","2026-08-03T13-49-16-ffb070b97929","https://openstat.psa.gov.ph/PXWeb/pxweb/en/DB/DB__1F__FY/0041F3DF02A.px"
"..MIMAROPA Region 1/, 3/","Poverty Incidence among Population (%)","2018","15.1","","2026-08-03T13-49-16-ffb070b97929","https://openstat.psa.gov.ph/PXWeb/pxweb/en/DB/DB__1F__FY/0041F3DF02A.px"
"..MIMAROPA Region 1/, 3/","Poverty Incidence among Population (%)","2021","20.8","","2026-08-03T13-49-16-ffb070b97929","https://openstat.psa.gov.ph/PXWeb/pxweb/en/DB/DB__1F__FY/0041F3DF02A.px"
"..MIMAROPA Region 1/, 3/","Poverty Incidence among Population (%)","2023","23","","2026-08-03T13-49-16-ffb070b97929","https://openstat.psa.gov.ph/PXWeb/pxweb/en/DB/DB__1F__FY/0041F3DF02A.px"
"..MIMAROPA Region 1/, 3/","Coefficient of Variation","2018","6.2","","2026-08-03T13-49-16-ffb070b97929","https://openstat.psa.gov.ph/PXWeb/pxweb/en/DB/DB__1F__FY/0041F3DF02A.px"
"..MIMAROPA Region 1/, 3/","Coefficient of Variation","2021","4.9","","2026-08-03T13-49-16-ffb070b97929","https://openstat.psa.gov.ph/PXWeb/pxweb/en/DB/DB__1F__FY/0041F3DF02A.px"
"..MIMAROPA Region 1/, 3/","Coefficient of Variation","2023","6.2","","2026-08-03T13-49-16-ffb070b97929","https://openstat.psa.gov.ph/PXWeb/pxweb/en/DB/DB__1F__FY/0041F3DF02A.px"
"..MIMAROPA Region 1/, 3/","Standard Error","2018","0.9","","2026-08-03T13-49-16-ffb070b97929","https://openstat.psa.gov.ph/PXWeb/pxweb/en/DB/DB__1F__FY/0041F3DF02A.px"
"..MIMAROPA Region 1/, 3/","Standard Error","2021","1","","2026-08-03T13-49-16-ffb070b97929","https://openstat.psa.gov.ph/PXWeb/pxweb/en/DB/DB__1F__FY/0041F3DF02A.px"
"..MIMAROPA Region 1/, 3/","Standard Error","2023","1.4","","2026-08-03T13-49-16-ffb070b97929","https://openstat.psa.gov.ph/PXWeb/pxweb/en/DB/DB__1F__FY/0041F3DF02A.px"
"..MIMAROPA Region 1/, 3/","95% Confidence Interval (Lower Limit)","2018","13.2","","2026-08-03T13-49-16-ffb070b97929","https://openstat.psa.gov.ph/PXWeb/pxweb/en/DB/DB__1F__FY/0041F3DF02A.px"
"..MIMAROPA Region 1/, 3/","95% Confidence Interval (Lower Limit)","2021","18.8","","2026-08-03T13-49-16-ffb070b97929","https://openstat.psa.gov.ph/PXWeb/pxweb/en/DB/DB__1F__FY/0041F3DF02A.px"
"..MIMAROPA Region 1/, 3/","95% Confidence Interval (Lower Limit)","2023","20.3","","2026-08-03T13-49-16-ffb070b97929","https://openstat.psa.gov.ph/PXWeb/pxweb/en/DB/DB__1F__FY/0041F3DF02A.px"
"..MIMAROPA Region 1/, 3/","95% Confidence Interval (Upper Limit)","2018","16.9","","2026-08-03T13-49-16-ffb070b97929","https://openstat.psa.gov.ph/PXWeb/pxweb/en/DB/DB__1F__FY/0041F3DF02A.px"
"..MIMAROPA Region 1/, 3/","95% Confidence Interval (Upper Limit)","2021","22.8","","2026-08-03T13-49-16-ffb070b97929","https://openstat.psa.gov.ph/PXWeb/pxweb/en/DB/DB__1F__FY/0041F3DF02A.px"
"..MIMAROPA Region 1/, 3/","95% Confidence Interval (Upper Limit)","2023","25.8","","2026-08-03T13-49-16-ffb070b97929","https://openstat.psa.gov.ph/PXWeb/pxweb/en/DB/DB__1F__FY/0041F3DF02A.px"
"....Marinduque 1/, 2/, a/, c/","Annual Per Capita Poverty Threshold (in PhP)","2018","24054.12","","2026-08-03T13-49-16-ffb070b97929","https://openstat.psa.gov.ph/PXWeb/pxweb/en/DB/DB__1F__FY/0041F3DF02A.px"
"....Marinduque 1/, 2/, a/, c/","Annual Per Capita Poverty Threshold (in PhP)","2021","26958.64","","2026-08-03T13-49-16-ffb070b97929","https://openstat.psa.gov.ph/PXWeb/pxweb/en/DB/DB__1F__FY/0041F3DF02A.px"
"....Marinduque 1/, 2/, a/, c/","Annual Per Capita Poverty Threshold (in PhP)","2023","30492.73","","2026-08-03T13-49-16-ffb070b97929","https://openstat.psa.gov.ph/PXWeb/pxweb/en/DB/DB__1F__FY/0041F3DF02A.px"
"....Marinduque 1/, 2/, a/, c/","Poverty Incidence among Population (%)","2018","14.7","","2026-08-03T13-49-16-ffb070b97929","https://openstat.psa.gov.ph/PXWeb/pxweb/en/DB/DB__1F__FY/0041F3DF02A.px"
"....Marinduque 1/, 2/, a/, c/","Poverty Incidence among Population (%)","2021","22.1","","2026-08-03T13-49-16-ffb070b97929","https://openstat.psa.gov.ph/PXWeb/pxweb/en/DB/DB__1F__FY/0041F3DF02A.px"
"....Marinduque 1/, 2/, a/, c/","Poverty Incidence among Population (%)","2023","13.2","","2026-08-03T13-49-16-ffb070b97929","https://openstat.psa.gov.ph/PXWeb/pxweb/en/DB/DB__1F__FY/0041F3DF02A.px"
"....Marinduque 1/, 2/, a/, c/","Coefficient of Variation","2018","10","","2026-08-03T13-49-16-ffb070b97929","https://openstat.psa.gov.ph/PXWeb/pxweb/en/DB/DB__1F__FY/0041F3DF02A.px"
"....Marinduque 1/, 2/, a/, c/","Coefficient of Variation","2021","7.9","","2026-08-03T13-49-16-ffb070b97929","https://openstat.psa.gov.ph/PXWeb/pxweb/en/DB/DB__1F__FY/0041F3DF02A.px"
"....Marinduque 1/, 2/, a/, c/","Coefficient of Variation","2023","10.9","","2026-08-03T13-49-16-ffb070b97929","https://openstat.psa.gov.ph/PXWeb/pxweb/en/DB/DB__1F__FY/0041F3DF02A.px"
"....Marinduque 1/, 2/, a/, c/","Standard Error","2018","1.5","","2026-08-03T13-49-16-ffb070b97929","https://openstat.psa.gov.ph/PXWeb/pxweb/en/DB/DB__1F__FY/0041F3DF02A.px"
"....Marinduque 1/, 2/, a/, c/","Standard Error","2021","1.7","","2026-08-03T13-49-16-ffb070b97929","https://openstat.psa.gov.ph/PXWeb/pxweb/en/DB/DB__1F__FY/0041F3DF02A.px"
"....Marinduque 1/, 2/, a/, c/","Standard Error","2023","1.4","","2026-08-03T13-49-16-ffb070b97929","https://openstat.psa.gov.ph/PXWeb/pxweb/en/DB/DB__1F__FY/0041F3DF02A.px"
"....Marinduque 1/, 2/, a/, c/","95% Confidence Interval (Lower Limit)","2018","11.8","","2026-08-03T13-49-16-ffb070b97929","https://openstat.psa.gov.ph/PXWeb/pxweb/en/DB/DB__1F__FY/0041F3DF02A.px"
"....Marinduque 1/, 2/, a/, c/","95% Confidence Interval (Lower Limit)","2021","18.7","","2026-08-03T13-49-16-ffb070b97929","https://openstat.psa.gov.ph/PXWeb/pxweb/en/DB/DB__1F__FY/0041F3DF02A.px"
"....Marinduque 1/, 2/, a/, c/","95% Confidence Interval (Lower Limit)","2023","10.4","","2026-08-03T13-49-16-ffb070b97929","https://openstat.psa.gov.ph/PXWeb/pxweb/en/DB/DB__1F__FY/0041F3DF02A.px"
"....Marinduque 1/, 2/, a/, c/","95% Confidence Interval (Upper Limit)","2018","17.6","","2026-08-03T13-49-16-ffb070b97929","https://openstat.psa.gov.ph/PXWeb/pxweb/en/DB/DB__1F__FY/0041F3DF02A.px"
"....Marinduque 1/, 2/, a/, c/","95% Confidence Interval (Upper Limit)","2021","25.5","","2026-08-03T13-49-16-ffb070b97929","https://openstat.psa.gov.ph/PXWeb/pxweb/en/DB/DB__1F__FY/0041F3DF02A.px"
"....Marinduque 1/, 2/, a/, c/","95% Confidence Interval (Upper Limit)","2023","16.1","","2026-08-03T13-49-16-ffb070b97929","https://openstat.psa.gov.ph/PXWeb/pxweb/en/DB/DB__1F__FY/0041F3DF02A.px"
"....Occidental Mindoro 1/, a/, c/","Annual Per Capita Poverty Threshold (in PhP)","2018","21340.74","","2026-08-03T13-49-16-ffb070b97929","https://openstat.psa.gov.ph/PXWeb/pxweb/en/DB/DB__1F__FY/0041F3DF02A.px"
"....Occidental Mindoro 1/, a/, c/","Annual Per Capita Poverty Threshold (in PhP)","2021","26661.29","","2026-08-03T13-49-16-ffb070b97929","https://openstat.psa.gov.ph/PXWeb/pxweb/en/DB/DB__1F__FY/0041F3DF02A.px"
"....Occidental Mindoro 1/, a/, c/","Annual Per Capita Poverty Threshold (in PhP)","2023","29253.1","","2026-08-03T13-49-16-ffb070b97929","https://openstat.psa.gov.ph/PXWeb/pxweb/en/DB/DB__1F__FY/0041F3DF02A.px"
"....Occidental Mindoro 1/, a/, c/","Poverty Incidence among Population (%)","2018","21.7","","2026-08-03T13-49-16-ffb070b97929","https://openstat.psa.gov.ph/PXWeb/pxweb/en/DB/DB__1F__FY/0041F3DF02A.px"
"....Occidental Mindoro 1/, a/, c/","Poverty Incidence among Population (%)","2021","30.3","","2026-08-03T13-49-16-ffb070b97929","https://openstat.psa.gov.ph/PXWeb/pxweb/en/DB/DB__1F__FY/0041F3DF02A.px"
"....Occidental Mindoro 1/, a/, c/","Poverty Incidence among Population (%)","2023","28.1","","2026-08-03T13-49-16-ffb070b97929","https://openstat.psa.gov.ph/PXWeb/pxweb/en/DB/DB__1F__FY/0041F3DF02A.px"
"....Occidental Mindoro 1/, a/, c/","Coefficient of Variation","2018","12.2","","2026-08-03T13-49-16-ffb070b97929","https://openstat.psa.gov.ph/PXWeb/pxweb/en/DB/DB__1F__FY/0041F3DF02A.px"
"....Occidental Mindoro 1/, a/, c/","Coefficient of Variation","2021","7.7","","2026-08-03T13-49-16-ffb070b97929","https://openstat.psa.gov.ph/PXWeb/pxweb/en/DB/DB__1F__FY/0041F3DF02A.px"
"....Occidental Mindoro 1/, a/, c/","Coefficient of Variation","2023","12.5","","2026-08-03T13-49-16-ffb070b97929","https://openstat.psa.gov.ph/PXWeb/pxweb/en/DB/DB__1F__FY/0041F3DF02A.px"
"....Occidental Mindoro 1/, a/, c/","Standard Error","2018","2.6","","2026-08-03T13-49-16-ffb070b97929","https://openstat.psa.gov.ph/PXWeb/pxweb/en/DB/DB__1F__FY/0041F3DF02A.px"
"....Occidental Mindoro 1/, a/, c/","Standard Error","2021","2.3","","2026-08-03T13-49-16-ffb070b97929","https://openstat.psa.gov.ph/PXWeb/pxweb/en/DB/DB__1F__FY/0041F3DF02A.px"
"....Occidental Mindoro 1/, a/, c/","Standard Error","2023","3.5","","2026-08-03T13-49-16-ffb070b97929","https://openstat.psa.gov.ph/PXWeb/pxweb/en/DB/DB__1F__FY/0041F3DF02A.px"
"....Occidental Mindoro 1/, a/, c/","95% Confidence Interval (Lower Limit)","2018","16.6","","2026-08-03T13-49-16-ffb070b97929","https://openstat.psa.gov.ph/PXWeb/pxweb/en/DB/DB__1F__FY/0041F3DF02A.px"
"....Occidental Mindoro 1/, a/, c/","95% Confidence Interval (Lower Limit)","2021","25.7","","2026-08-03T13-49-16-ffb070b97929","https://openstat.psa.gov.ph/PXWeb/pxweb/en/DB/DB__1F__FY/0041F3DF02A.px"
"....Occidental Mindoro 1/, a/, c/","95% Confidence Interval (Lower Limit)","2023","21.2","","2026-08-03T13-49-16-ffb070b97929","https://openstat.psa.gov.ph/PXWeb/pxweb/en/DB/DB__1F__FY/0041F3DF02A.px"
"....Occidental Mindoro 1/, a/, c/","95% Confidence Interval (Upper Limit)","2018","26.9","","2026-08-03T13-49-16-ffb070b97929","https://openstat.psa.gov.ph/PXWeb/pxweb/en/DB/DB__1F__FY/0041F3DF02A.px"
"....Occidental Mindoro 1/, a/, c/","95% Confidence Interval (Upper Limit)","2021","34.8","","2026-08-03T13-49-16-ffb070b97929","https://openstat.psa.gov.ph/PXWeb/pxweb/en/DB/DB__1F__FY/0041F3DF02A.px"
"....Occidental Mindoro 1/, a/, c/","95% Confidence Interval (Upper Limit)","2023","35","","2026-08-03T13-49-16-ffb070b97929","https://openstat.psa.gov.ph/PXWeb/pxweb/en/DB/DB__1F__FY/0041F3DF02A.px"
"....Oriental Mindoro 1/, 3/, a/, b/, c/","Annual Per Capita Poverty Threshold (in PhP)","2018","24470.46","","2026-08-03T13-49-16-ffb070b97929","https://openstat.psa.gov.ph/PXWeb/pxweb/en/DB/DB__1F__FY/0041F3DF02A.px"
"....Oriental Mindoro 1/, 3/, a/, b/, c/","Annual Per Capita Poverty Threshold (in PhP)","2021","26265.25","","2026-08-03T13-49-16-ffb070b97929","https://openstat.psa.gov.ph/PXWeb/pxweb/en/DB/DB__1F__FY/0041F3DF02A.px"
"....Oriental Mindoro 1/, 3/, a/, b/, c/","Annual Per Capita Poverty Threshold (in PhP)","2023","31191.05","","2026-08-03T13-49-16-ffb070b97929","https://openstat.psa.gov.ph/PXWeb/pxweb/en/DB/DB__1F__FY/0041F3DF02A.px"
"....Oriental Mindoro 1/, 3/, a/, b/, c/","Poverty Incidence among Population (%)","2018","10.8","","2026-08-03T13-49-16-ffb070b97929","https://openstat.psa.gov.ph/PXWeb/pxweb/en/DB/DB__1F__FY/0041F3DF02A.px"
"....Oriental Mindoro 1/, 3/, a/, b/, c/","Poverty Incidence among Population (%)","2021","18.1","","2026-08-03T13-49-16-ffb070b97929","https://openstat.psa.gov.ph/PXWeb/pxweb/en/DB/DB__1F__FY/0041F3DF02A.px"
"....Oriental Mindoro 1/, 3/, a/, b/, c/","Poverty Incidence among Population (%)","2023","20.6","","2026-08-03T13-49-16-ffb070b97929","https://openstat.psa.gov.ph/PXWeb/pxweb/en/DB/DB__1F__FY/0041F3DF02A.px"
"....Oriental Mindoro 1/, 3/, a/, b/, c/","Coefficient of Variation","2018","17.8","","2026-08-03T13-49-16-ffb070b97929","https://openstat.psa.gov.ph/PXWeb/pxweb/en/DB/DB__1F__FY/0041F3DF02A.px"
"....Oriental Mindoro 1/, 3/, a/, b/, c/","Coefficient of Variation","2021","13.6","","2026-08-03T13-49-16-ffb070b97929","https://openstat.psa.gov.ph/PXWeb/pxweb/en/DB/DB__1F__FY/0041F3DF02A.px"
"....Oriental Mindoro 1/, 3/, a/, b/, c/","Coefficient of Variation","2023","11.5","","2026-08-03T13-49-16-ffb070b97929","https://openstat.psa.gov.ph/PXWeb/pxweb/en/DB/DB__1F__FY/0041F3DF02A.px"
"....Oriental Mindoro 1/, 3/, a/, b/, c/","Standard Error","2018","1.9","","2026-08-03T13-49-16-ffb070b97929","https://openstat.psa.gov.ph/PXWeb/pxweb/en/DB/DB__1F__FY/0041F3DF02A.px"
"....Oriental Mindoro 1/, 3/, a/, b/, c/","Standard Error","2021","2.5","","2026-08-03T13-49-16-ffb070b97929","https://openstat.psa.gov.ph/PXWeb/pxweb/en/DB/DB__1F__FY/0041F3DF02A.px"
"....Oriental Mindoro 1/, 3/, a/, b/, c/","Standard Error","2023","2.4","","2026-08-03T13-49-16-ffb070b97929","https://openstat.psa.gov.ph/PXWeb/pxweb/en/DB/DB__1F__FY/0041F3DF02A.px"
"....Oriental Mindoro 1/, 3/, a/, b/, c/","95% Confidence Interval (Lower Limit)","2018","7","","2026-08-03T13-49-16-ffb070b97929","https://openstat.psa.gov.ph/PXWeb/pxweb/en/DB/DB__1F__FY/0041F3DF02A.px"
"....Oriental Mindoro 1/, 3/, a/, b/, c/","95% Confidence Interval (Lower Limit)","2021","13.3","","2026-08-03T13-49-16-ffb070b97929","https://openstat.psa.gov.ph/PXWeb/pxweb/en/DB/DB__1F__FY/0041F3DF02A.px"
"....Oriental Mindoro 1/, 3/, a/, b/, c/","95% Confidence Interval (Lower Limit)","2023","15.9","","2026-08-03T13-49-16-ffb070b97929","https://openstat.psa.gov.ph/PXWeb/pxweb/en/DB/DB__1F__FY/0041F3DF02A.px"
"....Oriental Mindoro 1/, 3/, a/, b/, c/","95% Confidence Interval (Upper Limit)","2018","14.6","","2026-08-03T13-49-16-ffb070b97929","https://openstat.psa.gov.ph/PXWeb/pxweb/en/DB/DB__1F__FY/0041F3DF02A.px"
"....Oriental Mindoro 1/, 3/, a/, b/, c/","95% Confidence Interval (Upper Limit)","2021","23","","2026-08-03T13-49-16-ffb070b97929","https://openstat.psa.gov.ph/PXWeb/pxweb/en/DB/DB__1F__FY/0041F3DF02A.px"
"....Oriental Mindoro 1/, 3/, a/, b/, c/","95% Confidence Interval (Upper Limit)","2023","25.2","","2026-08-03T13-49-16-ffb070b97929","https://openstat.psa.gov.ph/PXWeb/pxweb/en/DB/DB__1F__FY/0041F3DF02A.px"
"....Palawan (w/o the City of Puerto Princesa 2/, 3/, a/, b/, c/","Annual Per Capita Poverty Threshold (in PhP)","2018","23414.59","","2026-08-03T13-49-16-ffb070b97929","https://openstat.psa.gov.ph/PXWeb/pxweb/en/DB/DB__1F__FY/0041F3DF02A.px"
"....Palawan (w/o the City of Puerto Princesa 2/, 3/, a/, b/, c/","Annual Per Capita Poverty Threshold (in PhP)","2021","24001.76","","2026-08-03T13-49-16-ffb070b97929","https://openstat.psa.gov.ph/PXWeb/pxweb/en/DB/DB__1F__FY/0041F3DF02A.px"
"....Palawan (w/o the City of Puerto Princesa 2/, 3/, a/, b/, c/","Annual Per Capita Poverty Threshold (in PhP)","2023","29552.3","","2026-08-03T13-49-16-ffb070b97929","https://openstat.psa.gov.ph/PXWeb/pxweb/en/DB/DB__1F__FY/0041F3DF02A.px"
"....Palawan (w/o the City of Puerto Princesa 2/, 3/, a/, b/, c/","Poverty Incidence among Population (%)","2018","14.6","","2026-08-03T13-49-16-ffb070b97929","https://openstat.psa.gov.ph/PXWeb/pxweb/en/DB/DB__1F__FY/0041F3DF02A.px"
"....Palawan (w/o the City of Puerto Princesa 2/, 3/, a/, b/, c/","Poverty Incidence among Population (%)","2021","15.7","","2026-08-03T13-49-16-ffb070b97929","https://openstat.psa.gov.ph/PXWeb/pxweb/en/DB/DB__1F__FY/0041F3DF02A.px"
"....Palawan (w/o the City of Puerto Princesa 2/, 3/, a/, b/, c/","Poverty Incidence among Population (%)","2023","27.2","","2026-08-03T13-49-16-ffb070b97929","https://openstat.psa.gov.ph/PXWeb/pxweb/en/DB/DB__1F__FY/0041F3DF02A.px"
"....Palawan (w/o the City of Puerto Princesa 2/, 3/, a/, b/, c/","Coefficient of Variation","2018","13","","2026-08-03T13-49-16-ffb070b97929","https://openstat.psa.gov.ph/PXWeb/pxweb/en/DB/DB__1F__FY/0041F3DF02A.px"
"....Palawan (w/o the City of Puerto Princesa 2/, 3/, a/, b/, c/","Coefficient of Variation","2021","12.1","","2026-08-03T13-49-16-ffb070b97929","https://openstat.psa.gov.ph/PXWeb/pxweb/en/DB/DB__1F__FY/0041F3DF02A.px"
"....Palawan (w/o the City of Puerto Princesa 2/, 3/, a/, b/, c/","Coefficient of Variation","2023","12","","2026-08-03T13-49-16-ffb070b97929","https://openstat.psa.gov.ph/PXWeb/pxweb/en/DB/DB__1F__FY/0041F3DF02A.px"
"....Palawan (w/o the City of Puerto Princesa 2/, 3/, a/, b/, c/","Standard Error","2018","1.9","","2026-08-03T13-49-16-ffb070b97929","https://openstat.psa.gov.ph/PXWeb/pxweb/en/DB/DB__1F__FY/0041F3DF02A.px"
"....Palawan (w/o the City of Puerto Princesa 2/, 3/, a/, b/, c/","Standard Error","2021","1.9","","2026-08-03T13-49-16-ffb070b97929","https://openstat.psa.gov.ph/PXWeb/pxweb/en/DB/DB__1F__FY/0041F3DF02A.px"
"....Palawan (w/o the City of Puerto Princesa 2/, 3/, a/, b/, c/","Standard Error","2023","3.3","","2026-08-03T13-49-16-ffb070b97929","https://openstat.psa.gov.ph/PXWeb/pxweb/en/DB/DB__1F__FY/0041F3DF02A.px"
"....Palawan (w/o the City of Puerto Princesa 2/, 3/, a/, b/, c/","95% Confidence Interval (Lower Limit)","2018","10.9","","2026-08-03T13-49-16-ffb070b97929","https://openstat.psa.gov.ph/PXWeb/pxweb/en/DB/DB__1F__FY/0041F3DF02A.px"
"....Palawan (w/o the City of Puerto Princesa 2/, 3/, a/, b/, c/","95% Confidence Interval (Lower Limit)","2021","12","","2026-08-03T13-49-16-ffb070b97929","https://openstat.psa.gov.ph/PXWeb/pxweb/en/DB/DB__1F__FY/0041F3DF02A.px"
"....Palawan (w/o the City of Puerto Princesa 2/, 3/, a/, b/, c/","95% Confidence Interval (Lower Limit)","2023","20.8","","2026-08-03T13-49-16-ffb070b97929","https://openstat.psa.gov.ph/PXWeb/pxweb/en/DB/DB__1F__FY/0041F3DF02A.px"
"....Palawan (w/o the City of Puerto Princesa 2/, 3/, a/, b/, c/","95% Confidence Interval (Upper Limit)","2018","18.3","","2026-08-03T13-49-16-ffb070b97929","https://openstat.psa.gov.ph/PXWeb/pxweb/en/DB/DB__1F__FY/0041F3DF02A.px"
"....Palawan (w/o the City of Puerto Princesa 2/, 3/, a/, b/, c/","95% Confidence Interval (Upper Limit)","2021","19.4","","2026-08-03T13-49-16-ffb070b97929","https://openstat.psa.gov.ph/PXWeb/pxweb/en/DB/DB__1F__FY/0041F3DF02A.px"
"....Palawan (w/o the City of Puerto Princesa 2/, 3/, a/, b/, c/","95% Confidence Interval (Upper Limit)","2023","33.6","","2026-08-03T13-49-16-ffb070b97929","https://openstat.psa.gov.ph/PXWeb/pxweb/en/DB/DB__1F__FY/0041F3DF02A.px"
"....City of Puerto Princesa 1/, a/, b/, c/","Annual Per Capita Poverty Threshold (in PhP)","2018","23541.1","","2026-08-03T13-49-16-ffb070b97929","https://openstat.psa.gov.ph/PXWeb/pxweb/en/DB/DB__1F__FY/0041F3DF02A.px"
"....City of Puerto Princesa 1/, a/, b/, c/","Annual Per Capita Poverty Threshold (in PhP)","2021","24987.38","","2026-08-03T13-49-16-ffb070b97929","https://openstat.psa.gov.ph/PXWeb/pxweb/en/DB/DB__1F__FY/0041F3DF02A.px"
"....City of Puerto Princesa 1/, a/, b/, c/","Annual Per Capita Poverty Threshold (in PhP)","2023","30464.94","","2026-08-03T13-49-16-ffb070b97929","https://openstat.psa.gov.ph/PXWeb/pxweb/en/DB/DB__1F__FY/0041F3DF02A.px"
"....City of Puerto Princesa 1/, a/, b/, c/","Poverty Incidence among Population (%)","2018","4.1","","2026-08-03T13-49-16-ffb070b97929","https://openstat.psa.gov.ph/PXWeb/pxweb/en/DB/DB__1F__FY/0041F3DF02A.px"
"....City of Puerto Princesa 1/, a/, b/, c/","Poverty Incidence among Population (%)","2021","7.5","","2026-08-03T13-49-16-ffb070b97929","https://openstat.psa.gov.ph/PXWeb/pxweb/en/DB/DB__1F__FY/0041F3DF02A.px"
"....City of Puerto Princesa 1/, a/, b/, c/","Poverty Incidence among Population (%)","2023","6.5","","2026-08-03T13-49-16-ffb070b97929","https://openstat.psa.gov.ph/PXWeb/pxweb/en/DB/DB__1F__FY/0041F3DF02A.px"
"....City of Puerto Princesa 1/, a/, b/, c/","Coefficient of Variation","2018","22.6","","2026-08-03T13-49-16-ffb070b97929","https://openstat.psa.gov.ph/PXWeb/pxweb/en/DB/DB__1F__FY/0041F3DF02A.px"
"....City of Puerto Princesa 1/, a/, b/, c/","Coefficient of Variation","2021","18.4","","2026-08-03T13-49-16-ffb070b97929","https://openstat.psa.gov.ph/PXWeb/pxweb/en/DB/DB__1F__FY/0041F3DF02A.px"
"....City of Puerto Princesa 1/, a/, b/, c/","Coefficient of Variation","2023","17.5","","2026-08-03T13-49-16-ffb070b97929","https://openstat.psa.gov.ph/PXWeb/pxweb/en/DB/DB__1F__FY/0041F3DF02A.px"
"....City of Puerto Princesa 1/, a/, b/, c/","Standard Error","2018","0.9","","2026-08-03T13-49-16-ffb070b97929","https://openstat.psa.gov.ph/PXWeb/pxweb/en/DB/DB__1F__FY/0041F3DF02A.px"
"....City of Puerto Princesa 1/, a/, b/, c/","Standard Error","2021","1.4","","2026-08-03T13-49-16-ffb070b97929","https://openstat.psa.gov.ph/PXWeb/pxweb/en/DB/DB__1F__FY/0041F3DF02A.px"
"....City of Puerto Princesa 1/, a/, b/, c/","Standard Error","2023","1.1","","2026-08-03T13-49-16-ffb070b97929","https://openstat.psa.gov.ph/PXWeb/pxweb/en/DB/DB__1F__FY/0041F3DF02A.px"
"....City of Puerto Princesa 1/, a/, b/, c/","95% Confidence Interval (Lower Limit)","2018","2.3","","2026-08-03T13-49-16-ffb070b97929","https://openstat.psa.gov.ph/PXWeb/pxweb/en/DB/DB__1F__FY/0041F3DF02A.px"
"....City of Puerto Princesa 1/, a/, b/, c/","95% Confidence Interval (Lower Limit)","2021","4.8","","2026-08-03T13-49-16-ffb070b97929","https://openstat.psa.gov.ph/PXWeb/pxweb/en/DB/DB__1F__FY/0041F3DF02A.px"
"....City of Puerto Princesa 1/, a/, b/, c/","95% Confidence Interval (Lower Limit)","2023","4.3","","2026-08-03T13-49-16-ffb070b97929","https://openstat.psa.gov.ph/PXWeb/pxweb/en/DB/DB__1F__FY/0041F3DF02A.px"
"....City of Puerto Princesa 1/, a/, b/, c/","95% Confidence Interval (Upper Limit)","2018","5.9","","2026-08-03T13-49-16-ffb070b97929","https://openstat.psa.gov.ph/PXWeb/pxweb/en/DB/DB__1F__FY/0041F3DF02A.px"
"....City of Puerto Princesa 1/, a/, b/, c/","95% Confidence Interval (Upper Limit)","2021","10.2","","2026-08-03T13-49-16-ffb070b97929","https://openstat.psa.gov.ph/PXWeb/pxweb/en/DB/DB__1F__FY/0041F3DF02A.px"
"....City of Puerto Princesa 1/, a/, b/, c/","95% Confidence Interval (Upper Limit)","2023","8.8","","2026-08-03T13-49-16-ffb070b97929","https://openstat.psa.gov.ph/PXWeb/pxweb/en/DB/DB__1F__FY/0041F3DF02A.px"
"....Romblon 1/, 2/","Annual Per Capita Poverty Threshold (in PhP)","2018","24087.25","","2026-08-03T13-49-16-ffb070b97929","https://openstat.psa.gov.ph/PXWeb/pxweb/en/DB/DB__1F__FY/0041F3DF02A.px"
"....Romblon 1/, 2/","Annual Per Capita Poverty Threshold (in PhP)","2021","28748.98","","2026-08-03T13-49-16-ffb070b97929","https://openstat.psa.gov.ph/PXWeb/pxweb/en/DB/DB__1F__FY/0041F3DF02A.px"
"....Romblon 1/, 2/","Annual Per Capita Poverty Threshold (in PhP)","2023","33379.16","","2026-08-03T13-49-16-ffb070b97929","https://openstat.psa.gov.ph/PXWeb/pxweb/en/DB/DB__1F__FY/0041F3DF02A.px"
"....Romblon 1/, 2/","Poverty Incidence among Population (%)","2018","28.3","","2026-08-03T13-49-16-ffb070b97929","https://openstat.psa.gov.ph/PXWeb/pxweb/en/DB/DB__1F__FY/0041F3DF02A.px"
"....Romblon 1/, 2/","Poverty Incidence among Population (%)","2021","40.1","","2026-08-03T13-49-16-ffb070b97929","https://openstat.psa.gov.ph/PXWeb/pxweb/en/DB/DB__1F__FY/0041F3DF02A.px"
"....Romblon 1/, 2/","Poverty Incidence among Population (%)","2023","32.3","","2026-08-03T13-49-16-ffb070b97929","https://openstat.psa.gov.ph/PXWeb/pxweb/en/DB/DB__1F__FY/0041F3DF02A.px"
"....Romblon 1/, 2/","Coefficient of Variation","2018","8.3","","2026-08-03T13-49-16-ffb070b97929","https://openstat.psa.gov.ph/PXWeb/pxweb/en/DB/DB__1F__FY/0041F3DF02A.px"
"....Romblon 1/, 2/","Coefficient of Variation","2021","5.4","","2026-08-03T13-49-16-ffb070b97929","https://openstat.psa.gov.ph/PXWeb/pxweb/en/DB/DB__1F__FY/0041F3DF02A.px"
"....Romblon 1/, 2/","Coefficient of Variation","2023","7","","2026-08-03T13-49-16-ffb070b97929","https://openstat.psa.gov.ph/PXWeb/pxweb/en/DB/DB__1F__FY/0041F3DF02A.px"
"....Romblon 1/, 2/","Standard Error","2018","2.3","","2026-08-03T13-49-16-ffb070b97929","https://openstat.psa.gov.ph/PXWeb/pxweb/en/DB/DB__1F__FY/0041F3DF02A.px"
"....Romblon 1/, 2/","Standard Error","2021","2.1","","2026-08-03T13-49-16-ffb070b97929","https://openstat.psa.gov.ph/PXWeb/pxweb/en/DB/DB__1F__FY/0041F3DF02A.px"
"....Romblon 1/, 2/","Standard Error","2023","2.3","","2026-08-03T13-49-16-ffb070b97929","https://openstat.psa.gov.ph/PXWeb/pxweb/en/DB/DB__1F__FY/0041F3DF02A.px"
"....Romblon 1/, 2/","95% Confidence Interval (Lower Limit)","2018","23.7","","2026-08-03T13-49-16-ffb070b97929","https://openstat.psa.gov.ph/PXWeb/pxweb/en/DB/DB__1F__FY/0041F3DF02A.px"
"....Romblon 1/, 2/","95% Confidence Interval (Lower Limit)","2021","35.9","","2026-08-03T13-49-16-ffb070b97929","https://openstat.psa.gov.ph/PXWeb/pxweb/en/DB/DB__1F__FY/0041F3DF02A.px"
"....Romblon 1/, 2/","95% Confidence Interval (Lower Limit)","2023","27.9","","2026-08-03T13-49-16-ffb070b97929","https://openstat.psa.gov.ph/PXWeb/pxweb/en/DB/DB__1F__FY/0041F3DF02A.px"
"....Romblon 1/, 2/","95% Confidence Interval (Upper Limit)","2018","32.9","","2026-08-03T13-49-16-ffb070b97929","https://openstat.psa.gov.ph/PXWeb/pxweb/en/DB/DB__1F__FY/0041F3DF02A.px"
"....Romblon 1/, 2/","95% Confidence Interval (Upper Limit)","2021","44.3","","2026-08-03T13-49-16-ffb070b97929","https://openstat.psa.gov.ph/PXWeb/pxweb/en/DB/DB__1F__FY/0041F3DF02A.px"
"....Romblon 1/, 2/","95% Confidence Interval (Upper Limit)","2023","36.8","","2026-08-03T13-49-16-ffb070b97929","https://openstat.psa.gov.ph/PXWeb/pxweb/en/DB/DB__1F__FY/0041F3DF02A.px"
"..Region V (Bicol Region)","Annual Per Capita Poverty Threshold (in PhP)","2018","24461.02","","2026-08-03T13-49-16-ffb070b97929","https://openstat.psa.gov.ph/PXWeb/pxweb/en/DB/DB__1F__FY/0041F3DF02A.px"
"..Region V (Bicol Region)","Annual Per Capita Poverty Threshold (in PhP)","2021","27675.26","","2026-08-03T13-49-16-ffb070b97929","https://openstat.psa.gov.ph/PXWeb/pxweb/en/DB/DB__1F__FY/0041F3DF02A.px"
"..Region V (Bicol Region)","Annual Per Capita Poverty Threshold (in PhP)","2023","33574.72","","2026-08-03T13-49-16-ffb070b97929","https://openstat.psa.gov.ph/PXWeb/pxweb/en/DB/DB__1F__FY/0041F3DF02A.px"
"..Region V (Bicol Region)","Poverty Incidence among Population (%)","2018","27","","2026-08-03T13-49-16-ffb070b97929","https://openstat.psa.gov.ph/PXWeb/pxweb/en/DB/DB__1F__FY/0041F3DF02A.px"
"..Region V (Bicol Region)","Poverty Incidence among Population (%)","2021","29.3","","2026-08-03T13-49-16-ffb070b97929","https://openstat.psa.gov.ph/PXWeb/pxweb/en/DB/DB__1F__FY/0041F3DF02A.px"
"..Region V (Bicol Region)","Poverty Incidence among Population (%)","2023","27.5","","2026-08-03T13-49-16-ffb070b97929","https://openstat.psa.gov.ph/PXWeb/pxweb/en/DB/DB__1F__FY/0041F3DF02A.px"
"..Region V (Bicol Region)","Coefficient of Variation","2018","3.7","","2026-08-03T13-49-16-ffb070b97929","https://openstat.psa.gov.ph/PXWeb/pxweb/en/DB/DB__1F__FY/0041F3DF02A.px"
"..Region V (Bicol Region)","Coefficient of Variation","2021","3.6","","2026-08-03T13-49-16-ffb070b97929","https://openstat.psa.gov.ph/PXWeb/pxweb/en/DB/DB__1F__FY/0041F3DF02A.px"
"..Region V (Bicol Region)","Coefficient of Variation","2023","3.4","","2026-08-03T13-49-16-ffb070b97929","https://openstat.psa.gov.ph/PXWeb/pxweb/en/DB/DB__1F__FY/0041F3DF02A.px"
"..Region V (Bicol Region)","Standard Error","2018","1","","2026-08-03T13-49-16-ffb070b97929","https://openstat.psa.gov.ph/PXWeb/pxweb/en/DB/DB__1F__FY/0041F3DF02A.px"
"..Region V (Bicol Region)","Standard Error","2021","1.1","","2026-08-03T13-49-16-ffb070b97929","https://openstat.psa.gov.ph/PXWeb/pxweb/en/DB/DB__1F__FY/0041F3DF02A.px"
"..Region V (Bicol Region)","Standard Error","2023","0.9","","2026-08-03T13-49-16-ffb070b97929","https://openstat.psa.gov.ph/PXWeb/pxweb/en/DB/DB__1F__FY/0041F3DF02A.px"
"..Region V (Bicol Region)","95% Confidence Interval (Lower Limit)","2018","25","","2026-08-03T13-49-16-ffb070b97929","https://openstat.psa.gov.ph/PXWeb/pxweb/en/DB/DB__1F__FY/0041F3DF02A.px"
"..Region V (Bicol Region)","95% Confidence Interval (Lower Limit)","2021","27.2","","2026-08-03T13-49-16-ffb070b97929","https://openstat.psa.gov.ph/PXWeb/pxweb/en/DB/DB__1F__FY/0041F3DF02A.px"
"..Region V (Bicol Region)","95% Confidence Interval (Lower Limit)","2023","25.7","","2026-08-03T13-49-16-ffb070b97929","https://openstat.psa.gov.ph/PXWeb/pxweb/en/DB/DB__1F__FY/0041F3DF02A.px"
"..Region V (Bicol Region)","95% Confidence Interval (Upper Limit)","2018","29","","2026-08-03T13-49-16-ffb070b97929","https://openstat.psa.gov.ph/PXWeb/pxweb/en/DB/DB__1F__FY/0041F3DF02A.px"
"..Region V (Bicol Region)","95% Confidence Interval (Upper Limit)","2021","31.4","","2026-08-03T13-49-16-ffb070b97929","https://openstat.psa.gov.ph/PXWeb/pxweb/en/DB/DB__1F__FY/0041F3DF02A.px"
"..Region V (Bicol Region)","95% Confidence Interval (Upper Limit)","2023","29.4","","2026-08-03T13-49-16-ffb070b97929","https://openstat.psa.gov.ph/PXWeb/pxweb/en/DB/DB__1F__FY/0041F3DF02A.px"
"....Albay","Annual Per Capita Poverty Threshold (in PhP)","2018","24902.24","","2026-08-03T13-49-16-ffb070b97929","https://openstat.psa.gov.ph/PXWeb/pxweb/en/DB/DB__1F__FY/0041F3DF02A.px"
"....Albay","Annual Per Capita Poverty Threshold (in PhP)","2021","27346.3","","2026-08-03T13-49-16-ffb070b97929","https://openstat.psa.gov.ph/PXWeb/pxweb/en/DB/DB__1F__FY/0041F3DF02A.px"
"....Albay","Annual Per Capita Poverty Threshold (in PhP)","2023","35164.05","","2026-08-03T13-49-16-ffb070b97929","https://openstat.psa.gov.ph/PXWeb/pxweb/en/DB/DB__1F__FY/0041F3DF02A.px"
"....Albay","Poverty Incidence among Population (%)","2018","21.2","","2026-08-03T13-49-16-ffb070b97929","https://openstat.psa.gov.ph/PXWeb/pxweb/en/DB/DB__1F__FY/0041F3DF02A.px"
"....Albay","Poverty Incidence among Population (%)","2021","20.4","","2026-08-03T13-49-16-ffb070b97929","https://openstat.psa.gov.ph/PXWeb/pxweb/en/DB/DB__1F__FY/0041F3DF02A.px"
"....Albay","Poverty Incidence among Population (%)","2023","24.7","","2026-08-03T13-49-16-ffb070b97929","https://openstat.psa.gov.ph/PXWeb/pxweb/en/DB/DB__1F__FY/0041F3DF02A.px"
"....Albay","Coefficient of Variation","2018","9.7","","2026-08-03T13-49-16-ffb070b97929","https://openstat.psa.gov.ph/PXWeb/pxweb/en/DB/DB__1F__FY/0041F3DF02A.px"
"....Albay","Coefficient of Variation","2021","10","","2026-08-03T13-49-16-ffb070b97929","https://openstat.psa.gov.ph/PXWeb/pxweb/en/DB/DB__1F__FY/0041F3DF02A.px"
"....Albay","Coefficient of Variation","2023","6.9","","2026-08-03T13-49-16-ffb070b97929","https://openstat.psa.gov.ph/PXWeb/pxweb/en/DB/DB__1F__FY/0041F3DF02A.px"
"....Albay","Standard Error","2018","2.1","","2026-08-03T13-49-16-ffb070b97929","https://openstat.psa.gov.ph/PXWeb/pxweb/en/DB/DB__1F__FY/0041F3DF02A.px"
"....Albay","Standard Error","2021","2","","2026-08-03T13-49-16-ffb070b97929","https://openstat.psa.gov.ph/PXWeb/pxweb/en/DB/DB__1F__FY/0041F3DF02A.px"
"....Albay","Standard Error","2023","1.7","","2026-08-03T13-49-16-ffb070b97929","https://openstat.psa.gov.ph/PXWeb/pxweb/en/DB/DB__1F__FY/0041F3DF02A.px"
"....Albay","95% Confidence Interval (Lower Limit)","2018","17.1","","2026-08-03T13-49-16-ffb070b97929","https://openstat.psa.gov.ph/PXWeb/pxweb/en/DB/DB__1F__FY/0041F3DF02A.px"
"....Albay","95% Confidence Interval (Lower Limit)","2021","16.4","","2026-08-03T13-49-16-ffb070b97929","https://openstat.psa.gov.ph/PXWeb/pxweb/en/DB/DB__1F__FY/0041F3DF02A.px"
"....Albay","95% Confidence Interval (Lower Limit)","2023","21.3","","2026-08-03T13-49-16-ffb070b97929","https://openstat.psa.gov.ph/PXWeb/pxweb/en/DB/DB__1F__FY/0041F3DF02A.px"
"....Albay","95% Confidence Interval (Upper Limit)","2018","25.2","","2026-08-03T13-49-16-ffb070b97929","https://openstat.psa.gov.ph/PXWeb/pxweb/en/DB/DB__1F__FY/0041F3DF02A.px"
"....Albay","95% Confidence Interval (Upper Limit)","2021","24.4","","2026-08-03T13-49-16-ffb070b97929","https://openstat.psa.gov.ph/PXWeb/pxweb/en/DB/DB__1F__FY/0041F3DF02A.px"
"....Albay","95% Confidence Interval (Upper Limit)","2023","28","","2026-08-03T13-49-16-ffb070b97929","https://openstat.psa.gov.ph/PXWeb/pxweb/en/DB/DB__1F__FY/0041F3DF02A.px"
"....Camarines Norte 1/, 3/","Annual Per Capita Poverty Threshold (in PhP)","2018","25051.12","","2026-08-03T13-49-16-ffb070b97929","https://openstat.psa.gov.ph/PXWeb/pxweb/en/DB/DB__1F__FY/0041F3DF02A.px"
"....Camarines Norte 1/, 3/","Annual Per Capita Poverty Threshold (in PhP)","2021","27571.26","","2026-08-03T13-49-16-ffb070b97929","https://openstat.psa.gov.ph/PXWeb/pxweb/en/DB/DB__1F__FY/0041F3DF02A.px"
"....Camarines Norte 1/, 3/","Annual Per Capita Poverty Threshold (in PhP)","2023","33747.38","","2026-08-03T13-49-16-ffb070b97929","https://openstat.psa.gov.ph/PXWeb/pxweb/en/DB/DB__1F__FY/0041F3DF02A.px"
"....Camarines Norte 1/, 3/","Poverty Incidence among Population (%)","2018","30.5","","2026-08-03T13-49-16-ffb070b97929","https://openstat.psa.gov.ph/PXWeb/pxweb/en/DB/DB__1F__FY/0041F3DF02A.px"
"....Camarines Norte 1/, 3/","Poverty Incidence among Population (%)","2021","22.2","","2026-08-03T13-49-16-ffb070b97929","https://openstat.psa.gov.ph/PXWeb/pxweb/en/DB/DB__1F__FY/0041F3DF02A.px"
"....Camarines Norte 1/, 3/","Poverty Incidence among Population (%)","2023","24.9","","2026-08-03T13-49-16-ffb070b97929","https://openstat.psa.gov.ph/PXWeb/pxweb/en/DB/DB__1F__FY/0041F3DF02A.px"
"....Camarines Norte 1/, 3/","Coefficient of Variation","2018","5.9","","2026-08-03T13-49-16-ffb070b97929","https://openstat.psa.gov.ph/PXWeb/pxweb/en/DB/DB__1F__FY/0041F3DF02A.px"
"....Camarines Norte 1/, 3/","Coefficient of Variation","2021","8.3","","2026-08-03T13-49-16-ffb070b97929","https://openstat.psa.gov.ph/PXWeb/pxweb/en/DB/DB__1F__FY/0041F3DF02A.px"
"....Camarines Norte 1/, 3/","Coefficient of Variation","2023","6.9","","2026-08-03T13-49-16-ffb070b97929","https://openstat.psa.gov.ph/PXWeb/pxweb/en/DB/DB__1F__FY/0041F3DF02A.px"
"....Camarines Norte 1/, 3/","Standard Error","2018","1.8","","2026-08-03T13-49-16-ffb070b97929","https://openstat.psa.gov.ph/PXWeb/pxweb/en/DB/DB__1F__FY/0041F3DF02A.px"
"....Camarines Norte 1/, 3/","Standard Error","2021","1.8","","2026-08-03T13-49-16-ffb070b97929","https://openstat.psa.gov.ph/PXWeb/pxweb/en/DB/DB__1F__FY/0041F3DF02A.px"
"....Camarines Norte 1/, 3/","Standard Error","2023","1.7","","2026-08-03T13-49-16-ffb070b97929","https://openstat.psa.gov.ph/PXWeb/pxweb/en/DB/DB__1F__FY/0041F3DF02A.px"
"....Camarines Norte 1/, 3/","95% Confidence Interval (Lower Limit)","2018","27","","2026-08-03T13-49-16-ffb070b97929","https://openstat.psa.gov.ph/PXWeb/pxweb/en/DB/DB__1F__FY/0041F3DF02A.px"
"....Camarines Norte 1/, 3/","95% Confidence Interval (Lower Limit)","2021","18.6","","2026-08-03T13-49-16-ffb070b97929","https://openstat.psa.gov.ph/PXWeb/pxweb/en/DB/DB__1F__FY/0041F3DF02A.px"
"....Camarines Norte 1/, 3/","95% Confidence Interval (Lower Limit)","2023","21.5","","2026-08-03T13-49-16-ffb070b97929","https://openstat.psa.gov.ph/PXWeb/pxweb/en/DB/DB__1F__FY/0041F3DF02A.px"
"....Camarines Norte 1/, 3/","95% Confidence Interval (Upper Limit)","2018","34","","2026-08-03T13-49-16-ffb070b97929","https://openstat.psa.gov.ph/PXWeb/pxweb/en/DB/DB__1F__FY/0041F3DF02A.px"
"....Camarines Norte 1/, 3/","95% Confidence Interval (Upper Limit)","2021","25.9","","2026-08-03T13-49-16-ffb070b97929","https://openstat.psa.gov.ph/PXWeb/pxweb/en/DB/DB__1F__FY/0041F3DF02A.px"
"....Camarines Norte 1/, 3/","95% Confidence Interval (Upper Limit)","2023","28.3","","2026-08-03T13-49-16-ffb070b97929","https://openstat.psa.gov.ph/PXWeb/pxweb/en/DB/DB__1F__FY/0041F3DF02A.px"
"....Camarines Sur 1/, 2/","Annual Per Capita Poverty Threshold (in PhP)","2018","24270.84","","2026-08-03T13-49-16-ffb070b97929","https://openstat.psa.gov.ph/PXWeb/pxweb/en/DB/DB__1F__FY/0041F3DF02A.px"
"....Camarines Sur 1/, 2/","Annual Per Capita Poverty Threshold (in PhP)","2021","28650.84","","2026-08-03T13-49-16-ffb070b97929","https://openstat.psa.gov.ph/PXWeb/pxweb/en/DB/DB__1F__FY/0041F3DF02A.px"
"....Camarines Sur 1/, 2/","Annual Per Capita Poverty Threshold (in PhP)","2023","33910.88","","2026-08-03T13-49-16-ffb070b97929","https://openstat.psa.gov.ph/PXWeb/pxweb/en/DB/DB__1F__FY/0041F3DF02A.px"
"....Camarines Sur 1/, 2/","Poverty Incidence among Population (%)","2018","28.4","","2026-08-03T13-49-16-ffb070b97929","https://openstat.psa.gov.ph/PXWeb/pxweb/en/DB/DB__1F__FY/0041F3DF02A.px"
"....Camarines Sur 1/, 2/","Poverty Incidence among Population (%)","2021","38.7","","2026-08-03T13-49-16-ffb070b97929","https://openstat.psa.gov.ph/PXWeb/pxweb/en/DB/DB__1F__FY/0041F3DF02A.px"
"....Camarines Sur 1/, 2/","Poverty Incidence among Population (%)","2023","29.4","","2026-08-03T13-49-16-ffb070b97929","https://openstat.psa.gov.ph/PXWeb/pxweb/en/DB/DB__1F__FY/0041F3DF02A.px"
"....Camarines Sur 1/, 2/","Coefficient of Variation","2018","7.9","","2026-08-03T13-49-16-ffb070b97929","https://openstat.psa.gov.ph/PXWeb/pxweb/en/DB/DB__1F__FY/0041F3DF02A.px"
"....Camarines Sur 1/, 2/","Coefficient of Variation","2021","6.1","","2026-08-03T13-49-16-ffb070b97929","https://openstat.psa.gov.ph/PXWeb/pxweb/en/DB/DB__1F__FY/0041F3DF02A.px"
"....Camarines Sur 1/, 2/","Coefficient of Variation","2023","7.4","","2026-08-03T13-49-16-ffb070b97929","https://openstat.psa.gov.ph/PXWeb/pxweb/en/DB/DB__1F__FY/0041F3DF02A.px"
"....Camarines Sur 1/, 2/","Standard Error","2018","2.3","","2026-08-03T13-49-16-ffb070b97929","https://openstat.psa.gov.ph/PXWeb/pxweb/en/DB/DB__1F__FY/0041F3DF02A.px"
"....Camarines Sur 1/, 2/","Standard Error","2021","2.4","","2026-08-03T13-49-16-ffb070b97929","https://openstat.psa.gov.ph/PXWeb/pxweb/en/DB/DB__1F__FY/0041F3DF02A.px"
"....Camarines Sur 1/, 2/","Standard Error","2023","2.2","","2026-08-03T13-49-16-ffb070b97929","https://openstat.psa.gov.ph/PXWeb/pxweb/en/DB/DB__1F__FY/0041F3DF02A.px"
"....Camarines Sur 1/, 2/","95% Confidence Interval (Lower Limit)","2018","24","","2026-08-03T13-49-16-ffb070b97929","https://openstat.psa.gov.ph/PXWeb/pxweb/en/DB/DB__1F__FY/0041F3DF02A.px"
"....Camarines Sur 1/, 2/","95% Confidence Interval (Lower Limit)","2021","34.1","","2026-08-03T13-49-16-ffb070b97929","https://openstat.psa.gov.ph/PXWeb/pxweb/en/DB/DB__1F__FY/0041F3DF02A.px"
"....Camarines Sur 1/, 2/","95% Confidence Interval (Lower Limit)","2023","25.1","","2026-08-03T13-49-16-ffb070b97929","https://openstat.psa.gov.ph/PXWeb/pxweb/en/DB/DB__1F__FY/0041F3DF02A.px"
"....Camarines Sur 1/, 2/","95% Confidence Interval (Upper Limit)","2018","32.8","","2026-08-03T13-49-16-ffb070b97929","https://openstat.psa.gov.ph/PXWeb/pxweb/en/DB/DB__1F__FY/0041F3DF02A.px"
"....Camarines Sur 1/, 2/","95% Confidence Interval (Upper Limit)","2021","43.3","","2026-08-03T13-49-16-ffb070b97929","https://openstat.psa.gov.ph/PXWeb/pxweb/en/DB/DB__1F__FY/0041F3DF02A.px"
"....Camarines Sur 1/, 2/","95% Confidence Interval (Upper Limit)","2023","33.7","","2026-08-03T13-49-16-ffb070b97929","https://openstat.psa.gov.ph/PXWeb/pxweb/en/DB/DB__1F__FY/0041F3DF02A.px"
"....Catanduanes 2/, 3/","Annual Per Capita Poverty Threshold (in PhP)","2018","24379.55","","2026-08-03T13-49-16-ffb070b97929","https://openstat.psa.gov.ph/PXWeb/pxweb/en/DB/DB__1F__FY/0041F3DF02A.px"
"....Catanduanes 2/, 3/","Annual Per Capita Poverty Threshold (in PhP)","2021","28014.31","","2026-08-03T13-49-16-ffb070b97929","https://openstat.psa.gov.ph/PXWeb/pxweb/en/DB/DB__1F__FY/0041F3DF02A.px"
"....Catanduanes 2/, 3/","Annual Per Capita Poverty Threshold (in PhP)","2023","31832.19","","2026-08-03T13-49-16-ffb070b97929","https://openstat.psa.gov.ph/PXWeb/pxweb/en/DB/DB__1F__FY/0041F3DF02A.px"
"....Catanduanes 2/, 3/","Poverty Incidence among Population (%)","2018","20.3","","2026-08-03T13-49-16-ffb070b97929","https://openstat.psa.gov.ph/PXWeb/pxweb/en/DB/DB__1F__FY/0041F3DF02A.px"
"....Catanduanes 2/, 3/","Poverty Incidence among Population (%)","2021","23.5","","2026-08-03T13-49-16-ffb070b97929","https://openstat.psa.gov.ph/PXWeb/pxweb/en/DB/DB__1F__FY/0041F3DF02A.px"
"....Catanduanes 2/, 3/","Poverty Incidence among Population (%)","2023","30.6","","2026-08-03T13-49-16-ffb070b97929","https://openstat.psa.gov.ph/PXWeb/pxweb/en/DB/DB__1F__FY/0041F3DF02A.px"
"....Catanduanes 2/, 3/","Coefficient of Variation","2018","8.7","","2026-08-03T13-49-16-ffb070b97929","https://openstat.psa.gov.ph/PXWeb/pxweb/en/DB/DB__1F__FY/0041F3DF02A.px"
"....Catanduanes 2/, 3/","Coefficient of Variation","2021","8.4","","2026-08-03T13-49-16-ffb070b97929","https://openstat.psa.gov.ph/PXWeb/pxweb/en/DB/DB__1F__FY/0041F3DF02A.px"
"....Catanduanes 2/, 3/","Coefficient of Variation","2023","7.6","","2026-08-03T13-49-16-ffb070b97929","https://openstat.psa.gov.ph/PXWeb/pxweb/en/DB/DB__1F__FY/0041F3DF02A.px"
"....Catanduanes 2/, 3/","Standard Error","2018","1.8","","2026-08-03T13-49-16-ffb070b97929","https://openstat.psa.gov.ph/PXWeb/pxweb/en/DB/DB__1F__FY/0041F3DF02A.px"
"....Catanduanes 2/, 3/","Standard Error","2021","2","","2026-08-03T13-49-16-ffb070b97929","https://openstat.psa.gov.ph/PXWeb/pxweb/en/DB/DB__1F__FY/0041F3DF02A.px"
"....Catanduanes 2/, 3/","Standard Error","2023","2.3","","2026-08-03T13-49-16-ffb070b97929","https://openstat.psa.gov.ph/PXWeb/pxweb/en/DB/DB__1F__FY/0041F3DF02A.px"
"....Catanduanes 2/, 3/","95% Confidence Interval (Lower Limit)","2018","16.8","","2026-08-03T13-49-16-ffb070b97929","https://openstat.psa.gov.ph/PXWeb/pxweb/en/DB/DB__1F__FY/0041F3DF02A.px"
"....Catanduanes 2/, 3/","95% Confidence Interval (Lower Limit)","2021","19.7","","2026-08-03T13-49-16-ffb070b97929","https://openstat.psa.gov.ph/PXWeb/pxweb/en/DB/DB__1F__FY/0041F3DF02A.px"
"....Catanduanes 2/, 3/","95% Confidence Interval (Lower Limit)","2023","26.1","","2026-08-03T13-49-16-ffb070b97929","https://openstat.psa.gov.ph/PXWeb/pxweb/en/DB/DB__1F__FY/0041F3DF02A.px"
"....Catanduanes 2/, 3/","95% Confidence Interval (Upper Limit)","2018","23.8","","2026-08-03T13-49-16-ffb070b97929","https://openstat.psa.gov.ph/PXWeb/pxweb/en/DB/DB__1F__FY/0041F3DF02A.px"
"....Catanduanes 2/, 3/","95% Confidence Interval (Upper Limit)","2021","27.4","","2026-08-03T13-49-16-ffb070b97929","https://openstat.psa.gov.ph/PXWeb/pxweb/en/DB/DB__1F__FY/0041F3DF02A.px"
"....Catanduanes 2/, 3/","95% Confidence Interval (Upper Limit)","2023","35.2","","2026-08-03T13-49-16-ffb070b97929","https://openstat.psa.gov.ph/PXWeb/pxweb/en/DB/DB__1F__FY/0041F3DF02A.px"
"....Masbate 2/, 3/","Annual Per Capita Poverty Threshold (in PhP)","2018","22911.26","","2026-08-03T13-49-16-ffb070b97929","https://openstat.psa.gov.ph/PXWeb/pxweb/en/DB/DB__1F__FY/0041F3DF02A.px"
"....Masbate 2/, 3/","Annual Per Capita Poverty Threshold (in PhP)","2021","25544.85","","2026-08-03T13-49-16-ffb070b97929","https://openstat.psa.gov.ph/PXWeb/pxweb/en/DB/DB__1F__FY/0041F3DF02A.px"
"....Masbate 2/, 3/","Annual Per Capita Poverty Threshold (in PhP)","2023","28627.17","","2026-08-03T13-49-16-ffb070b97929","https://openstat.psa.gov.ph/PXWeb/pxweb/en/DB/DB__1F__FY/0041F3DF02A.px"
"....Masbate 2/, 3/","Poverty Incidence among Population (%)","2018","33","","2026-08-03T13-49-16-ffb070b97929","https://openstat.psa.gov.ph/PXWeb/pxweb/en/DB/DB__1F__FY/0041F3DF02A.px"
"....Masbate 2/, 3/","Poverty Incidence among Population (%)","2021","27.7","","2026-08-03T13-49-16-ffb070b97929","https://openstat.psa.gov.ph/PXWeb/pxweb/en/DB/DB__1F__FY/0041F3DF02A.px"
"....Masbate 2/, 3/","Poverty Incidence among Population (%)","2023","19.2","","2026-08-03T13-49-16-ffb070b97929","https://openstat.psa.gov.ph/PXWeb/pxweb/en/DB/DB__1F__FY/0041F3DF02A.px"
"....Masbate 2/, 3/","Coefficient of Variation","2018","6.8","","2026-08-03T13-49-16-ffb070b97929","https://openstat.psa.gov.ph/PXWeb/pxweb/en/DB/DB__1F__FY/0041F3DF02A.px"
"....Masbate 2/, 3/","Coefficient of Variation","2021","7.9","","2026-08-03T13-49-16-ffb070b97929","https://openstat.psa.gov.ph/PXWeb/pxweb/en/DB/DB__1F__FY/0041F3DF02A.px"
"....Masbate 2/, 3/","Coefficient of Variation","2023","9.3","","2026-08-03T13-49-16-ffb070b97929","https://openstat.psa.gov.ph/PXWeb/pxweb/en/DB/DB__1F__FY/0041F3DF02A.px"
"....Masbate 2/, 3/","Standard Error","2018","2.3","","2026-08-03T13-49-16-ffb070b97929","https://openstat.psa.gov.ph/PXWeb/pxweb/en/DB/DB__1F__FY/0041F3DF02A.px"
"....Masbate 2/, 3/","Standard Error","2021","2.2","","2026-08-03T13-49-16-ffb070b97929","https://openstat.psa.gov.ph/PXWeb/pxweb/en/DB/DB__1F__FY/0041F3DF02A.px"
"....Masbate 2/, 3/","Standard Error","2023","1.8","","2026-08-03T13-49-16-ffb070b97929","https://openstat.psa.gov.ph/PXWeb/pxweb/en/DB/DB__1F__FY/0041F3DF02A.px"
"....Masbate 2/, 3/","95% Confidence Interval (Lower Limit)","2018","28.5","","2026-08-03T13-49-16-ffb070b97929","https://openstat.psa.gov.ph/PXWeb/pxweb/en/DB/DB__1F__FY/0041F3DF02A.px"
"....Masbate 2/, 3/","95% Confidence Interval (Lower Limit)","2021","23.4","","2026-08-03T13-49-16-ffb070b97929","https://openstat.psa.gov.ph/PXWeb/pxweb/en/DB/DB__1F__FY/0041F3DF02A.px"
"....Masbate 2/, 3/","95% Confidence Interval (Lower Limit)","2023","15.7","","2026-08-03T13-49-16-ffb070b97929","https://openstat.psa.gov.ph/PXWeb/pxweb/en/DB/DB__1F__FY/0041F3DF02A.px"
"....Masbate 2/, 3/","95% Confidence Interval (Upper Limit)","2018","37.4","","2026-08-03T13-49-16-ffb070b97929","https://openstat.psa.gov.ph/PXWeb/pxweb/en/DB/DB__1F__FY/0041F3DF02A.px"
"....Masbate 2/, 3/","95% Confidence Interval (Upper Limit)","2021","32","","2026-08-03T13-49-16-ffb070b97929","https://openstat.psa.gov.ph/PXWeb/pxweb/en/DB/DB__1F__FY/0041F3DF02A.px"
"....Masbate 2/, 3/","95% Confidence Interval (Upper Limit)","2023","22.8","","2026-08-03T13-49-16-ffb070b97929","https://openstat.psa.gov.ph/PXWeb/pxweb/en/DB/DB__1F__FY/0041F3DF02A.px"
"....Sorsogon 2/, 3/","Annual Per Capita Poverty Threshold (in PhP)","2018","26069.47","","2026-08-03T13-49-16-ffb070b97929","https://openstat.psa.gov.ph/PXWeb/pxweb/en/DB/DB__1F__FY/0041F3DF02A.px"
"....Sorsogon 2/, 3/","Annual Per Capita Poverty Threshold (in PhP)","2021","27132.74","","2026-08-03T13-49-16-ffb070b97929","https://openstat.psa.gov.ph/PXWeb/pxweb/en/DB/DB__1F__FY/0041F3DF02A.px"
"....Sorsogon 2/, 3/","Annual Per Capita Poverty Threshold (in PhP)","2023","34370.5","","2026-08-03T13-49-16-ffb070b97929","https://openstat.psa.gov.ph/PXWeb/pxweb/en/DB/DB__1F__FY/0041F3DF02A.px"
"....Sorsogon 2/, 3/","Poverty Incidence among Population (%)","2018","26.1","","2026-08-03T13-49-16-ffb070b97929","https://openstat.psa.gov.ph/PXWeb/pxweb/en/DB/DB__1F__FY/0041F3DF02A.px"
"....Sorsogon 2/, 3/","Poverty Incidence among Population (%)","2021","30","","2026-08-03T13-49-16-ffb070b97929","https://openstat.psa.gov.ph/PXWeb/pxweb/en/DB/DB__1F__FY/0041F3DF02A.px"
"....Sorsogon 2/, 3/","Poverty Incidence among Population (%)","2023","37.9","","2026-08-03T13-49-16-ffb070b97929","https://openstat.psa.gov.ph/PXWeb/pxweb/en/DB/DB__1F__FY/0041F3DF02A.px"
"....Sorsogon 2/, 3/","Coefficient of Variation","2018","7.2","","2026-08-03T13-49-16-ffb070b97929","https://openstat.psa.gov.ph/PXWeb/pxweb/en/DB/DB__1F__FY/0041F3DF02A.px"
"....Sorsogon 2/, 3/","Coefficient of Variation","2021","7.4","","2026-08-03T13-49-16-ffb070b97929","https://openstat.psa.gov.ph/PXWeb/pxweb/en/DB/DB__1F__FY/0041F3DF02A.px"
"....Sorsogon 2/, 3/","Coefficient of Variation","2023","5.9","","2026-08-03T13-49-16-ffb070b97929","https://openstat.psa.gov.ph/PXWeb/pxweb/en/DB/DB__1F__FY/0041F3DF02A.px"
"....Sorsogon 2/, 3/","Standard Error","2018","1.9","","2026-08-03T13-49-16-ffb070b97929","https://openstat.psa.gov.ph/PXWeb/pxweb/en/DB/DB__1F__FY/0041F3DF02A.px"
"....Sorsogon 2/, 3/","Standard Error","2021","2.2","","2026-08-03T13-49-16-ffb070b97929","https://openstat.psa.gov.ph/PXWeb/pxweb/en/DB/DB__1F__FY/0041F3DF02A.px"
"....Sorsogon 2/, 3/","Standard Error","2023","2.2","","2026-08-03T13-49-16-ffb070b97929","https://openstat.psa.gov.ph/PXWeb/pxweb/en/DB/DB__1F__FY/0041F3DF02A.px"
"....Sorsogon 2/, 3/","95% Confidence Interval (Lower Limit)","2018","22.4","","2026-08-03T13-49-16-ffb070b97929","https://openstat.psa.gov.ph/PXWeb/pxweb/en/DB/DB__1F__FY/0041F3DF02A.px"
"....Sorsogon 2/, 3/","95% Confidence Interval (Lower Limit)","2021","25.6","","2026-08-03T13-49-16-ffb070b97929","https://openstat.psa.gov.ph/PXWeb/pxweb/en/DB/DB__1F__FY/0041F3DF02A.px"
"....Sorsogon 2/, 3/","95% Confidence Interval (Lower Limit)","2023","33.5","","2026-08-03T13-49-16-ffb070b97929","https://openstat.psa.gov.ph/PXWeb/pxweb/en/DB/DB__1F__FY/0041F3DF02A.px"
"....Sorsogon 2/, 3/","95% Confidence Interval (Upper Limit)","2018","29.8","","2026-08-03T13-49-16-ffb070b97929","https://openstat.psa.gov.ph/PXWeb/pxweb/en/DB/DB__1F__FY/0041F3DF02A.px"
"....Sorsogon 2/, 3/","95% Confidence Interval (Upper Limit)","2021","34.3","","2026-08-03T13-49-16-ffb070b97929","https://openstat.psa.gov.ph/PXWeb/pxweb/en/DB/DB__1F__FY/0041F3DF02A.px"
"....Sorsogon 2/, 3/","95% Confidence Interval (Upper Limit)","2023","42.3","","2026-08-03T13-49-16-ffb070b97929","https://openstat.psa.gov.ph/PXWeb/pxweb/en/DB/DB__1F__FY/0041F3DF02A.px"
"..Region VI (Western Visayas) r2, 1/, 2/","Annual Per Capita Poverty Threshold (in PhP)","2018","25232.22","","2026-08-03T13-49-16-ffb070b97929","https://openstat.psa.gov.ph/PXWeb/pxweb/en/DB/DB__1F__FY/0041F3DF02A.px"
"..Region VI (Western Visayas) r2, 1/, 2/","Annual Per Capita Poverty Threshold (in PhP)","2021","27338.7","","2026-08-03T13-49-16-ffb070b97929","https://openstat.psa.gov.ph/PXWeb/pxweb/en/DB/DB__1F__FY/0041F3DF02A.px"
"..Region VI (Western Visayas) r2, 1/, 2/","Annual Per Capita Poverty Threshold (in PhP)","2023","33121.56","","2026-08-03T13-49-16-ffb070b97929","https://openstat.psa.gov.ph/PXWeb/pxweb/en/DB/DB__1F__FY/0041F3DF02A.px"
"..Region VI (Western Visayas) r2, 1/, 2/","Poverty Incidence among Population (%)","2018","14.2","","2026-08-03T13-49-16-ffb070b97929","https://openstat.psa.gov.ph/PXWeb/pxweb/en/DB/DB__1F__FY/0041F3DF02A.px"
"..Region VI (Western Visayas) r2, 1/, 2/","Poverty Incidence among Population (%)","2021","17.2","","2026-08-03T13-49-16-ffb070b97929","https://openstat.psa.gov.ph/PXWeb/pxweb/en/DB/DB__1F__FY/0041F3DF02A.px"
"..Region VI (Western Visayas) r2, 1/, 2/","Poverty Incidence among Population (%)","2023","13.7","","2026-08-03T13-49-16-ffb070b97929","https://openstat.psa.gov.ph/PXWeb/pxweb/en/DB/DB__1F__FY/0041F3DF02A.px"
"..Region VI (Western Visayas) r2, 1/, 2/","Coefficient of Variation","2018","6.3","","2026-08-03T13-49-16-ffb070b97929","https://openstat.psa.gov.ph/PXWeb/pxweb/en/DB/DB__1F__FY/0041F3DF02A.px"
"..Region VI (Western Visayas) r2, 1/, 2/","Coefficient of Variation","2021","6.4","","2026-08-03T13-49-16-ffb070b97929","https://openstat.psa.gov.ph/PXWeb/pxweb/en/DB/DB__1F__FY/0041F3DF02A.px"
"..Region VI (Western Visayas) r2, 1/, 2/","Coefficient of Variation","2023","6.1","","2026-08-03T13-49-16-ffb070b97929","https://openstat.psa.gov.ph/PXWeb/pxweb/en/DB/DB__1F__FY/0041F3DF02A.px"
"..Region VI (Western Visayas) r2, 1/, 2/","Standard Error","2018","0.9","","2026-08-03T13-49-16-ffb070b97929","https://openstat.psa.gov.ph/PXWeb/pxweb/en/DB/DB__1F__FY/0041F3DF02A.px"
"..Region VI (Western Visayas) r2, 1/, 2/","Standard Error","2021","1.1","","2026-08-03T13-49-16-ffb070b97929","https://openstat.psa.gov.ph/PXWeb/pxweb/en/DB/DB__1F__FY/0041F3DF02A.px"
"..Region VI (Western Visayas) r2, 1/, 2/","Standard Error","2023","0.8","","2026-08-03T13-49-16-ffb070b97929","https://openstat.psa.gov.ph/PXWeb/pxweb/en/DB/DB__1F__FY/0041F3DF02A.px"
"..Region VI (Western Visayas) r2, 1/, 2/","95% Confidence Interval (Lower Limit)","2018","12.5","","2026-08-03T13-49-16-ffb070b97929","https://openstat.psa.gov.ph/PXWeb/pxweb/en/DB/DB__1F__FY/0041F3DF02A.px"
"..Region VI (Western Visayas) r2, 1/, 2/","95% Confidence Interval (Lower Limit)","2021","15","","2026-08-03T13-49-16-ffb070b97929","https://openstat.psa.gov.ph/PXWeb/pxweb/en/DB/DB__1F__FY/0041F3DF02A.px"
"..Region VI (Western Visayas) r2, 1/, 2/","95% Confidence Interval (Lower Limit)","2023","12","","2026-08-03T13-49-16-ffb070b97929","https://openstat.psa.gov.ph/PXWeb/pxweb/en/DB/DB__1F__FY/0041F3DF02A.px"
"..Region VI (Western Visayas) r2, 1/, 2/","95% Confidence Interval (Upper Limit)","2018","16","","2026-08-03T13-49-16-ffb070b97929","https://openstat.psa.gov.ph/PXWeb/pxweb/en/DB/DB__1F__FY/0041F3DF02A.px"
"..Region VI (Western Visayas) r2, 1/, 2/","95% Confidence Interval (Upper Limit)","2021","19.3","","2026-08-03T13-49-16-ffb070b97929","https://openstat.psa.gov.ph/PXWeb/pxweb/en/DB/DB__1F__FY/0041F3DF02A.px"
"..Region VI (Western Visayas) r2, 1/, 2/","95% Confidence Interval (Upper Limit)","2023","15.3","","2026-08-03T13-49-16-ffb070b97929","https://openstat.psa.gov.ph/PXWeb/pxweb/en/DB/DB__1F__FY/0041F3DF02A.px"
"....Aklan 1/, 2/, 3/, a/, b/, c/","Annual Per Capita Poverty Threshold (in PhP)","2018","23745.01","","2026-08-03T13-49-16-ffb070b97929","https://openstat.psa.gov.ph/PXWeb/pxweb/en/DB/DB__1F__FY/0041F3DF02A.px"
"....Aklan 1/, 2/, 3/, a/, b/, c/","Annual Per Capita Poverty Threshold (in PhP)","2021","26836.62","","2026-08-03T13-49-16-ffb070b97929","https://openstat.psa.gov.ph/PXWeb/pxweb/en/DB/DB__1F__FY/0041F3DF02A.px"
"....Aklan 1/, 2/, 3/, a/, b/, c/","Annual Per Capita Poverty Threshold (in PhP)","2023","30137.76","","2026-08-03T13-49-16-ffb070b97929","https://openstat.psa.gov.ph/PXWeb/pxweb/en/DB/DB__1F__FY/0041F3DF02A.px"
"....Aklan 1/, 2/, 3/, a/, b/, c/","Poverty Incidence among Population (%)","2018","12.1","","2026-08-03T13-49-16-ffb070b97929","https://openstat.psa.gov.ph/PXWeb/pxweb/en/DB/DB__1F__FY/0041F3DF02A.px"
"....Aklan 1/, 2/, 3/, a/, b/, c/","Poverty Incidence among Population (%)","2021","20.2","","2026-08-03T13-49-16-ffb070b97929","https://openstat.psa.gov.ph/PXWeb/pxweb/en/DB/DB__1F__FY/0041F3DF02A.px"
"....Aklan 1/, 2/, 3/, a/, b/, c/","Poverty Incidence among Population (%)","2023","4.6","","2026-08-03T13-49-16-ffb070b97929","https://openstat.psa.gov.ph/PXWeb/pxweb/en/DB/DB__1F__FY/0041F3DF02A.px"
"....Aklan 1/, 2/, 3/, a/, b/, c/","Coefficient of Variation","2018","13","","2026-08-03T13-49-16-ffb070b97929","https://openstat.psa.gov.ph/PXWeb/pxweb/en/DB/DB__1F__FY/0041F3DF02A.px"
"....Aklan 1/, 2/, 3/, a/, b/, c/","Coefficient of Variation","2021","11.7","","2026-08-03T13-49-16-ffb070b97929","https://openstat.psa.gov.ph/PXWeb/pxweb/en/DB/DB__1F__FY/0041F3DF02A.px"
"....Aklan 1/, 2/, 3/, a/, b/, c/","Coefficient of Variation","2023","17","","2026-08-03T13-49-16-ffb070b97929","https://openstat.psa.gov.ph/PXWeb/pxweb/en/DB/DB__1F__FY/0041F3DF02A.px"
"....Aklan 1/, 2/, 3/, a/, b/, c/","Standard Error","2018","1.6","","2026-08-03T13-49-16-ffb070b97929","https://openstat.psa.gov.ph/PXWeb/pxweb/en/DB/DB__1F__FY/0041F3DF02A.px"
"....Aklan 1/, 2/, 3/, a/, b/, c/","Standard Error","2021","2.4","","2026-08-03T13-49-16-ffb070b97929","https://openstat.psa.gov.ph/PXWeb/pxweb/en/DB/DB__1F__FY/0041F3DF02A.px"
"....Aklan 1/, 2/, 3/, a/, b/, c/","Standard Error","2023","0.8","","2026-08-03T13-49-16-ffb070b97929","https://openstat.psa.gov.ph/PXWeb/pxweb/en/DB/DB__1F__FY/0041F3DF02A.px"
"....Aklan 1/, 2/, 3/, a/, b/, c/","95% Confidence Interval (Lower Limit)","2018","9","","2026-08-03T13-49-16-ffb070b97929","https://openstat.psa.gov.ph/PXWeb/pxweb/en/DB/DB__1F__FY/0041F3DF02A.px"
"....Aklan 1/, 2/, 3/, a/, b/, c/","95% Confidence Interval (Lower Limit)","2021","15.6","","2026-08-03T13-49-16-ffb070b97929","https://openstat.psa.gov.ph/PXWeb/pxweb/en/DB/DB__1F__FY/0041F3DF02A.px"
"....Aklan 1/, 2/, 3/, a/, b/, c/","95% Confidence Interval (Lower Limit)","2023","3.1","","2026-08-03T13-49-16-ffb070b97929","https://openstat.psa.gov.ph/PXWeb/pxweb/en/DB/DB__1F__FY/0041F3DF02A.px"
"....Aklan 1/, 2/, 3/, a/, b/, c/","95% Confidence Interval (Upper Limit)","2018","15.2","","2026-08-03T13-49-16-ffb070b97929","https://openstat.psa.gov.ph/PXWeb/pxweb/en/DB/DB__1F__FY/0041F3DF02A.px"
"....Aklan 1/, 2/, 3/, a/, b/, c/","95% Confidence Interval (Upper Limit)","2021","24.8","","2026-08-03T13-49-16-ffb070b97929","https://openstat.psa.gov.ph/PXWeb/pxweb/en/DB/DB__1F__FY/0041F3DF02A.px"
"....Aklan 1/, 2/, 3/, a/, b/, c/","95% Confidence Interval (Upper Limit)","2023","6.1","","2026-08-03T13-49-16-ffb070b97929","https://openstat.psa.gov.ph/PXWeb/pxweb/en/DB/DB__1F__FY/0041F3DF02A.px"
"....Antique a/, c/","Annual Per Capita Poverty Threshold (in PhP)","2018","24022.72","","2026-08-03T13-49-16-ffb070b97929","https://openstat.psa.gov.ph/PXWeb/pxweb/en/DB/DB__1F__FY/0041F3DF02A.px"
"....Antique a/, c/","Annual Per Capita Poverty Threshold (in PhP)","2021","26633.49","","2026-08-03T13-49-16-ffb070b97929","https://openstat.psa.gov.ph/PXWeb/pxweb/en/DB/DB__1F__FY/0041F3DF02A.px"
"....Antique a/, c/","Annual Per Capita Poverty Threshold (in PhP)","2023","32905.44","","2026-08-03T13-49-16-ffb070b97929","https://openstat.psa.gov.ph/PXWeb/pxweb/en/DB/DB__1F__FY/0041F3DF02A.px"
"....Antique a/, c/","Poverty Incidence among Population (%)","2018","19.1","","2026-08-03T13-49-16-ffb070b97929","https://openstat.psa.gov.ph/PXWeb/pxweb/en/DB/DB__1F__FY/0041F3DF02A.px"
"....Antique a/, c/","Poverty Incidence among Population (%)","2021","23.7","","2026-08-03T13-49-16-ffb070b97929","https://openstat.psa.gov.ph/PXWeb/pxweb/en/DB/DB__1F__FY/0041F3DF02A.px"
"....Antique a/, c/","Poverty Incidence among Population (%)","2023","18.9","","2026-08-03T13-49-16-ffb070b97929","https://openstat.psa.gov.ph/PXWeb/pxweb/en/DB/DB__1F__FY/0041F3DF02A.px"
"....Antique a/, c/","Coefficient of Variation","2018","10.1","","2026-08-03T13-49-16-ffb070b97929","https://openstat.psa.gov.ph/PXWeb/pxweb/en/DB/DB__1F__FY/0041F3DF02A.px"
"....Antique a/, c/","Coefficient of Variation","2021","9.3","","2026-08-03T13-49-16-ffb070b97929","https://openstat.psa.gov.ph/PXWeb/pxweb/en/DB/DB__1F__FY/0041F3DF02A.px"
"....Antique a/, c/","Coefficient of Variation","2023","11.3","","2026-08-03T13-49-16-ffb070b97929","https://openstat.psa.gov.ph/PXWeb/pxweb/en/DB/DB__1F__FY/0041F3DF02A.px"
"....Antique a/, c/","Standard Error","2018","1.9","","2026-08-03T13-49-16-ffb070b97929","https://openstat.psa.gov.ph/PXWeb/pxweb/en/DB/DB__1F__FY/0041F3DF02A.px"
"....Antique a/, c/","Standard Error","2021","2.2","","2026-08-03T13-49-16-ffb070b97929","https://openstat.psa.gov.ph/PXWeb/pxweb/en/DB/DB__1F__FY/0041F3DF02A.px"
"....Antique a/, c/","Standard Error","2023","2.1","","2026-08-03T13-49-16-ffb070b97929","https://openstat.psa.gov.ph/PXWeb/pxweb/en/DB/DB__1F__FY/0041F3DF02A.px"
"....Antique a/, c/","95% Confidence Interval (Lower Limit)","2018","15.3","","2026-08-03T13-49-16-ffb070b97929","https://openstat.psa.gov.ph/PXWeb/pxweb/en/DB/DB__1F__FY/0041F3DF02A.px"
"....Antique a/, c/","95% Confidence Interval (Lower Limit)","2021","19.4","","2026-08-03T13-49-16-ffb070b97929","https://openstat.psa.gov.ph/PXWeb/pxweb/en/DB/DB__1F__FY/0041F3DF02A.px"
"....Antique a/, c/","95% Confidence Interval (Lower Limit)","2023","14.7","","2026-08-03T13-49-16-ffb070b97929","https://openstat.psa.gov.ph/PXWeb/pxweb/en/DB/DB__1F__FY/0041F3DF02A.px"
"....Antique a/, c/","95% Confidence Interval (Upper Limit)","2018","22.9","","2026-08-03T13-49-16-ffb070b97929","https://openstat.psa.gov.ph/PXWeb/pxweb/en/DB/DB__1F__FY/0041F3DF02A.px"
"....Antique a/, c/","95% Confidence Interval (Upper Limit)","2021","28","","2026-08-03T13-49-16-ffb070b97929","https://openstat.psa.gov.ph/PXWeb/pxweb/en/DB/DB__1F__FY/0041F3DF02A.px"
"....Antique a/, c/","95% Confidence Interval (Upper Limit)","2023","23.1","","2026-08-03T13-49-16-ffb070b97929","https://openstat.psa.gov.ph/PXWeb/pxweb/en/DB/DB__1F__FY/0041F3DF02A.px"
"....Capiz 3/, a/, b/, c/","Annual Per Capita Poverty Threshold (in PhP)","2018","22668.51","","2026-08-03T13-49-16-ffb070b97929","https://openstat.psa.gov.ph/PXWeb/pxweb/en/DB/DB__1F__FY/0041F3DF02A.px"
"....Capiz 3/, a/, b/, c/","Annual Per Capita Poverty Threshold (in PhP)","2021","26691.53","","2026-08-03T13-49-16-ffb070b97929","https://openstat.psa.gov.ph/PXWeb/pxweb/en/DB/DB__1F__FY/0041F3DF02A.px"
"....Capiz 3/, a/, b/, c/","Annual Per Capita Poverty Threshold (in PhP)","2023","33241.07","","2026-08-03T13-49-16-ffb070b97929","https://openstat.psa.gov.ph/PXWeb/pxweb/en/DB/DB__1F__FY/0041F3DF02A.px"
"....Capiz 3/, a/, b/, c/","Poverty Incidence among Population (%)","2018","6.2","","2026-08-03T13-49-16-ffb070b97929","https://openstat.psa.gov.ph/PXWeb/pxweb/en/DB/DB__1F__FY/0041F3DF02A.px"
"....Capiz 3/, a/, b/, c/","Poverty Incidence among Population (%)","2021","9.5","","2026-08-03T13-49-16-ffb070b97929","https://openstat.psa.gov.ph/PXWeb/pxweb/en/DB/DB__1F__FY/0041F3DF02A.px"
"....Capiz 3/, a/, b/, c/","Poverty Incidence among Population (%)","2023","13.4","","2026-08-03T13-49-16-ffb070b97929","https://openstat.psa.gov.ph/PXWeb/pxweb/en/DB/DB__1F__FY/0041F3DF02A.px"
"....Capiz 3/, a/, b/, c/","Coefficient of Variation","2018","14.9","","2026-08-03T13-49-16-ffb070b97929","https://openstat.psa.gov.ph/PXWeb/pxweb/en/DB/DB__1F__FY/0041F3DF02A.px"
"....Capiz 3/, a/, b/, c/","Coefficient of Variation","2021","16.1","","2026-08-03T13-49-16-ffb070b97929","https://openstat.psa.gov.ph/PXWeb/pxweb/en/DB/DB__1F__FY/0041F3DF02A.px"
"....Capiz 3/, a/, b/, c/","Coefficient of Variation","2023","12.9","","2026-08-03T13-49-16-ffb070b97929","https://openstat.psa.gov.ph/PXWeb/pxweb/en/DB/DB__1F__FY/0041F3DF02A.px"
"....Capiz 3/, a/, b/, c/","Standard Error","2018","0.9","","2026-08-03T13-49-16-ffb070b97929","https://openstat.psa.gov.ph/PXWeb/pxweb/en/DB/DB__1F__FY/0041F3DF02A.px"
"....Capiz 3/, a/, b/, c/","Standard Error","2021","1.5","","2026-08-03T13-49-16-ffb070b97929","https://openstat.psa.gov.ph/PXWeb/pxweb/en/DB/DB__1F__FY/0041F3DF02A.px"
"....Capiz 3/, a/, b/, c/","Standard Error","2023","1.7","","2026-08-03T13-49-16-ffb070b97929","https://openstat.psa.gov.ph/PXWeb/pxweb/en/DB/DB__1F__FY/0041F3DF02A.px"
"....Capiz 3/, a/, b/, c/","95% Confidence Interval (Lower Limit)","2018","4.4","","2026-08-03T13-49-16-ffb070b97929","https://openstat.psa.gov.ph/PXWeb/pxweb/en/DB/DB__1F__FY/0041F3DF02A.px"
"....Capiz 3/, a/, b/, c/","95% Confidence Interval (Lower Limit)","2021","6.5","","2026-08-03T13-49-16-ffb070b97929","https://openstat.psa.gov.ph/PXWeb/pxweb/en/DB/DB__1F__FY/0041F3DF02A.px"
"....Capiz 3/, a/, b/, c/","95% Confidence Interval (Lower Limit)","2023","10","","2026-08-03T13-49-16-ffb070b97929","https://openstat.psa.gov.ph/PXWeb/pxweb/en/DB/DB__1F__FY/0041F3DF02A.px"
"....Capiz 3/, a/, b/, c/","95% Confidence Interval (Upper Limit)","2018","8","","2026-08-03T13-49-16-ffb070b97929","https://openstat.psa.gov.ph/PXWeb/pxweb/en/DB/DB__1F__FY/0041F3DF02A.px"
"....Capiz 3/, a/, b/, c/","95% Confidence Interval (Upper Limit)","2021","12.5","","2026-08-03T13-49-16-ffb070b97929","https://openstat.psa.gov.ph/PXWeb/pxweb/en/DB/DB__1F__FY/0041F3DF02A.px"
"....Capiz 3/, a/, b/, c/","95% Confidence Interval (Upper Limit)","2023","16.8","","2026-08-03T13-49-16-ffb070b97929","https://openstat.psa.gov.ph/PXWeb/pxweb/en/DB/DB__1F__FY/0041F3DF02A.px"
"....Guimaras a/, b/, c/","Annual Per Capita Poverty Threshold (in PhP)","2018","25898.65","","2026-08-03T13-49-16-ffb070b97929","https://openstat.psa.gov.ph/PXWeb/pxweb/en/DB/DB__1F__FY/0041F3DF02A.px"
"....Guimaras a/, b/, c/","Annual Per Capita Poverty Threshold (in PhP)","2021","27089.71","","2026-08-03T13-49-16-ffb070b97929","https://openstat.psa.gov.ph/PXWeb/pxweb/en/DB/DB__1F__FY/0041F3DF02A.px"
"....Guimaras a/, b/, c/","Annual Per Capita Poverty Threshold (in PhP)","2023","30846.52","","2026-08-03T13-49-16-ffb070b97929","https://openstat.psa.gov.ph/PXWeb/pxweb/en/DB/DB__1F__FY/0041F3DF02A.px"
"....Guimaras a/, b/, c/","Poverty Incidence among Population (%)","2018","9.5","","2026-08-03T13-49-16-ffb070b97929","https://openstat.psa.gov.ph/PXWeb/pxweb/en/DB/DB__1F__FY/0041F3DF02A.px"
"....Guimaras a/, b/, c/","Poverty Incidence among Population (%)","2021","10","","2026-08-03T13-49-16-ffb070b97929","https://openstat.psa.gov.ph/PXWeb/pxweb/en/DB/DB__1F__FY/0041F3DF02A.px"
"....Guimaras a/, b/, c/","Poverty Incidence among Population (%)","2023","6.5","","2026-08-03T13-49-16-ffb070b97929","https://openstat.psa.gov.ph/PXWeb/pxweb/en/DB/DB__1F__FY/0041F3DF02A.px"
"....Guimaras a/, b/, c/","Coefficient of Variation","2018","19.7","","2026-08-03T13-49-16-ffb070b97929","https://openstat.psa.gov.ph/PXWeb/pxweb/en/DB/DB__1F__FY/0041F3DF02A.px"
"....Guimaras a/, b/, c/","Coefficient of Variation","2021","13.6","","2026-08-03T13-49-16-ffb070b97929","https://openstat.psa.gov.ph/PXWeb/pxweb/en/DB/DB__1F__FY/0041F3DF02A.px"
"....Guimaras a/, b/, c/","Coefficient of Variation","2023","27.2","","2026-08-03T13-49-16-ffb070b97929","https://openstat.psa.gov.ph/PXWeb/pxweb/en/DB/DB__1F__FY/0041F3DF02A.px"
"....Guimaras a/, b/, c/","Standard Error","2018","1.9","","2026-08-03T13-49-16-ffb070b97929","https://openstat.psa.gov.ph/PXWeb/pxweb/en/DB/DB__1F__FY/0041F3DF02A.px"
"....Guimaras a/, b/, c/","Standard Error","2021","1.4","","2026-08-03T13-49-16-ffb070b97929","https://openstat.psa.gov.ph/PXWeb/pxweb/en/DB/DB__1F__FY/0041F3DF02A.px"
"....Guimaras a/, b/, c/","Standard Error","2023","1.8","","2026-08-03T13-49-16-ffb070b97929","https://openstat.psa.gov.ph/PXWeb/pxweb/en/DB/DB__1F__FY/0041F3DF02A.px"
"....Guimaras a/, b/, c/","95% Confidence Interval (Lower Limit)","2018","5.8","","2026-08-03T13-49-16-ffb070b97929","https://openstat.psa.gov.ph/PXWeb/pxweb/en/DB/DB__1F__FY/0041F3DF02A.px"
"....Guimaras a/, b/, c/","95% Confidence Interval (Lower Limit)","2021","7.3","","2026-08-03T13-49-16-ffb070b97929","https://openstat.psa.gov.ph/PXWeb/pxweb/en/DB/DB__1F__FY/0041F3DF02A.px"
"....Guimaras a/, b/, c/","95% Confidence Interval (Lower Limit)","2023","3","","2026-08-03T13-49-16-ffb070b97929","https://openstat.psa.gov.ph/PXWeb/pxweb/en/DB/DB__1F__FY/0041F3DF02A.px"
"....Guimaras a/, b/, c/","95% Confidence Interval (Upper Limit)","2018","13.1","","2026-08-03T13-49-16-ffb070b97929","https://openstat.psa.gov.ph/PXWeb/pxweb/en/DB/DB__1F__FY/0041F3DF02A.px"
"....Guimaras a/, b/, c/","95% Confidence Interval (Upper Limit)","2021","12.7","","2026-08-03T13-49-16-ffb070b97929","https://openstat.psa.gov.ph/PXWeb/pxweb/en/DB/DB__1F__FY/0041F3DF02A.px"
"....Guimaras a/, b/, c/","95% Confidence Interval (Upper Limit)","2023","10","","2026-08-03T13-49-16-ffb070b97929","https://openstat.psa.gov.ph/PXWeb/pxweb/en/DB/DB__1F__FY/0041F3DF02A.px"
"....Iloilo (w/o the City of Iloilo) b/","Annual Per Capita Poverty Threshold (in PhP)","2018","26068.87","","2026-08-03T13-49-16-ffb070b97929","https://openstat.psa.gov.ph/PXWeb/pxweb/en/DB/DB__1F__FY/0041F3DF02A.px"
"....Iloilo (w/o the City of Iloilo) b/","Annual Per Capita Poverty Threshold (in PhP)","2021","27746.24","","2026-08-03T13-49-16-ffb070b97929","https://openstat.psa.gov.ph/PXWeb/pxweb/en/DB/DB__1F__FY/0041F3DF02A.px"
"....Iloilo (w/o the City of Iloilo) b/","Annual Per Capita Poverty Threshold (in PhP)","2023","33374.17","","2026-08-03T13-49-16-ffb070b97929","https://openstat.psa.gov.ph/PXWeb/pxweb/en/DB/DB__1F__FY/0041F3DF02A.px"
"....Iloilo (w/o the City of Iloilo) b/","Poverty Incidence among Population (%)","2018","19.5","","2026-08-03T13-49-16-ffb070b97929","https://openstat.psa.gov.ph/PXWeb/pxweb/en/DB/DB__1F__FY/0041F3DF02A.px"
"....Iloilo (w/o the City of Iloilo) b/","Poverty Incidence among Population (%)","2021","20.8","","2026-08-03T13-49-16-ffb070b97929","https://openstat.psa.gov.ph/PXWeb/pxweb/en/DB/DB__1F__FY/0041F3DF02A.px"
"....Iloilo (w/o the City of Iloilo) b/","Poverty Incidence among Population (%)","2023","17.7","","2026-08-03T13-49-16-ffb070b97929","https://openstat.psa.gov.ph/PXWeb/pxweb/en/DB/DB__1F__FY/0041F3DF02A.px"
"....Iloilo (w/o the City of Iloilo) b/","Coefficient of Variation","2018","9.6","","2026-08-03T13-49-16-ffb070b97929","https://openstat.psa.gov.ph/PXWeb/pxweb/en/DB/DB__1F__FY/0041F3DF02A.px"
"....Iloilo (w/o the City of Iloilo) b/","Coefficient of Variation","2021","10.7","","2026-08-03T13-49-16-ffb070b97929","https://openstat.psa.gov.ph/PXWeb/pxweb/en/DB/DB__1F__FY/0041F3DF02A.px"
"....Iloilo (w/o the City of Iloilo) b/","Coefficient of Variation","2023","9.4","","2026-08-03T13-49-16-ffb070b97929","https://openstat.psa.gov.ph/PXWeb/pxweb/en/DB/DB__1F__FY/0041F3DF02A.px"
"....Iloilo (w/o the City of Iloilo) b/","Standard Error","2018","1.9","","2026-08-03T13-49-16-ffb070b97929","https://openstat.psa.gov.ph/PXWeb/pxweb/en/DB/DB__1F__FY/0041F3DF02A.px"
"....Iloilo (w/o the City of Iloilo) b/","Standard Error","2021","2.2","","2026-08-03T13-49-16-ffb070b97929","https://openstat.psa.gov.ph/PXWeb/pxweb/en/DB/DB__1F__FY/0041F3DF02A.px"
"....Iloilo (w/o the City of Iloilo) b/","Standard Error","2023","1.7","","2026-08-03T13-49-16-ffb070b97929","https://openstat.psa.gov.ph/PXWeb/pxweb/en/DB/DB__1F__FY/0041F3DF02A.px"
"....Iloilo (w/o the City of Iloilo) b/","95% Confidence Interval (Lower Limit)","2018","15.8","","2026-08-03T13-49-16-ffb070b97929","https://openstat.psa.gov.ph/PXWeb/pxweb/en/DB/DB__1F__FY/0041F3DF02A.px"
"....Iloilo (w/o the City of Iloilo) b/","95% Confidence Interval (Lower Limit)","2021","16.5","","2026-08-03T13-49-16-ffb070b97929","https://openstat.psa.gov.ph/PXWeb/pxweb/en/DB/DB__1F__FY/0041F3DF02A.px"
"....Iloilo (w/o the City of Iloilo) b/","95% Confidence Interval (Lower Limit)","2023","14.5","","2026-08-03T13-49-16-ffb070b97929","https://openstat.psa.gov.ph/PXWeb/pxweb/en/DB/DB__1F__FY/0041F3DF02A.px"
"....Iloilo (w/o the City of Iloilo) b/","95% Confidence Interval (Upper Limit)","2018","23.1","","2026-08-03T13-49-16-ffb070b97929","https://openstat.psa.gov.ph/PXWeb/pxweb/en/DB/DB__1F__FY/0041F3DF02A.px"
"....Iloilo (w/o the City of Iloilo) b/","95% Confidence Interval (Upper Limit)","2021","25.2","","2026-08-03T13-49-16-ffb070b97929","https://openstat.psa.gov.ph/PXWeb/pxweb/en/DB/DB__1F__FY/0041F3DF02A.px"
"....Iloilo (w/o the City of Iloilo) b/","95% Confidence Interval (Upper Limit)","2023","21","","2026-08-03T13-49-16-ffb070b97929","https://openstat.psa.gov.ph/PXWeb/pxweb/en/DB/DB__1F__FY/0041F3DF02A.px"
"....City of Iloilo a/, b/, c/","Annual Per Capita Poverty Threshold (in PhP)","2018","27186.01","","2026-08-03T13-49-16-ffb070b97929","https://openstat.psa.gov.ph/PXWeb/pxweb/en/DB/DB__1F__FY/0041F3DF02A.px"
"....City of Iloilo a/, b/, c/","Annual Per Capita Poverty Threshold (in PhP)","2021","29303.29","","2026-08-03T13-49-16-ffb070b97929","https://openstat.psa.gov.ph/PXWeb/pxweb/en/DB/DB__1F__FY/0041F3DF02A.px"
"....City of Iloilo a/, b/, c/","Annual Per Capita Poverty Threshold (in PhP)","2023","34878.45","","2026-08-03T13-49-16-ffb070b97929","https://openstat.psa.gov.ph/PXWeb/pxweb/en/DB/DB__1F__FY/0041F3DF02A.px"
"....City of Iloilo a/, b/, c/","Poverty Incidence among Population (%)","2018","3.5","","2026-08-03T13-49-16-ffb070b97929","https://openstat.psa.gov.ph/PXWeb/pxweb/en/DB/DB__1F__FY/0041F3DF02A.px"
"....City of Iloilo a/, b/, c/","Poverty Incidence among Population (%)","2021","4.7","","2026-08-03T13-49-16-ffb070b97929","https://openstat.psa.gov.ph/PXWeb/pxweb/en/DB/DB__1F__FY/0041F3DF02A.px"
"....City of Iloilo a/, b/, c/","Poverty Incidence among Population (%)","2023","3.7","","2026-08-03T13-49-16-ffb070b97929","https://openstat.psa.gov.ph/PXWeb/pxweb/en/DB/DB__1F__FY/0041F3DF02A.px"
"....City of Iloilo a/, b/, c/","Coefficient of Variation","2018","19.1","","2026-08-03T13-49-16-ffb070b97929","https://openstat.psa.gov.ph/PXWeb/pxweb/en/DB/DB__1F__FY/0041F3DF02A.px"
"....City of Iloilo a/, b/, c/","Coefficient of Variation","2021","16.6","","2026-08-03T13-49-16-ffb070b97929","https://openstat.psa.gov.ph/PXWeb/pxweb/en/DB/DB__1F__FY/0041F3DF02A.px"
"....City of Iloilo a/, b/, c/","Coefficient of Variation","2023","21.9","","2026-08-03T13-49-16-ffb070b97929","https://openstat.psa.gov.ph/PXWeb/pxweb/en/DB/DB__1F__FY/0041F3DF02A.px"
"....City of Iloilo a/, b/, c/","Standard Error","2018","0.7","","2026-08-03T13-49-16-ffb070b97929","https://openstat.psa.gov.ph/PXWeb/pxweb/en/DB/DB__1F__FY/0041F3DF02A.px"
"....City of Iloilo a/, b/, c/","Standard Error","2021","0.8","","2026-08-03T13-49-16-ffb070b97929","https://openstat.psa.gov.ph/PXWeb/pxweb/en/DB/DB__1F__FY/0041F3DF02A.px"
"....City of Iloilo a/, b/, c/","Standard Error","2023","0.8","","2026-08-03T13-49-16-ffb070b97929","https://openstat.psa.gov.ph/PXWeb/pxweb/en/DB/DB__1F__FY/0041F3DF02A.px"
"....City of Iloilo a/, b/, c/","95% Confidence Interval (Lower Limit)","2018","2.2","","2026-08-03T13-49-16-ffb070b97929","https://openstat.psa.gov.ph/PXWeb/pxweb/en/DB/DB__1F__FY/0041F3DF02A.px"
"....City of Iloilo a/, b/, c/","95% Confidence Interval (Lower Limit)","2021","3.1","","2026-08-03T13-49-16-ffb070b97929","https://openstat.psa.gov.ph/PXWeb/pxweb/en/DB/DB__1F__FY/0041F3DF02A.px"
"....City of Iloilo a/, b/, c/","95% Confidence Interval (Lower Limit)","2023","2.1","","2026-08-03T13-49-16-ffb070b97929","https://openstat.psa.gov.ph/PXWeb/pxweb/en/DB/DB__1F__FY/0041F3DF02A.px"
"....City of Iloilo a/, b/, c/","95% Confidence Interval (Upper Limit)","2018","4.8","","2026-08-03T13-49-16-ffb070b97929","https://openstat.psa.gov.ph/PXWeb/pxweb/en/DB/DB__1F__FY/0041F3DF02A.px"
"....City of Iloilo a/, b/, c/","95% Confidence Interval (Upper Limit)","2021","6.2","","2026-08-03T13-49-16-ffb070b97929","https://openstat.psa.gov.ph/PXWeb/pxweb/en/DB/DB__1F__FY/0041F3DF02A.px"
"....City of Iloilo a/, b/, c/","95% Confidence Interval (Upper Limit)","2023","5.2","","2026-08-03T13-49-16-ffb070b97929","https://openstat.psa.gov.ph/PXWeb/pxweb/en/DB/DB__1F__FY/0041F3DF02A.px"
"..Negros Island Region (NIR) 2/, 3/","Annual Per Capita Poverty Threshold (in PhP)","2018","24230.72","","2026-08-03T13-49-16-ffb070b97929","https://openstat.psa.gov.ph/PXWeb/pxweb/en/DB/DB__1F__FY/0041F3DF02A.px"
"..Negros Island Region (NIR) 2/, 3/","Annual Per Capita Poverty Threshold (in PhP)","2021","26496.94","","2026-08-03T13-49-16-ffb070b97929","https://openstat.psa.gov.ph/PXWeb/pxweb/en/DB/DB__1F__FY/0041F3DF02A.px"
"..Negros Island Region (NIR) 2/, 3/","Annual Per Capita Poverty Threshold (in PhP)","2023","34043.84","","2026-08-03T13-49-16-ffb070b97929","https://openstat.psa.gov.ph/PXWeb/pxweb/en/DB/DB__1F__FY/0041F3DF02A.px"
"..Negros Island Region (NIR) 2/, 3/","Poverty Incidence among Population (%)","2018","21","","2026-08-03T13-49-16-ffb070b97929","https://openstat.psa.gov.ph/PXWeb/pxweb/en/DB/DB__1F__FY/0041F3DF02A.px"
"..Negros Island Region (NIR) 2/, 3/","Poverty Incidence among Population (%)","2021","23.6","","2026-08-03T13-49-16-ffb070b97929","https://openstat.psa.gov.ph/PXWeb/pxweb/en/DB/DB__1F__FY/0041F3DF02A.px"
"..Negros Island Region (NIR) 2/, 3/","Poverty Incidence among Population (%)","2023","28.9","","2026-08-03T13-49-16-ffb070b97929","https://openstat.psa.gov.ph/PXWeb/pxweb/en/DB/DB__1F__FY/0041F3DF02A.px"
"..Negros Island Region (NIR) 2/, 3/","Coefficient of Variation","2018","7.1","","2026-08-03T13-49-16-ffb070b97929","https://openstat.psa.gov.ph/PXWeb/pxweb/en/DB/DB__1F__FY/0041F3DF02A.px"
"..Negros Island Region (NIR) 2/, 3/","Coefficient of Variation","2021","6","","2026-08-03T13-49-16-ffb070b97929","https://openstat.psa.gov.ph/PXWeb/pxweb/en/DB/DB__1F__FY/0041F3DF02A.px"
"..Negros Island Region (NIR) 2/, 3/","Coefficient of Variation","2023","6","","2026-08-03T13-49-16-ffb070b97929","https://openstat.psa.gov.ph/PXWeb/pxweb/en/DB/DB__1F__FY/0041F3DF02A.px"
"..Negros Island Region (NIR) 2/, 3/","Standard Error","2018","1.5","","2026-08-03T13-49-16-ffb070b97929","https://openstat.psa.gov.ph/PXWeb/pxweb/en/DB/DB__1F__FY/0041F3DF02A.px"
"..Negros Island Region (NIR) 2/, 3/","Standard Error","2021","1.4","","2026-08-03T13-49-16-ffb070b97929","https://openstat.psa.gov.ph/PXWeb/pxweb/en/DB/DB__1F__FY/0041F3DF02A.px"
"..Negros Island Region (NIR) 2/, 3/","Standard Error","2023","1.7","","2026-08-03T13-49-16-ffb070b97929","https://openstat.psa.gov.ph/PXWeb/pxweb/en/DB/DB__1F__FY/0041F3DF02A.px"
"..Negros Island Region (NIR) 2/, 3/","95% Confidence Interval (Lower Limit)","2018","18.1","","2026-08-03T13-49-16-ffb070b97929","https://openstat.psa.gov.ph/PXWeb/pxweb/en/DB/DB__1F__FY/0041F3DF02A.px"
"..Negros Island Region (NIR) 2/, 3/","95% Confidence Interval (Lower Limit)","2021","20.9","","2026-08-03T13-49-16-ffb070b97929","https://openstat.psa.gov.ph/PXWeb/pxweb/en/DB/DB__1F__FY/0041F3DF02A.px"
"..Negros Island Region (NIR) 2/, 3/","95% Confidence Interval (Lower Limit)","2023","25.5","","2026-08-03T13-49-16-ffb070b97929","https://openstat.psa.gov.ph/PXWeb/pxweb/en/DB/DB__1F__FY/0041F3DF02A.px"
"..Negros Island Region (NIR) 2/, 3/","95% Confidence Interval (Upper Limit)","2018","24","","2026-08-03T13-49-16-ffb070b97929","https://openstat.psa.gov.ph/PXWeb/pxweb/en/DB/DB__1F__FY/0041F3DF02A.px"
"..Negros Island Region (NIR) 2/, 3/","95% Confidence Interval (Upper Limit)","2021","26.4","","2026-08-03T13-49-16-ffb070b97929","https://openstat.psa.gov.ph/PXWeb/pxweb/en/DB/DB__1F__FY/0041F3DF02A.px"
"..Negros Island Region (NIR) 2/, 3/","95% Confidence Interval (Upper Limit)","2023","32.3","","2026-08-03T13-49-16-ffb070b97929","https://openstat.psa.gov.ph/PXWeb/pxweb/en/DB/DB__1F__FY/0041F3DF02A.px"
"....Negros Occidental (w/o the City of Bacolod) 2/, 3/, a/","Annual Per Capita Poverty Threshold (in PhP)","2018","23676.15","","2026-08-03T13-49-16-ffb070b97929","https://openstat.psa.gov.ph/PXWeb/pxweb/en/DB/DB__1F__FY/0041F3DF02A.px"
"....Negros Occidental (w/o the City of Bacolod) 2/, 3/, a/","Annual Per Capita Poverty Threshold (in PhP)","2021","26760.07","","2026-08-03T13-49-16-ffb070b97929","https://openstat.psa.gov.ph/PXWeb/pxweb/en/DB/DB__1F__FY/0041F3DF02A.px"
"....Negros Occidental (w/o the City of Bacolod) 2/, 3/, a/","Annual Per Capita Poverty Threshold (in PhP)","2023","35708.86","","2026-08-03T13-49-16-ffb070b97929","https://openstat.psa.gov.ph/PXWeb/pxweb/en/DB/DB__1F__FY/0041F3DF02A.px"
"....Negros Occidental (w/o the City of Bacolod) 2/, 3/, a/","Poverty Incidence among Population (%)","2018","22.8","","2026-08-03T13-49-16-ffb070b97929","https://openstat.psa.gov.ph/PXWeb/pxweb/en/DB/DB__1F__FY/0041F3DF02A.px"
"....Negros Occidental (w/o the City of Bacolod) 2/, 3/, a/","Poverty Incidence among Population (%)","2021","25.8","","2026-08-03T13-49-16-ffb070b97929","https://openstat.psa.gov.ph/PXWeb/pxweb/en/DB/DB__1F__FY/0041F3DF02A.px"
"....Negros Occidental (w/o the City of Bacolod) 2/, 3/, a/","Poverty Incidence among Population (%)","2023","32.7","","2026-08-03T13-49-16-ffb070b97929","https://openstat.psa.gov.ph/PXWeb/pxweb/en/DB/DB__1F__FY/0041F3DF02A.px"
"....Negros Occidental (w/o the City of Bacolod) 2/, 3/, a/","Coefficient of Variation","2018","10.2","","2026-08-03T13-49-16-ffb070b97929","https://openstat.psa.gov.ph/PXWeb/pxweb/en/DB/DB__1F__FY/0041F3DF02A.px"
"....Negros Occidental (w/o the City of Bacolod) 2/, 3/, a/","Coefficient of Variation","2021","8.2","","2026-08-03T13-49-16-ffb070b97929","https://openstat.psa.gov.ph/PXWeb/pxweb/en/DB/DB__1F__FY/0041F3DF02A.px"
"....Negros Occidental (w/o the City of Bacolod) 2/, 3/, a/","Coefficient of Variation","2023","8.2","","2026-08-03T13-49-16-ffb070b97929","https://openstat.psa.gov.ph/PXWeb/pxweb/en/DB/DB__1F__FY/0041F3DF02A.px"
"....Negros Occidental (w/o the City of Bacolod) 2/, 3/, a/","Standard Error","2018","2.3","","2026-08-03T13-49-16-ffb070b97929","https://openstat.psa.gov.ph/PXWeb/pxweb/en/DB/DB__1F__FY/0041F3DF02A.px"
"....Negros Occidental (w/o the City of Bacolod) 2/, 3/, a/","Standard Error","2021","2.1","","2026-08-03T13-49-16-ffb070b97929","https://openstat.psa.gov.ph/PXWeb/pxweb/en/DB/DB__1F__FY/0041F3DF02A.px"
"....Negros Occidental (w/o the City of Bacolod) 2/, 3/, a/","Standard Error","2023","2.7","","2026-08-03T13-49-16-ffb070b97929","https://openstat.psa.gov.ph/PXWeb/pxweb/en/DB/DB__1F__FY/0041F3DF02A.px"
"....Negros Occidental (w/o the City of Bacolod) 2/, 3/, a/","95% Confidence Interval (Lower Limit)","2018","18.2","","2026-08-03T13-49-16-ffb070b97929","https://openstat.psa.gov.ph/PXWeb/pxweb/en/DB/DB__1F__FY/0041F3DF02A.px"
"....Negros Occidental (w/o the City of Bacolod) 2/, 3/, a/","95% Confidence Interval (Lower Limit)","2021","21.6","","2026-08-03T13-49-16-ffb070b97929","https://openstat.psa.gov.ph/PXWeb/pxweb/en/DB/DB__1F__FY/0041F3DF02A.px"
"....Negros Occidental (w/o the City of Bacolod) 2/, 3/, a/","95% Confidence Interval (Lower Limit)","2023","27.5","","2026-08-03T13-49-16-ffb070b97929","https://openstat.psa.gov.ph/PXWeb/pxweb/en/DB/DB__1F__FY/0041F3DF02A.px"
"....Negros Occidental (w/o the City of Bacolod) 2/, 3/, a/","95% Confidence Interval (Upper Limit)","2018","27.3","","2026-08-03T13-49-16-ffb070b97929","https://openstat.psa.gov.ph/PXWeb/pxweb/en/DB/DB__1F__FY/0041F3DF02A.px"
"....Negros Occidental (w/o the City of Bacolod) 2/, 3/, a/","95% Confidence Interval (Upper Limit)","2021","29.9","","2026-08-03T13-49-16-ffb070b97929","https://openstat.psa.gov.ph/PXWeb/pxweb/en/DB/DB__1F__FY/0041F3DF02A.px"
"....Negros Occidental (w/o the City of Bacolod) 2/, 3/, a/","95% Confidence Interval (Upper Limit)","2023","38","","2026-08-03T13-49-16-ffb070b97929","https://openstat.psa.gov.ph/PXWeb/pxweb/en/DB/DB__1F__FY/0041F3DF02A.px"
"....City of Bacolod 2/, 3/, a/, b/, c/","Annual Per Capita Poverty Threshold (in PhP)","2018","24009.72","","2026-08-03T13-49-16-ffb070b97929","https://openstat.psa.gov.ph/PXWeb/pxweb/en/DB/DB__1F__FY/0041F3DF02A.px"
"....City of Bacolod 2/, 3/, a/, b/, c/","Annual Per Capita Poverty Threshold (in PhP)","2021","27266.11","","2026-08-03T13-49-16-ffb070b97929","https://openstat.psa.gov.ph/PXWeb/pxweb/en/DB/DB__1F__FY/0041F3DF02A.px"
"....City of Bacolod 2/, 3/, a/, b/, c/","Annual Per Capita Poverty Threshold (in PhP)","2023","35445.8","","2026-08-03T13-49-16-ffb070b97929","https://openstat.psa.gov.ph/PXWeb/pxweb/en/DB/DB__1F__FY/0041F3DF02A.px"
"....City of Bacolod 2/, 3/, a/, b/, c/","Poverty Incidence among Population (%)","2018","4.7","","2026-08-03T13-49-16-ffb070b97929","https://openstat.psa.gov.ph/PXWeb/pxweb/en/DB/DB__1F__FY/0041F3DF02A.px"
"....City of Bacolod 2/, 3/, a/, b/, c/","Poverty Incidence among Population (%)","2021","5","","2026-08-03T13-49-16-ffb070b97929","https://openstat.psa.gov.ph/PXWeb/pxweb/en/DB/DB__1F__FY/0041F3DF02A.px"
"....City of Bacolod 2/, 3/, a/, b/, c/","Poverty Incidence among Population (%)","2023","9.3","","2026-08-03T13-49-16-ffb070b97929","https://openstat.psa.gov.ph/PXWeb/pxweb/en/DB/DB__1F__FY/0041F3DF02A.px"
"....City of Bacolod 2/, 3/, a/, b/, c/","Coefficient of Variation","2018","15.5","","2026-08-03T13-49-16-ffb070b97929","https://openstat.psa.gov.ph/PXWeb/pxweb/en/DB/DB__1F__FY/0041F3DF02A.px"
"....City of Bacolod 2/, 3/, a/, b/, c/","Coefficient of Variation","2021","16.8","","2026-08-03T13-49-16-ffb070b97929","https://openstat.psa.gov.ph/PXWeb/pxweb/en/DB/DB__1F__FY/0041F3DF02A.px"
"....City of Bacolod 2/, 3/, a/, b/, c/","Coefficient of Variation","2023","14.2","","2026-08-03T13-49-16-ffb070b97929","https://openstat.psa.gov.ph/PXWeb/pxweb/en/DB/DB__1F__FY/0041F3DF02A.px"
"....City of Bacolod 2/, 3/, a/, b/, c/","Standard Error","2018","0.7","","2026-08-03T13-49-16-ffb070b97929","https://openstat.psa.gov.ph/PXWeb/pxweb/en/DB/DB__1F__FY/0041F3DF02A.px"
"....City of Bacolod 2/, 3/, a/, b/, c/","Standard Error","2021","0.8","","2026-08-03T13-49-16-ffb070b97929","https://openstat.psa.gov.ph/PXWeb/pxweb/en/DB/DB__1F__FY/0041F3DF02A.px"
"....City of Bacolod 2/, 3/, a/, b/, c/","Standard Error","2023","1.3","","2026-08-03T13-49-16-ffb070b97929","https://openstat.psa.gov.ph/PXWeb/pxweb/en/DB/DB__1F__FY/0041F3DF02A.px"
"....City of Bacolod 2/, 3/, a/, b/, c/","95% Confidence Interval (Lower Limit)","2018","3.3","","2026-08-03T13-49-16-ffb070b97929","https://openstat.psa.gov.ph/PXWeb/pxweb/en/DB/DB__1F__FY/0041F3DF02A.px"
"....City of Bacolod 2/, 3/, a/, b/, c/","95% Confidence Interval (Lower Limit)","2021","3.4","","2026-08-03T13-49-16-ffb070b97929","https://openstat.psa.gov.ph/PXWeb/pxweb/en/DB/DB__1F__FY/0041F3DF02A.px"
"....City of Bacolod 2/, 3/, a/, b/, c/","95% Confidence Interval (Lower Limit)","2023","6.7","","2026-08-03T13-49-16-ffb070b97929","https://openstat.psa.gov.ph/PXWeb/pxweb/en/DB/DB__1F__FY/0041F3DF02A.px"
"....City of Bacolod 2/, 3/, a/, b/, c/","95% Confidence Interval (Upper Limit)","2018","6.2","","2026-08-03T13-49-16-ffb070b97929","https://openstat.psa.gov.ph/PXWeb/pxweb/en/DB/DB__1F__FY/0041F3DF02A.px"
"....City of Bacolod 2/, 3/, a/, b/, c/","95% Confidence Interval (Upper Limit)","2021","6.7","","2026-08-03T13-49-16-ffb070b97929","https://openstat.psa.gov.ph/PXWeb/pxweb/en/DB/DB__1F__FY/0041F3DF02A.px"
"....City of Bacolod 2/, 3/, a/, b/, c/","95% Confidence Interval (Upper Limit)","2023","11.9","","2026-08-03T13-49-16-ffb070b97929","https://openstat.psa.gov.ph/PXWeb/pxweb/en/DB/DB__1F__FY/0041F3DF02A.px"
"....Negros Oriental","Annual Per Capita Poverty Threshold (in PhP)","2018","25112.9","","2026-08-03T13-49-16-ffb070b97929","https://openstat.psa.gov.ph/PXWeb/pxweb/en/DB/DB__1F__FY/0041F3DF02A.px"
"....Negros Oriental","Annual Per Capita Poverty Threshold (in PhP)","2021","26023.95","","2026-08-03T13-49-16-ffb070b97929","https://openstat.psa.gov.ph/PXWeb/pxweb/en/DB/DB__1F__FY/0041F3DF02A.px"
"....Negros Oriental","Annual Per Capita Poverty Threshold (in PhP)","2023","30724.37","","2026-08-03T13-49-16-ffb070b97929","https://openstat.psa.gov.ph/PXWeb/pxweb/en/DB/DB__1F__FY/0041F3DF02A.px"
"....Negros Oriental","Poverty Incidence among Population (%)","2018","25.5","","2026-08-03T13-49-16-ffb070b97929","https://openstat.psa.gov.ph/PXWeb/pxweb/en/DB/DB__1F__FY/0041F3DF02A.px"
"....Negros Oriental","Poverty Incidence among Population (%)","2021","29.3","","2026-08-03T13-49-16-ffb070b97929","https://openstat.psa.gov.ph/PXWeb/pxweb/en/DB/DB__1F__FY/0041F3DF02A.px"
"....Negros Oriental","Poverty Incidence among Population (%)","2023","32.1","","2026-08-03T13-49-16-ffb070b97929","https://openstat.psa.gov.ph/PXWeb/pxweb/en/DB/DB__1F__FY/0041F3DF02A.px"
"....Negros Oriental","Coefficient of Variation","2018","9.5","","2026-08-03T13-49-16-ffb070b97929","https://openstat.psa.gov.ph/PXWeb/pxweb/en/DB/DB__1F__FY/0041F3DF02A.px"
"....Negros Oriental","Coefficient of Variation","2021","8.7","","2026-08-03T13-49-16-ffb070b97929","https://openstat.psa.gov.ph/PXWeb/pxweb/en/DB/DB__1F__FY/0041F3DF02A.px"
"....Negros Oriental","Coefficient of Variation","2023","8.5","","2026-08-03T13-49-16-ffb070b97929","https://openstat.psa.gov.ph/PXWeb/pxweb/en/DB/DB__1F__FY/0041F3DF02A.px"
"....Negros Oriental","Standard Error","2018","2.4","","2026-08-03T13-49-16-ffb070b97929","https://openstat.psa.gov.ph/PXWeb/pxweb/en/DB/DB__1F__FY/0041F3DF02A.px"
"....Negros Oriental","Standard Error","2021","2.5","","2026-08-03T13-49-16-ffb070b97929","https://openstat.psa.gov.ph/PXWeb/pxweb/en/DB/DB__1F__FY/0041F3DF02A.px"
"....Negros Oriental","Standard Error","2023","2.7","","2026-08-03T13-49-16-ffb070b97929","https://openstat.psa.gov.ph/PXWeb/pxweb/en/DB/DB__1F__FY/0041F3DF02A.px"
"....Negros Oriental","95% Confidence Interval (Lower Limit)","2018","20.8","","2026-08-03T13-49-16-ffb070b97929","https://openstat.psa.gov.ph/PXWeb/pxweb/en/DB/DB__1F__FY/0041F3DF02A.px"
"....Negros Oriental","95% Confidence Interval (Lower Limit)","2021","24.3","","2026-08-03T13-49-16-ffb070b97929","https://openstat.psa.gov.ph/PXWeb/pxweb/en/DB/DB__1F__FY/0041F3DF02A.px"
"....Negros Oriental","95% Confidence Interval (Lower Limit)","2023","26.7","","2026-08-03T13-49-16-ffb070b97929","https://openstat.psa.gov.ph/PXWeb/pxweb/en/DB/DB__1F__FY/0041F3DF02A.px"
"....Negros Oriental","95% Confidence Interval (Upper Limit)","2018","30.3","","2026-08-03T13-49-16-ffb070b97929","https://openstat.psa.gov.ph/PXWeb/pxweb/en/DB/DB__1F__FY/0041F3DF02A.px"
"....Negros Oriental","95% Confidence Interval (Upper Limit)","2021","34.2","","2026-08-03T13-49-16-ffb070b97929","https://openstat.psa.gov.ph/PXWeb/pxweb/en/DB/DB__1F__FY/0041F3DF02A.px"
"....Negros Oriental","95% Confidence Interval (Upper Limit)","2023","37.4","","2026-08-03T13-49-16-ffb070b97929","https://openstat.psa.gov.ph/PXWeb/pxweb/en/DB/DB__1F__FY/0041F3DF02A.px"
"....Siquijor 1/, 3/, a/, b/, c/","Annual Per Capita Poverty Threshold (in PhP)","2018","25649.31","","2026-08-03T13-49-16-ffb070b97929","https://openstat.psa.gov.ph/PXWeb/pxweb/en/DB/DB__1F__FY/0041F3DF02A.px"
"....Siquijor 1/, 3/, a/, b/, c/","Annual Per Capita Poverty Threshold (in PhP)","2021","25602.84","","2026-08-03T13-49-16-ffb070b97929","https://openstat.psa.gov.ph/PXWeb/pxweb/en/DB/DB__1F__FY/0041F3DF02A.px"
"....Siquijor 1/, 3/, a/, b/, c/","Annual Per Capita Poverty Threshold (in PhP)","2023","31071.87","","2026-08-03T13-49-16-ffb070b97929","https://openstat.psa.gov.ph/PXWeb/pxweb/en/DB/DB__1F__FY/0041F3DF02A.px"
"....Siquijor 1/, 3/, a/, b/, c/","Poverty Incidence among Population (%)","2018","10.4","","2026-08-03T13-49-16-ffb070b97929","https://openstat.psa.gov.ph/PXWeb/pxweb/en/DB/DB__1F__FY/0041F3DF02A.px"
"....Siquijor 1/, 3/, a/, b/, c/","Poverty Incidence among Population (%)","2021","3.4","","2026-08-03T13-49-16-ffb070b97929","https://openstat.psa.gov.ph/PXWeb/pxweb/en/DB/DB__1F__FY/0041F3DF02A.px"
"....Siquijor 1/, 3/, a/, b/, c/","Poverty Incidence among Population (%)","2023","5.5","","2026-08-03T13-49-16-ffb070b97929","https://openstat.psa.gov.ph/PXWeb/pxweb/en/DB/DB__1F__FY/0041F3DF02A.px"
"....Siquijor 1/, 3/, a/, b/, c/","Coefficient of Variation","2018","19.1","","2026-08-03T13-49-16-ffb070b97929","https://openstat.psa.gov.ph/PXWeb/pxweb/en/DB/DB__1F__FY/0041F3DF02A.px"
"....Siquijor 1/, 3/, a/, b/, c/","Coefficient of Variation","2021","33.4","","2026-08-03T13-49-16-ffb070b97929","https://openstat.psa.gov.ph/PXWeb/pxweb/en/DB/DB__1F__FY/0041F3DF02A.px"
"....Siquijor 1/, 3/, a/, b/, c/","Coefficient of Variation","2023","25","","2026-08-03T13-49-16-ffb070b97929","https://openstat.psa.gov.ph/PXWeb/pxweb/en/DB/DB__1F__FY/0041F3DF02A.px"
"....Siquijor 1/, 3/, a/, b/, c/","Standard Error","2018","2","","2026-08-03T13-49-16-ffb070b97929","https://openstat.psa.gov.ph/PXWeb/pxweb/en/DB/DB__1F__FY/0041F3DF02A.px"
"....Siquijor 1/, 3/, a/, b/, c/","Standard Error","2021","1.1","","2026-08-03T13-49-16-ffb070b97929","https://openstat.psa.gov.ph/PXWeb/pxweb/en/DB/DB__1F__FY/0041F3DF02A.px"
"....Siquijor 1/, 3/, a/, b/, c/","Standard Error","2023","1.4","","2026-08-03T13-49-16-ffb070b97929","https://openstat.psa.gov.ph/PXWeb/pxweb/en/DB/DB__1F__FY/0041F3DF02A.px"
"....Siquijor 1/, 3/, a/, b/, c/","95% Confidence Interval (Lower Limit)","2018","6.5","","2026-08-03T13-49-16-ffb070b97929","https://openstat.psa.gov.ph/PXWeb/pxweb/en/DB/DB__1F__FY/0041F3DF02A.px"
"....Siquijor 1/, 3/, a/, b/, c/","95% Confidence Interval (Lower Limit)","2021","1.2","","2026-08-03T13-49-16-ffb070b97929","https://openstat.psa.gov.ph/PXWeb/pxweb/en/DB/DB__1F__FY/0041F3DF02A.px"
"....Siquijor 1/, 3/, a/, b/, c/","95% Confidence Interval (Lower Limit)","2023","2.8","","2026-08-03T13-49-16-ffb070b97929","https://openstat.psa.gov.ph/PXWeb/pxweb/en/DB/DB__1F__FY/0041F3DF02A.px"
"....Siquijor 1/, 3/, a/, b/, c/","95% Confidence Interval (Upper Limit)","2018","14.3","","2026-08-03T13-49-16-ffb070b97929","https://openstat.psa.gov.ph/PXWeb/pxweb/en/DB/DB__1F__FY/0041F3DF02A.px"
"....Siquijor 1/, 3/, a/, b/, c/","95% Confidence Interval (Upper Limit)","2021","5.6","","2026-08-03T13-49-16-ffb070b97929","https://openstat.psa.gov.ph/PXWeb/pxweb/en/DB/DB__1F__FY/0041F3DF02A.px"
"....Siquijor 1/, 3/, a/, b/, c/","95% Confidence Interval (Upper Limit)","2023","8.1","","2026-08-03T13-49-16-ffb070b97929","https://openstat.psa.gov.ph/PXWeb/pxweb/en/DB/DB__1F__FY/0041F3DF02A.px"
"..Region VII (Central Visayas) r2, 1/, 2/","Annual Per Capita Poverty Threshold (in PhP)","2018","25968.32","","2026-08-03T13-49-16-ffb070b97929","https://openstat.psa.gov.ph/PXWeb/pxweb/en/DB/DB__1F__FY/0041F3DF02A.px"
"..Region VII (Central Visayas) r2, 1/, 2/","Annual Per Capita Poverty Threshold (in PhP)","2021","32423.1","","2026-08-03T13-49-16-ffb070b97929","https://openstat.psa.gov.ph/PXWeb/pxweb/en/DB/DB__1F__FY/0041F3DF02A.px"
"..Region VII (Central Visayas) r2, 1/, 2/","Annual Per Capita Poverty Threshold (in PhP)","2023","34552.7","","2026-08-03T13-49-16-ffb070b97929","https://openstat.psa.gov.ph/PXWeb/pxweb/en/DB/DB__1F__FY/0041F3DF02A.px"
"..Region VII (Central Visayas) r2, 1/, 2/","Poverty Incidence among Population (%)","2018","16.1","","2026-08-03T13-49-16-ffb070b97929","https://openstat.psa.gov.ph/PXWeb/pxweb/en/DB/DB__1F__FY/0041F3DF02A.px"
"..Region VII (Central Visayas) r2, 1/, 2/","Poverty Incidence among Population (%)","2021","27.6","","2026-08-03T13-49-16-ffb070b97929","https://openstat.psa.gov.ph/PXWeb/pxweb/en/DB/DB__1F__FY/0041F3DF02A.px"
"..Region VII (Central Visayas) r2, 1/, 2/","Poverty Incidence among Population (%)","2023","17.3","","2026-08-03T13-49-16-ffb070b97929","https://openstat.psa.gov.ph/PXWeb/pxweb/en/DB/DB__1F__FY/0041F3DF02A.px"
"..Region VII (Central Visayas) r2, 1/, 2/","Coefficient of Variation","2018","6.9","","2026-08-03T13-49-16-ffb070b97929","https://openstat.psa.gov.ph/PXWeb/pxweb/en/DB/DB__1F__FY/0041F3DF02A.px"
"..Region VII (Central Visayas) r2, 1/, 2/","Coefficient of Variation","2021","5.4","","2026-08-03T13-49-16-ffb070b97929","https://openstat.psa.gov.ph/PXWeb/pxweb/en/DB/DB__1F__FY/0041F3DF02A.px"
"..Region VII (Central Visayas) r2, 1/, 2/","Coefficient of Variation","2023","6.1","","2026-08-03T13-49-16-ffb070b97929","https://openstat.psa.gov.ph/PXWeb/pxweb/en/DB/DB__1F__FY/0041F3DF02A.px"
"..Region VII (Central Visayas) r2, 1/, 2/","Standard Error","2018","1.1","","2026-08-03T13-49-16-ffb070b97929","https://openstat.psa.gov.ph/PXWeb/pxweb/en/DB/DB__1F__FY/0041F3DF02A.px"
"..Region VII (Central Visayas) r2, 1/, 2/","Standard Error","2021","1.5","","2026-08-03T13-49-16-ffb070b97929","https://openstat.psa.gov.ph/PXWeb/pxweb/en/DB/DB__1F__FY/0041F3DF02A.px"
"..Region VII (Central Visayas) r2, 1/, 2/","Standard Error","2023","1.1","","2026-08-03T13-49-16-ffb070b97929","https://openstat.psa.gov.ph/PXWeb/pxweb/en/DB/DB__1F__FY/0041F3DF02A.px"
"..Region VII (Central Visayas) r2, 1/, 2/","95% Confidence Interval (Lower Limit)","2018","13.9","","2026-08-03T13-49-16-ffb070b97929","https://openstat.psa.gov.ph/PXWeb/pxweb/en/DB/DB__1F__FY/0041F3DF02A.px"
"..Region VII (Central Visayas) r2, 1/, 2/","95% Confidence Interval (Lower Limit)","2021","24.7","","2026-08-03T13-49-16-ffb070b97929","https://openstat.psa.gov.ph/PXWeb/pxweb/en/DB/DB__1F__FY/0041F3DF02A.px"
"..Region VII (Central Visayas) r2, 1/, 2/","95% Confidence Interval (Lower Limit)","2023","15.3","","2026-08-03T13-49-16-ffb070b97929","https://openstat.psa.gov.ph/PXWeb/pxweb/en/DB/DB__1F__FY/0041F3DF02A.px"
"..Region VII (Central Visayas) r2, 1/, 2/","95% Confidence Interval (Upper Limit)","2018","18.3","","2026-08-03T13-49-16-ffb070b97929","https://openstat.psa.gov.ph/PXWeb/pxweb/en/DB/DB__1F__FY/0041F3DF02A.px"
"..Region VII (Central Visayas) r2, 1/, 2/","95% Confidence Interval (Upper Limit)","2021","30.5","","2026-08-03T13-49-16-ffb070b97929","https://openstat.psa.gov.ph/PXWeb/pxweb/en/DB/DB__1F__FY/0041F3DF02A.px"
"..Region VII (Central Visayas) r2, 1/, 2/","95% Confidence Interval (Upper Limit)","2023","19.4","","2026-08-03T13-49-16-ffb070b97929","https://openstat.psa.gov.ph/PXWeb/pxweb/en/DB/DB__1F__FY/0041F3DF02A.px"
"....Bohol c/","Annual Per Capita Poverty Threshold (in PhP)","2018","26108.47","","2026-08-03T13-49-16-ffb070b97929","https://openstat.psa.gov.ph/PXWeb/pxweb/en/DB/DB__1F__FY/0041F3DF02A.px"
"....Bohol c/","Annual Per Capita Poverty Threshold (in PhP)","2021","26853","","2026-08-03T13-49-16-ffb070b97929","https://openstat.psa.gov.ph/PXWeb/pxweb/en/DB/DB__1F__FY/0041F3DF02A.px"
"....Bohol c/","Annual Per Capita Poverty Threshold (in PhP)","2023","30981.22","","2026-08-03T13-49-16-ffb070b97929","https://openstat.psa.gov.ph/PXWeb/pxweb/en/DB/DB__1F__FY/0041F3DF02A.px"
"....Bohol c/","Poverty Incidence among Population (%)","2018","20.9","","2026-08-03T13-49-16-ffb070b97929","https://openstat.psa.gov.ph/PXWeb/pxweb/en/DB/DB__1F__FY/0041F3DF02A.px"
"....Bohol c/","Poverty Incidence among Population (%)","2021","23.8","","2026-08-03T13-49-16-ffb070b97929","https://openstat.psa.gov.ph/PXWeb/pxweb/en/DB/DB__1F__FY/0041F3DF02A.px"
"....Bohol c/","Poverty Incidence among Population (%)","2023","19","","2026-08-03T13-49-16-ffb070b97929","https://openstat.psa.gov.ph/PXWeb/pxweb/en/DB/DB__1F__FY/0041F3DF02A.px"
"....Bohol c/","Coefficient of Variation","2018","9.7","","2026-08-03T13-49-16-ffb070b97929","https://openstat.psa.gov.ph/PXWeb/pxweb/en/DB/DB__1F__FY/0041F3DF02A.px"
"....Bohol c/","Coefficient of Variation","2021","7.6","","2026-08-03T13-49-16-ffb070b97929","https://openstat.psa.gov.ph/PXWeb/pxweb/en/DB/DB__1F__FY/0041F3DF02A.px"
"....Bohol c/","Coefficient of Variation","2023","10.4","","2026-08-03T13-49-16-ffb070b97929","https://openstat.psa.gov.ph/PXWeb/pxweb/en/DB/DB__1F__FY/0041F3DF02A.px"
"....Bohol c/","Standard Error","2018","2","","2026-08-03T13-49-16-ffb070b97929","https://openstat.psa.gov.ph/PXWeb/pxweb/en/DB/DB__1F__FY/0041F3DF02A.px"
"....Bohol c/","Standard Error","2021","1.8","","2026-08-03T13-49-16-ffb070b97929","https://openstat.psa.gov.ph/PXWeb/pxweb/en/DB/DB__1F__FY/0041F3DF02A.px"
"....Bohol c/","Standard Error","2023","2","","2026-08-03T13-49-16-ffb070b97929","https://openstat.psa.gov.ph/PXWeb/pxweb/en/DB/DB__1F__FY/0041F3DF02A.px"
"....Bohol c/","95% Confidence Interval (Lower Limit)","2018","16.9","","2026-08-03T13-49-16-ffb070b97929","https://openstat.psa.gov.ph/PXWeb/pxweb/en/DB/DB__1F__FY/0041F3DF02A.px"
"....Bohol c/","95% Confidence Interval (Lower Limit)","2021","20.3","","2026-08-03T13-49-16-ffb070b97929","https://openstat.psa.gov.ph/PXWeb/pxweb/en/DB/DB__1F__FY/0041F3DF02A.px"
"....Bohol c/","95% Confidence Interval (Lower Limit)","2023","15.1","","2026-08-03T13-49-16-ffb070b97929","https://openstat.psa.gov.ph/PXWeb/pxweb/en/DB/DB__1F__FY/0041F3DF02A.px"
"....Bohol c/","95% Confidence Interval (Upper Limit)","2018","24.8","","2026-08-03T13-49-16-ffb070b97929","https://openstat.psa.gov.ph/PXWeb/pxweb/en/DB/DB__1F__FY/0041F3DF02A.px"
"....Bohol c/","95% Confidence Interval (Upper Limit)","2021","27.3","","2026-08-03T13-49-16-ffb070b97929","https://openstat.psa.gov.ph/PXWeb/pxweb/en/DB/DB__1F__FY/0041F3DF02A.px"
"....Bohol c/","95% Confidence Interval (Upper Limit)","2023","22.9","","2026-08-03T13-49-16-ffb070b97929","https://openstat.psa.gov.ph/PXWeb/pxweb/en/DB/DB__1F__FY/0041F3DF02A.px"
"....Cebu (w/o the Cities of Cebu  Lapu-Lapu and Mandaue) 1/, 2/, a/","Annual Per Capita Poverty Threshold (in PhP)","2018","25827.16","","2026-08-03T13-49-16-ffb070b97929","https://openstat.psa.gov.ph/PXWeb/pxweb/en/DB/DB__1F__FY/0041F3DF02A.px"
"....Cebu (w/o the Cities of Cebu  Lapu-Lapu and Mandaue) 1/, 2/, a/","Annual Per Capita Poverty Threshold (in PhP)","2021","33354.88","","2026-08-03T13-49-16-ffb070b97929","https://openstat.psa.gov.ph/PXWeb/pxweb/en/DB/DB__1F__FY/0041F3DF02A.px"
"....Cebu (w/o the Cities of Cebu  Lapu-Lapu and Mandaue) 1/, 2/, a/","Annual Per Capita Poverty Threshold (in PhP)","2023","35417.76","","2026-08-03T13-49-16-ffb070b97929","https://openstat.psa.gov.ph/PXWeb/pxweb/en/DB/DB__1F__FY/0041F3DF02A.px"
"....Cebu (w/o the Cities of Cebu  Lapu-Lapu and Mandaue) 1/, 2/, a/","Poverty Incidence among Population (%)","2018","19.4","","2026-08-03T13-49-16-ffb070b97929","https://openstat.psa.gov.ph/PXWeb/pxweb/en/DB/DB__1F__FY/0041F3DF02A.px"
"....Cebu (w/o the Cities of Cebu  Lapu-Lapu and Mandaue) 1/, 2/, a/","Poverty Incidence among Population (%)","2021","36.5","","2026-08-03T13-49-16-ffb070b97929","https://openstat.psa.gov.ph/PXWeb/pxweb/en/DB/DB__1F__FY/0041F3DF02A.px"
"....Cebu (w/o the Cities of Cebu  Lapu-Lapu and Mandaue) 1/, 2/, a/","Poverty Incidence among Population (%)","2023","21.9","","2026-08-03T13-49-16-ffb070b97929","https://openstat.psa.gov.ph/PXWeb/pxweb/en/DB/DB__1F__FY/0041F3DF02A.px"
"....Cebu (w/o the Cities of Cebu  Lapu-Lapu and Mandaue) 1/, 2/, a/","Coefficient of Variation","2018","10.4","","2026-08-03T13-49-16-ffb070b97929","https://openstat.psa.gov.ph/PXWeb/pxweb/en/DB/DB__1F__FY/0041F3DF02A.px"
"....Cebu (w/o the Cities of Cebu  Lapu-Lapu and Mandaue) 1/, 2/, a/","Coefficient of Variation","2021","7.4","","2026-08-03T13-49-16-ffb070b97929","https://openstat.psa.gov.ph/PXWeb/pxweb/en/DB/DB__1F__FY/0041F3DF02A.px"
"....Cebu (w/o the Cities of Cebu  Lapu-Lapu and Mandaue) 1/, 2/, a/","Coefficient of Variation","2023","8.4","","2026-08-03T13-49-16-ffb070b97929","https://openstat.psa.gov.ph/PXWeb/pxweb/en/DB/DB__1F__FY/0041F3DF02A.px"
"....Cebu (w/o the Cities of Cebu  Lapu-Lapu and Mandaue) 1/, 2/, a/","Standard Error","2018","2","","2026-08-03T13-49-16-ffb070b97929","https://openstat.psa.gov.ph/PXWeb/pxweb/en/DB/DB__1F__FY/0041F3DF02A.px"
"....Cebu (w/o the Cities of Cebu  Lapu-Lapu and Mandaue) 1/, 2/, a/","Standard Error","2021","2.7","","2026-08-03T13-49-16-ffb070b97929","https://openstat.psa.gov.ph/PXWeb/pxweb/en/DB/DB__1F__FY/0041F3DF02A.px"
"....Cebu (w/o the Cities of Cebu  Lapu-Lapu and Mandaue) 1/, 2/, a/","Standard Error","2023","1.9","","2026-08-03T13-49-16-ffb070b97929","https://openstat.psa.gov.ph/PXWeb/pxweb/en/DB/DB__1F__FY/0041F3DF02A.px"
"....Cebu (w/o the Cities of Cebu  Lapu-Lapu and Mandaue) 1/, 2/, a/","95% Confidence Interval (Lower Limit)","2018","15.5","","2026-08-03T13-49-16-ffb070b97929","https://openstat.psa.gov.ph/PXWeb/pxweb/en/DB/DB__1F__FY/0041F3DF02A.px"
"....Cebu (w/o the Cities of Cebu  Lapu-Lapu and Mandaue) 1/, 2/, a/","95% Confidence Interval (Lower Limit)","2021","31.2","","2026-08-03T13-49-16-ffb070b97929","https://openstat.psa.gov.ph/PXWeb/pxweb/en/DB/DB__1F__FY/0041F3DF02A.px"
"....Cebu (w/o the Cities of Cebu  Lapu-Lapu and Mandaue) 1/, 2/, a/","95% Confidence Interval (Lower Limit)","2023","18.3","","2026-08-03T13-49-16-ffb070b97929","https://openstat.psa.gov.ph/PXWeb/pxweb/en/DB/DB__1F__FY/0041F3DF02A.px"
"....Cebu (w/o the Cities of Cebu  Lapu-Lapu and Mandaue) 1/, 2/, a/","95% Confidence Interval (Upper Limit)","2018","23.4","","2026-08-03T13-49-16-ffb070b97929","https://openstat.psa.gov.ph/PXWeb/pxweb/en/DB/DB__1F__FY/0041F3DF02A.px"
"....Cebu (w/o the Cities of Cebu  Lapu-Lapu and Mandaue) 1/, 2/, a/","95% Confidence Interval (Upper Limit)","2021","41.8","","2026-08-03T13-49-16-ffb070b97929","https://openstat.psa.gov.ph/PXWeb/pxweb/en/DB/DB__1F__FY/0041F3DF02A.px"
"....Cebu (w/o the Cities of Cebu  Lapu-Lapu and Mandaue) 1/, 2/, a/","95% Confidence Interval (Upper Limit)","2023","25.6","","2026-08-03T13-49-16-ffb070b97929","https://openstat.psa.gov.ph/PXWeb/pxweb/en/DB/DB__1F__FY/0041F3DF02A.px"
"....City of Cebu 1/, 2/, a/, b/, c/","Annual Per Capita Poverty Threshold (in PhP)","2018","26330.99","","2026-08-03T13-49-16-ffb070b97929","https://openstat.psa.gov.ph/PXWeb/pxweb/en/DB/DB__1F__FY/0041F3DF02A.px"
"....City of Cebu 1/, 2/, a/, b/, c/","Annual Per Capita Poverty Threshold (in PhP)","2021","35030.28","","2026-08-03T13-49-16-ffb070b97929","https://openstat.psa.gov.ph/PXWeb/pxweb/en/DB/DB__1F__FY/0041F3DF02A.px"
"....City of Cebu 1/, 2/, a/, b/, c/","Annual Per Capita Poverty Threshold (in PhP)","2023","36559.07","","2026-08-03T13-49-16-ffb070b97929","https://openstat.psa.gov.ph/PXWeb/pxweb/en/DB/DB__1F__FY/0041F3DF02A.px"
"....City of Cebu 1/, 2/, a/, b/, c/","Poverty Incidence among Population (%)","2018","6.7","","2026-08-03T13-49-16-ffb070b97929","https://openstat.psa.gov.ph/PXWeb/pxweb/en/DB/DB__1F__FY/0041F3DF02A.px"
"....City of Cebu 1/, 2/, a/, b/, c/","Poverty Incidence among Population (%)","2021","14","","2026-08-03T13-49-16-ffb070b97929","https://openstat.psa.gov.ph/PXWeb/pxweb/en/DB/DB__1F__FY/0041F3DF02A.px"
"....City of Cebu 1/, 2/, a/, b/, c/","Poverty Incidence among Population (%)","2023","7.6","","2026-08-03T13-49-16-ffb070b97929","https://openstat.psa.gov.ph/PXWeb/pxweb/en/DB/DB__1F__FY/0041F3DF02A.px"
"....City of Cebu 1/, 2/, a/, b/, c/","Coefficient of Variation","2018","14.8","","2026-08-03T13-49-16-ffb070b97929","https://openstat.psa.gov.ph/PXWeb/pxweb/en/DB/DB__1F__FY/0041F3DF02A.px"
"....City of Cebu 1/, 2/, a/, b/, c/","Coefficient of Variation","2021","10.6","","2026-08-03T13-49-16-ffb070b97929","https://openstat.psa.gov.ph/PXWeb/pxweb/en/DB/DB__1F__FY/0041F3DF02A.px"
"....City of Cebu 1/, 2/, a/, b/, c/","Coefficient of Variation","2023","14.4","","2026-08-03T13-49-16-ffb070b97929","https://openstat.psa.gov.ph/PXWeb/pxweb/en/DB/DB__1F__FY/0041F3DF02A.px"
"....City of Cebu 1/, 2/, a/, b/, c/","Standard Error","2018","1","","2026-08-03T13-49-16-ffb070b97929","https://openstat.psa.gov.ph/PXWeb/pxweb/en/DB/DB__1F__FY/0041F3DF02A.px"
"....City of Cebu 1/, 2/, a/, b/, c/","Standard Error","2021","1.5","","2026-08-03T13-49-16-ffb070b97929","https://openstat.psa.gov.ph/PXWeb/pxweb/en/DB/DB__1F__FY/0041F3DF02A.px"
"....City of Cebu 1/, 2/, a/, b/, c/","Standard Error","2023","1.1","","2026-08-03T13-49-16-ffb070b97929","https://openstat.psa.gov.ph/PXWeb/pxweb/en/DB/DB__1F__FY/0041F3DF02A.px"
"....City of Cebu 1/, 2/, a/, b/, c/","95% Confidence Interval (Lower Limit)","2018","4.8","","2026-08-03T13-49-16-ffb070b97929","https://openstat.psa.gov.ph/PXWeb/pxweb/en/DB/DB__1F__FY/0041F3DF02A.px"
"....City of Cebu 1/, 2/, a/, b/, c/","95% Confidence Interval (Lower Limit)","2021","11.1","","2026-08-03T13-49-16-ffb070b97929","https://openstat.psa.gov.ph/PXWeb/pxweb/en/DB/DB__1F__FY/0041F3DF02A.px"
"....City of Cebu 1/, 2/, a/, b/, c/","95% Confidence Interval (Lower Limit)","2023","5.5","","2026-08-03T13-49-16-ffb070b97929","https://openstat.psa.gov.ph/PXWeb/pxweb/en/DB/DB__1F__FY/0041F3DF02A.px"
"....City of Cebu 1/, 2/, a/, b/, c/","95% Confidence Interval (Upper Limit)","2018","8.6","","2026-08-03T13-49-16-ffb070b97929","https://openstat.psa.gov.ph/PXWeb/pxweb/en/DB/DB__1F__FY/0041F3DF02A.px"
"....City of Cebu 1/, 2/, a/, b/, c/","95% Confidence Interval (Upper Limit)","2021","16.9","","2026-08-03T13-49-16-ffb070b97929","https://openstat.psa.gov.ph/PXWeb/pxweb/en/DB/DB__1F__FY/0041F3DF02A.px"
"....City of Cebu 1/, 2/, a/, b/, c/","95% Confidence Interval (Upper Limit)","2023","9.8","","2026-08-03T13-49-16-ffb070b97929","https://openstat.psa.gov.ph/PXWeb/pxweb/en/DB/DB__1F__FY/0041F3DF02A.px"
"....City of Lapu-Lapu (Opon) 1/, 2/, a/, b/, c/","Annual Per Capita Poverty Threshold (in PhP)","2018","26280.85","","2026-08-03T13-49-16-ffb070b97929","https://openstat.psa.gov.ph/PXWeb/pxweb/en/DB/DB__1F__FY/0041F3DF02A.px"
"....City of Lapu-Lapu (Opon) 1/, 2/, a/, b/, c/","Annual Per Capita Poverty Threshold (in PhP)","2021","35030.28","","2026-08-03T13-49-16-ffb070b97929","https://openstat.psa.gov.ph/PXWeb/pxweb/en/DB/DB__1F__FY/0041F3DF02A.px"
"....City of Lapu-Lapu (Opon) 1/, 2/, a/, b/, c/","Annual Per Capita Poverty Threshold (in PhP)","2023","36480.85","","2026-08-03T13-49-16-ffb070b97929","https://openstat.psa.gov.ph/PXWeb/pxweb/en/DB/DB__1F__FY/0041F3DF02A.px"
"....City of Lapu-Lapu (Opon) 1/, 2/, a/, b/, c/","Poverty Incidence among Population (%)","2018","6.8","","2026-08-03T13-49-16-ffb070b97929","https://openstat.psa.gov.ph/PXWeb/pxweb/en/DB/DB__1F__FY/0041F3DF02A.px"
"....City of Lapu-Lapu (Opon) 1/, 2/, a/, b/, c/","Poverty Incidence among Population (%)","2021","14.7","","2026-08-03T13-49-16-ffb070b97929","https://openstat.psa.gov.ph/PXWeb/pxweb/en/DB/DB__1F__FY/0041F3DF02A.px"
"....City of Lapu-Lapu (Opon) 1/, 2/, a/, b/, c/","Poverty Incidence among Population (%)","2023","8.6","","2026-08-03T13-49-16-ffb070b97929","https://openstat.psa.gov.ph/PXWeb/pxweb/en/DB/DB__1F__FY/0041F3DF02A.px"
"....City of Lapu-Lapu (Opon) 1/, 2/, a/, b/, c/","Coefficient of Variation","2018","18.1","","2026-08-03T13-49-16-ffb070b97929","https://openstat.psa.gov.ph/PXWeb/pxweb/en/DB/DB__1F__FY/0041F3DF02A.px"
"....City of Lapu-Lapu (Opon) 1/, 2/, a/, b/, c/","Coefficient of Variation","2021","10.2","","2026-08-03T13-49-16-ffb070b97929","https://openstat.psa.gov.ph/PXWeb/pxweb/en/DB/DB__1F__FY/0041F3DF02A.px"
"....City of Lapu-Lapu (Opon) 1/, 2/, a/, b/, c/","Coefficient of Variation","2023","13.3","","2026-08-03T13-49-16-ffb070b97929","https://openstat.psa.gov.ph/PXWeb/pxweb/en/DB/DB__1F__FY/0041F3DF02A.px"
"....City of Lapu-Lapu (Opon) 1/, 2/, a/, b/, c/","Standard Error","2018","1.2","","2026-08-03T13-49-16-ffb070b97929","https://openstat.psa.gov.ph/PXWeb/pxweb/en/DB/DB__1F__FY/0041F3DF02A.px"
"....City of Lapu-Lapu (Opon) 1/, 2/, a/, b/, c/","Standard Error","2021","1.5","","2026-08-03T13-49-16-ffb070b97929","https://openstat.psa.gov.ph/PXWeb/pxweb/en/DB/DB__1F__FY/0041F3DF02A.px"
"....City of Lapu-Lapu (Opon) 1/, 2/, a/, b/, c/","Standard Error","2023","1.1","","2026-08-03T13-49-16-ffb070b97929","https://openstat.psa.gov.ph/PXWeb/pxweb/en/DB/DB__1F__FY/0041F3DF02A.px"
"....City of Lapu-Lapu (Opon) 1/, 2/, a/, b/, c/","95% Confidence Interval (Lower Limit)","2018","4.4","","2026-08-03T13-49-16-ffb070b97929","https://openstat.psa.gov.ph/PXWeb/pxweb/en/DB/DB__1F__FY/0041F3DF02A.px"
"....City of Lapu-Lapu (Opon) 1/, 2/, a/, b/, c/","95% Confidence Interval (Lower Limit)","2021","11.8","","2026-08-03T13-49-16-ffb070b97929","https://openstat.psa.gov.ph/PXWeb/pxweb/en/DB/DB__1F__FY/0041F3DF02A.px"
"....City of Lapu-Lapu (Opon) 1/, 2/, a/, b/, c/","95% Confidence Interval (Lower Limit)","2023","6.3","","2026-08-03T13-49-16-ffb070b97929","https://openstat.psa.gov.ph/PXWeb/pxweb/en/DB/DB__1F__FY/0041F3DF02A.px"
"....City of Lapu-Lapu (Opon) 1/, 2/, a/, b/, c/","95% Confidence Interval (Upper Limit)","2018","9.2","","2026-08-03T13-49-16-ffb070b97929","https://openstat.psa.gov.ph/PXWeb/pxweb/en/DB/DB__1F__FY/0041F3DF02A.px"
"....City of Lapu-Lapu (Opon) 1/, 2/, a/, b/, c/","95% Confidence Interval (Upper Limit)","2021","17.7","","2026-08-03T13-49-16-ffb070b97929","https://openstat.psa.gov.ph/PXWeb/pxweb/en/DB/DB__1F__FY/0041F3DF02A.px"
"....City of Lapu-Lapu (Opon) 1/, 2/, a/, b/, c/","95% Confidence Interval (Upper Limit)","2023","10.8","","2026-08-03T13-49-16-ffb070b97929","https://openstat.psa.gov.ph/PXWeb/pxweb/en/DB/DB__1F__FY/0041F3DF02A.px"
"....City of Mandaue 1/, 2/, a/, b/, c/","Annual Per Capita Poverty Threshold (in PhP)","2018","26575.59","","2026-08-03T13-49-16-ffb070b97929","https://openstat.psa.gov.ph/PXWeb/pxweb/en/DB/DB__1F__FY/0041F3DF02A.px"
"....City of Mandaue 1/, 2/, a/, b/, c/","Annual Per Capita Poverty Threshold (in PhP)","2021","35030.28","","2026-08-03T13-49-16-ffb070b97929","https://openstat.psa.gov.ph/PXWeb/pxweb/en/DB/DB__1F__FY/0041F3DF02A.px"
"....City of Mandaue 1/, 2/, a/, b/, c/","Annual Per Capita Poverty Threshold (in PhP)","2023","35654.54","","2026-08-03T13-49-16-ffb070b97929","https://openstat.psa.gov.ph/PXWeb/pxweb/en/DB/DB__1F__FY/0041F3DF02A.px"
"....City of Mandaue 1/, 2/, a/, b/, c/","Poverty Incidence among Population (%)","2018","6","","2026-08-03T13-49-16-ffb070b97929","https://openstat.psa.gov.ph/PXWeb/pxweb/en/DB/DB__1F__FY/0041F3DF02A.px"
"....City of Mandaue 1/, 2/, a/, b/, c/","Poverty Incidence among Population (%)","2021","15.1","","2026-08-03T13-49-16-ffb070b97929","https://openstat.psa.gov.ph/PXWeb/pxweb/en/DB/DB__1F__FY/0041F3DF02A.px"
"....City of Mandaue 1/, 2/, a/, b/, c/","Poverty Incidence among Population (%)","2023","7.2","","2026-08-03T13-49-16-ffb070b97929","https://openstat.psa.gov.ph/PXWeb/pxweb/en/DB/DB__1F__FY/0041F3DF02A.px"
"....City of Mandaue 1/, 2/, a/, b/, c/","Coefficient of Variation","2018","16.9","","2026-08-03T13-49-16-ffb070b97929","https://openstat.psa.gov.ph/PXWeb/pxweb/en/DB/DB__1F__FY/0041F3DF02A.px"
"....City of Mandaue 1/, 2/, a/, b/, c/","Coefficient of Variation","2021","10.3","","2026-08-03T13-49-16-ffb070b97929","https://openstat.psa.gov.ph/PXWeb/pxweb/en/DB/DB__1F__FY/0041F3DF02A.px"
"....City of Mandaue 1/, 2/, a/, b/, c/","Coefficient of Variation","2023","17.6","","2026-08-03T13-49-16-ffb070b97929","https://openstat.psa.gov.ph/PXWeb/pxweb/en/DB/DB__1F__FY/0041F3DF02A.px"
"....City of Mandaue 1/, 2/, a/, b/, c/","Standard Error","2018","1","","2026-08-03T13-49-16-ffb070b97929","https://openstat.psa.gov.ph/PXWeb/pxweb/en/DB/DB__1F__FY/0041F3DF02A.px"
"....City of Mandaue 1/, 2/, a/, b/, c/","Standard Error","2021","1.5","","2026-08-03T13-49-16-ffb070b97929","https://openstat.psa.gov.ph/PXWeb/pxweb/en/DB/DB__1F__FY/0041F3DF02A.px"
"....City of Mandaue 1/, 2/, a/, b/, c/","Standard Error","2023","1.3","","2026-08-03T13-49-16-ffb070b97929","https://openstat.psa.gov.ph/PXWeb/pxweb/en/DB/DB__1F__FY/0041F3DF02A.px"
"....City of Mandaue 1/, 2/, a/, b/, c/","95% Confidence Interval (Lower Limit)","2018","4","","2026-08-03T13-49-16-ffb070b97929","https://openstat.psa.gov.ph/PXWeb/pxweb/en/DB/DB__1F__FY/0041F3DF02A.px"
"....City of Mandaue 1/, 2/, a/, b/, c/","95% Confidence Interval (Lower Limit)","2021","12.1","","2026-08-03T13-49-16-ffb070b97929","https://openstat.psa.gov.ph/PXWeb/pxweb/en/DB/DB__1F__FY/0041F3DF02A.px"
"....City of Mandaue 1/, 2/, a/, b/, c/","95% Confidence Interval (Lower Limit)","2023","4.7","","2026-08-03T13-49-16-ffb070b97929","https://openstat.psa.gov.ph/PXWeb/pxweb/en/DB/DB__1F__FY/0041F3DF02A.px"
"....City of Mandaue 1/, 2/, a/, b/, c/","95% Confidence Interval (Upper Limit)","2018","8","","2026-08-03T13-49-16-ffb070b97929","https://openstat.psa.gov.ph/PXWeb/pxweb/en/DB/DB__1F__FY/0041F3DF02A.px"
"....City of Mandaue 1/, 2/, a/, b/, c/","95% Confidence Interval (Upper Limit)","2021","18.1","","2026-08-03T13-49-16-ffb070b97929","https://openstat.psa.gov.ph/PXWeb/pxweb/en/DB/DB__1F__FY/0041F3DF02A.px"
"....City of Mandaue 1/, 2/, a/, b/, c/","95% Confidence Interval (Upper Limit)","2023","9.7","","2026-08-03T13-49-16-ffb070b97929","https://openstat.psa.gov.ph/PXWeb/pxweb/en/DB/DB__1F__FY/0041F3DF02A.px"
"..Region VIII (Eastern Visayas) 3/","Annual Per Capita Poverty Threshold (in PhP)","2018","24987.37","","2026-08-03T13-49-16-ffb070b97929","https://openstat.psa.gov.ph/PXWeb/pxweb/en/DB/DB__1F__FY/0041F3DF02A.px"
"..Region VIII (Eastern Visayas) 3/","Annual Per Capita Poverty Threshold (in PhP)","2021","26847.9","","2026-08-03T13-49-16-ffb070b97929","https://openstat.psa.gov.ph/PXWeb/pxweb/en/DB/DB__1F__FY/0041F3DF02A.px"
"..Region VIII (Eastern Visayas) 3/","Annual Per Capita Poverty Threshold (in PhP)","2023","32381.1","","2026-08-03T13-49-16-ffb070b97929","https://openstat.psa.gov.ph/PXWeb/pxweb/en/DB/DB__1F__FY/0041F3DF02A.px"
"..Region VIII (Eastern Visayas) 3/","Poverty Incidence among Population (%)","2018","30.7","","2026-08-03T13-49-16-ffb070b97929","https://openstat.psa.gov.ph/PXWeb/pxweb/en/DB/DB__1F__FY/0041F3DF02A.px"
"..Region VIII (Eastern Visayas) 3/","Poverty Incidence among Population (%)","2021","28.9","","2026-08-03T13-49-16-ffb070b97929","https://openstat.psa.gov.ph/PXWeb/pxweb/en/DB/DB__1F__FY/0041F3DF02A.px"
"..Region VIII (Eastern Visayas) 3/","Poverty Incidence among Population (%)","2023","27.3","","2026-08-03T13-49-16-ffb070b97929","https://openstat.psa.gov.ph/PXWeb/pxweb/en/DB/DB__1F__FY/0041F3DF02A.px"
"..Region VIII (Eastern Visayas) 3/","Coefficient of Variation","2018","3.4","","2026-08-03T13-49-16-ffb070b97929","https://openstat.psa.gov.ph/PXWeb/pxweb/en/DB/DB__1F__FY/0041F3DF02A.px"
"..Region VIII (Eastern Visayas) 3/","Coefficient of Variation","2021","3.8","","2026-08-03T13-49-16-ffb070b97929","https://openstat.psa.gov.ph/PXWeb/pxweb/en/DB/DB__1F__FY/0041F3DF02A.px"
"..Region VIII (Eastern Visayas) 3/","Coefficient of Variation","2023","3.6","","2026-08-03T13-49-16-ffb070b97929","https://openstat.psa.gov.ph/PXWeb/pxweb/en/DB/DB__1F__FY/0041F3DF02A.px"
"..Region VIII (Eastern Visayas) 3/","Standard Error","2018","1","","2026-08-03T13-49-16-ffb070b97929","https://openstat.psa.gov.ph/PXWeb/pxweb/en/DB/DB__1F__FY/0041F3DF02A.px"
"..Region VIII (Eastern Visayas) 3/","Standard Error","2021","1.1","","2026-08-03T13-49-16-ffb070b97929","https://openstat.psa.gov.ph/PXWeb/pxweb/en/DB/DB__1F__FY/0041F3DF02A.px"
"..Region VIII (Eastern Visayas) 3/","Standard Error","2023","1","","2026-08-03T13-49-16-ffb070b97929","https://openstat.psa.gov.ph/PXWeb/pxweb/en/DB/DB__1F__FY/0041F3DF02A.px"
"..Region VIII (Eastern Visayas) 3/","95% Confidence Interval (Lower Limit)","2018","28.7","","2026-08-03T13-49-16-ffb070b97929","https://openstat.psa.gov.ph/PXWeb/pxweb/en/DB/DB__1F__FY/0041F3DF02A.px"
"..Region VIII (Eastern Visayas) 3/","95% Confidence Interval (Lower Limit)","2021","26.7","","2026-08-03T13-49-16-ffb070b97929","https://openstat.psa.gov.ph/PXWeb/pxweb/en/DB/DB__1F__FY/0041F3DF02A.px"
"..Region VIII (Eastern Visayas) 3/","95% Confidence Interval (Lower Limit)","2023","25.3","","2026-08-03T13-49-16-ffb070b97929","https://openstat.psa.gov.ph/PXWeb/pxweb/en/DB/DB__1F__FY/0041F3DF02A.px"
"..Region VIII (Eastern Visayas) 3/","95% Confidence Interval (Upper Limit)","2018","32.8","","2026-08-03T13-49-16-ffb070b97929","https://openstat.psa.gov.ph/PXWeb/pxweb/en/DB/DB__1F__FY/0041F3DF02A.px"
"..Region VIII (Eastern Visayas) 3/","95% Confidence Interval (Upper Limit)","2021","31.1","","2026-08-03T13-49-16-ffb070b97929","https://openstat.psa.gov.ph/PXWeb/pxweb/en/DB/DB__1F__FY/0041F3DF02A.px"
"..Region VIII (Eastern Visayas) 3/","95% Confidence Interval (Upper Limit)","2023","29.2","","2026-08-03T13-49-16-ffb070b97929","https://openstat.psa.gov.ph/PXWeb/pxweb/en/DB/DB__1F__FY/0041F3DF02A.px"
"....Biliran 1/, 2/, 3/, c/","Annual Per Capita Poverty Threshold (in PhP)","2018","24216.3","","2026-08-03T13-49-16-ffb070b97929","https://openstat.psa.gov.ph/PXWeb/pxweb/en/DB/DB__1F__FY/0041F3DF02A.px"
"....Biliran 1/, 2/, 3/, c/","Annual Per Capita Poverty Threshold (in PhP)","2021","28292.59","","2026-08-03T13-49-16-ffb070b97929","https://openstat.psa.gov.ph/PXWeb/pxweb/en/DB/DB__1F__FY/0041F3DF02A.px"
"....Biliran 1/, 2/, 3/, c/","Annual Per Capita Poverty Threshold (in PhP)","2023","28772.7","","2026-08-03T13-49-16-ffb070b97929","https://openstat.psa.gov.ph/PXWeb/pxweb/en/DB/DB__1F__FY/0041F3DF02A.px"
"....Biliran 1/, 2/, 3/, c/","Poverty Incidence among Population (%)","2018","19.6","","2026-08-03T13-49-16-ffb070b97929","https://openstat.psa.gov.ph/PXWeb/pxweb/en/DB/DB__1F__FY/0041F3DF02A.px"
"....Biliran 1/, 2/, 3/, c/","Poverty Incidence among Population (%)","2021","27.2","","2026-08-03T13-49-16-ffb070b97929","https://openstat.psa.gov.ph/PXWeb/pxweb/en/DB/DB__1F__FY/0041F3DF02A.px"
"....Biliran 1/, 2/, 3/, c/","Poverty Incidence among Population (%)","2023","13.1","","2026-08-03T13-49-16-ffb070b97929","https://openstat.psa.gov.ph/PXWeb/pxweb/en/DB/DB__1F__FY/0041F3DF02A.px"
"....Biliran 1/, 2/, 3/, c/","Coefficient of Variation","2018","9","","2026-08-03T13-49-16-ffb070b97929","https://openstat.psa.gov.ph/PXWeb/pxweb/en/DB/DB__1F__FY/0041F3DF02A.px"
"....Biliran 1/, 2/, 3/, c/","Coefficient of Variation","2021","7.8","","2026-08-03T13-49-16-ffb070b97929","https://openstat.psa.gov.ph/PXWeb/pxweb/en/DB/DB__1F__FY/0041F3DF02A.px"
"....Biliran 1/, 2/, 3/, c/","Coefficient of Variation","2023","10","","2026-08-03T13-49-16-ffb070b97929","https://openstat.psa.gov.ph/PXWeb/pxweb/en/DB/DB__1F__FY/0041F3DF02A.px"
"....Biliran 1/, 2/, 3/, c/","Standard Error","2018","1.8","","2026-08-03T13-49-16-ffb070b97929","https://openstat.psa.gov.ph/PXWeb/pxweb/en/DB/DB__1F__FY/0041F3DF02A.px"
"....Biliran 1/, 2/, 3/, c/","Standard Error","2021","2.1","","2026-08-03T13-49-16-ffb070b97929","https://openstat.psa.gov.ph/PXWeb/pxweb/en/DB/DB__1F__FY/0041F3DF02A.px"
"....Biliran 1/, 2/, 3/, c/","Standard Error","2023","1.3","","2026-08-03T13-49-16-ffb070b97929","https://openstat.psa.gov.ph/PXWeb/pxweb/en/DB/DB__1F__FY/0041F3DF02A.px"
"....Biliran 1/, 2/, 3/, c/","95% Confidence Interval (Lower Limit)","2018","16.1","","2026-08-03T13-49-16-ffb070b97929","https://openstat.psa.gov.ph/PXWeb/pxweb/en/DB/DB__1F__FY/0041F3DF02A.px"
"....Biliran 1/, 2/, 3/, c/","95% Confidence Interval (Lower Limit)","2021","23.1","","2026-08-03T13-49-16-ffb070b97929","https://openstat.psa.gov.ph/PXWeb/pxweb/en/DB/DB__1F__FY/0041F3DF02A.px"
"....Biliran 1/, 2/, 3/, c/","95% Confidence Interval (Lower Limit)","2023","10.5","","2026-08-03T13-49-16-ffb070b97929","https://openstat.psa.gov.ph/PXWeb/pxweb/en/DB/DB__1F__FY/0041F3DF02A.px"
"....Biliran 1/, 2/, 3/, c/","95% Confidence Interval (Upper Limit)","2018","23.1","","2026-08-03T13-49-16-ffb070b97929","https://openstat.psa.gov.ph/PXWeb/pxweb/en/DB/DB__1F__FY/0041F3DF02A.px"
"....Biliran 1/, 2/, 3/, c/","95% Confidence Interval (Upper Limit)","2021","31.3","","2026-08-03T13-49-16-ffb070b97929","https://openstat.psa.gov.ph/PXWeb/pxweb/en/DB/DB__1F__FY/0041F3DF02A.px"
"....Biliran 1/, 2/, 3/, c/","95% Confidence Interval (Upper Limit)","2023","15.7","","2026-08-03T13-49-16-ffb070b97929","https://openstat.psa.gov.ph/PXWeb/pxweb/en/DB/DB__1F__FY/0041F3DF02A.px"
"....Eastern Samar 1/, 3/","Annual Per Capita Poverty Threshold (in PhP)","2018","29069.74","","2026-08-03T13-49-16-ffb070b97929","https://openstat.psa.gov.ph/PXWeb/pxweb/en/DB/DB__1F__FY/0041F3DF02A.px"
"....Eastern Samar 1/, 3/","Annual Per Capita Poverty Threshold (in PhP)","2021","28923.98","","2026-08-03T13-49-16-ffb070b97929","https://openstat.psa.gov.ph/PXWeb/pxweb/en/DB/DB__1F__FY/0041F3DF02A.px"
"....Eastern Samar 1/, 3/","Annual Per Capita Poverty Threshold (in PhP)","2023","32186.62","","2026-08-03T13-49-16-ffb070b97929","https://openstat.psa.gov.ph/PXWeb/pxweb/en/DB/DB__1F__FY/0041F3DF02A.px"
"....Eastern Samar 1/, 3/","Poverty Incidence among Population (%)","2018","49.5","","2026-08-03T13-49-16-ffb070b97929","https://openstat.psa.gov.ph/PXWeb/pxweb/en/DB/DB__1F__FY/0041F3DF02A.px"
"....Eastern Samar 1/, 3/","Poverty Incidence among Population (%)","2021","37.7","","2026-08-03T13-49-16-ffb070b97929","https://openstat.psa.gov.ph/PXWeb/pxweb/en/DB/DB__1F__FY/0041F3DF02A.px"
"....Eastern Samar 1/, 3/","Poverty Incidence among Population (%)","2023","33.4","","2026-08-03T13-49-16-ffb070b97929","https://openstat.psa.gov.ph/PXWeb/pxweb/en/DB/DB__1F__FY/0041F3DF02A.px"
"....Eastern Samar 1/, 3/","Coefficient of Variation","2018","4.6","","2026-08-03T13-49-16-ffb070b97929","https://openstat.psa.gov.ph/PXWeb/pxweb/en/DB/DB__1F__FY/0041F3DF02A.px"
"....Eastern Samar 1/, 3/","Coefficient of Variation","2021","7.3","","2026-08-03T13-49-16-ffb070b97929","https://openstat.psa.gov.ph/PXWeb/pxweb/en/DB/DB__1F__FY/0041F3DF02A.px"
"....Eastern Samar 1/, 3/","Coefficient of Variation","2023","6.9","","2026-08-03T13-49-16-ffb070b97929","https://openstat.psa.gov.ph/PXWeb/pxweb/en/DB/DB__1F__FY/0041F3DF02A.px"
"....Eastern Samar 1/, 3/","Standard Error","2018","2.3","","2026-08-03T13-49-16-ffb070b97929","https://openstat.psa.gov.ph/PXWeb/pxweb/en/DB/DB__1F__FY/0041F3DF02A.px"
"....Eastern Samar 1/, 3/","Standard Error","2021","2.7","","2026-08-03T13-49-16-ffb070b97929","https://openstat.psa.gov.ph/PXWeb/pxweb/en/DB/DB__1F__FY/0041F3DF02A.px"
"....Eastern Samar 1/, 3/","Standard Error","2023","2.3","","2026-08-03T13-49-16-ffb070b97929","https://openstat.psa.gov.ph/PXWeb/pxweb/en/DB/DB__1F__FY/0041F3DF02A.px"
"....Eastern Samar 1/, 3/","95% Confidence Interval (Lower Limit)","2018","45","","2026-08-03T13-49-16-ffb070b97929","https://openstat.psa.gov.ph/PXWeb/pxweb/en/DB/DB__1F__FY/0041F3DF02A.px"
"....Eastern Samar 1/, 3/","95% Confidence Interval (Lower Limit)","2021","32.3","","2026-08-03T13-49-16-ffb070b97929","https://openstat.psa.gov.ph/PXWeb/pxweb/en/DB/DB__1F__FY/0041F3DF02A.px"
"....Eastern Samar 1/, 3/","95% Confidence Interval (Lower Limit)","2023","28.9","","2026-08-03T13-49-16-ffb070b97929","https://openstat.psa.gov.ph/PXWeb/pxweb/en/DB/DB__1F__FY/0041F3DF02A.px"
"....Eastern Samar 1/, 3/","95% Confidence Interval (Upper Limit)","2018","53.9","","2026-08-03T13-49-16-ffb070b97929","https://openstat.psa.gov.ph/PXWeb/pxweb/en/DB/DB__1F__FY/0041F3DF02A.px"
"....Eastern Samar 1/, 3/","95% Confidence Interval (Upper Limit)","2021","43.1","","2026-08-03T13-49-16-ffb070b97929","https://openstat.psa.gov.ph/PXWeb/pxweb/en/DB/DB__1F__FY/0041F3DF02A.px"
"....Eastern Samar 1/, 3/","95% Confidence Interval (Upper Limit)","2023","37.9","","2026-08-03T13-49-16-ffb070b97929","https://openstat.psa.gov.ph/PXWeb/pxweb/en/DB/DB__1F__FY/0041F3DF02A.px"
"....Leyte (w/o the City of Tacloban)","Annual Per Capita Poverty Threshold (in PhP)","2018","23564.12","","2026-08-03T13-49-16-ffb070b97929","https://openstat.psa.gov.ph/PXWeb/pxweb/en/DB/DB__1F__FY/0041F3DF02A.px"
"....Leyte (w/o the City of Tacloban)","Annual Per Capita Poverty Threshold (in PhP)","2021","26482","","2026-08-03T13-49-16-ffb070b97929","https://openstat.psa.gov.ph/PXWeb/pxweb/en/DB/DB__1F__FY/0041F3DF02A.px"
"....Leyte (w/o the City of Tacloban)","Annual Per Capita Poverty Threshold (in PhP)","2023","33736.41","","2026-08-03T13-49-16-ffb070b97929","https://openstat.psa.gov.ph/PXWeb/pxweb/en/DB/DB__1F__FY/0041F3DF02A.px"
"....Leyte (w/o the City of Tacloban)","Poverty Incidence among Population (%)","2018","31.1","","2026-08-03T13-49-16-ffb070b97929","https://openstat.psa.gov.ph/PXWeb/pxweb/en/DB/DB__1F__FY/0041F3DF02A.px"
"....Leyte (w/o the City of Tacloban)","Poverty Incidence among Population (%)","2021","29.2","","2026-08-03T13-49-16-ffb070b97929","https://openstat.psa.gov.ph/PXWeb/pxweb/en/DB/DB__1F__FY/0041F3DF02A.px"
"....Leyte (w/o the City of Tacloban)","Poverty Incidence among Population (%)","2023","29.3","","2026-08-03T13-49-16-ffb070b97929","https://openstat.psa.gov.ph/PXWeb/pxweb/en/DB/DB__1F__FY/0041F3DF02A.px"
"....Leyte (w/o the City of Tacloban)","Coefficient of Variation","2018","6.7","","2026-08-03T13-49-16-ffb070b97929","https://openstat.psa.gov.ph/PXWeb/pxweb/en/DB/DB__1F__FY/0041F3DF02A.px"
"....Leyte (w/o the City of Tacloban)","Coefficient of Variation","2021","8.1","","2026-08-03T13-49-16-ffb070b97929","https://openstat.psa.gov.ph/PXWeb/pxweb/en/DB/DB__1F__FY/0041F3DF02A.px"
"....Leyte (w/o the City of Tacloban)","Coefficient of Variation","2023","6.8","","2026-08-03T13-49-16-ffb070b97929","https://openstat.psa.gov.ph/PXWeb/pxweb/en/DB/DB__1F__FY/0041F3DF02A.px"
"....Leyte (w/o the City of Tacloban)","Standard Error","2018","2.1","","2026-08-03T13-49-16-ffb070b97929","https://openstat.psa.gov.ph/PXWeb/pxweb/en/DB/DB__1F__FY/0041F3DF02A.px"
"....Leyte (w/o the City of Tacloban)","Standard Error","2021","2.4","","2026-08-03T13-49-16-ffb070b97929","https://openstat.psa.gov.ph/PXWeb/pxweb/en/DB/DB__1F__FY/0041F3DF02A.px"
"....Leyte (w/o the City of Tacloban)","Standard Error","2023","2","","2026-08-03T13-49-16-ffb070b97929","https://openstat.psa.gov.ph/PXWeb/pxweb/en/DB/DB__1F__FY/0041F3DF02A.px"
"....Leyte (w/o the City of Tacloban)","95% Confidence Interval (Lower Limit)","2018","27","","2026-08-03T13-49-16-ffb070b97929","https://openstat.psa.gov.ph/PXWeb/pxweb/en/DB/DB__1F__FY/0041F3DF02A.px"
"....Leyte (w/o the City of Tacloban)","95% Confidence Interval (Lower Limit)","2021","24.6","","2026-08-03T13-49-16-ffb070b97929","https://openstat.psa.gov.ph/PXWeb/pxweb/en/DB/DB__1F__FY/0041F3DF02A.px"
"....Leyte (w/o the City of Tacloban)","95% Confidence Interval (Lower Limit)","2023","25.4","","2026-08-03T13-49-16-ffb070b97929","https://openstat.psa.gov.ph/PXWeb/pxweb/en/DB/DB__1F__FY/0041F3DF02A.px"
"....Leyte (w/o the City of Tacloban)","95% Confidence Interval (Upper Limit)","2018","35.2","","2026-08-03T13-49-16-ffb070b97929","https://openstat.psa.gov.ph/PXWeb/pxweb/en/DB/DB__1F__FY/0041F3DF02A.px"
"....Leyte (w/o the City of Tacloban)","95% Confidence Interval (Upper Limit)","2021","33.9","","2026-08-03T13-49-16-ffb070b97929","https://openstat.psa.gov.ph/PXWeb/pxweb/en/DB/DB__1F__FY/0041F3DF02A.px"
"....Leyte (w/o the City of Tacloban)","95% Confidence Interval (Upper Limit)","2023","33.2","","2026-08-03T13-49-16-ffb070b97929","https://openstat.psa.gov.ph/PXWeb/pxweb/en/DB/DB__1F__FY/0041F3DF02A.px"
"....City of Tacloban 1/, 3/, a/, b/, c/","Annual Per Capita Poverty Threshold (in PhP)","2018","23843.02","","2026-08-03T13-49-16-ffb070b97929","https://openstat.psa.gov.ph/PXWeb/pxweb/en/DB/DB__1F__FY/0041F3DF02A.px"
"....City of Tacloban 1/, 3/, a/, b/, c/","Annual Per Capita Poverty Threshold (in PhP)","2021","27752.44","","2026-08-03T13-49-16-ffb070b97929","https://openstat.psa.gov.ph/PXWeb/pxweb/en/DB/DB__1F__FY/0041F3DF02A.px"
"....City of Tacloban 1/, 3/, a/, b/, c/","Annual Per Capita Poverty Threshold (in PhP)","2023","34449.79","","2026-08-03T13-49-16-ffb070b97929","https://openstat.psa.gov.ph/PXWeb/pxweb/en/DB/DB__1F__FY/0041F3DF02A.px"
"....City of Tacloban 1/, 3/, a/, b/, c/","Poverty Incidence among Population (%)","2018","8.1","","2026-08-03T13-49-16-ffb070b97929","https://openstat.psa.gov.ph/PXWeb/pxweb/en/DB/DB__1F__FY/0041F3DF02A.px"
"....City of Tacloban 1/, 3/, a/, b/, c/","Poverty Incidence among Population (%)","2021","15.6","","2026-08-03T13-49-16-ffb070b97929","https://openstat.psa.gov.ph/PXWeb/pxweb/en/DB/DB__1F__FY/0041F3DF02A.px"
"....City of Tacloban 1/, 3/, a/, b/, c/","Poverty Incidence among Population (%)","2023","15.5","","2026-08-03T13-49-16-ffb070b97929","https://openstat.psa.gov.ph/PXWeb/pxweb/en/DB/DB__1F__FY/0041F3DF02A.px"
"....City of Tacloban 1/, 3/, a/, b/, c/","Coefficient of Variation","2018","15","","2026-08-03T13-49-16-ffb070b97929","https://openstat.psa.gov.ph/PXWeb/pxweb/en/DB/DB__1F__FY/0041F3DF02A.px"
"....City of Tacloban 1/, 3/, a/, b/, c/","Coefficient of Variation","2021","11.8","","2026-08-03T13-49-16-ffb070b97929","https://openstat.psa.gov.ph/PXWeb/pxweb/en/DB/DB__1F__FY/0041F3DF02A.px"
"....City of Tacloban 1/, 3/, a/, b/, c/","Coefficient of Variation","2023","12.7","","2026-08-03T13-49-16-ffb070b97929","https://openstat.psa.gov.ph/PXWeb/pxweb/en/DB/DB__1F__FY/0041F3DF02A.px"
"....City of Tacloban 1/, 3/, a/, b/, c/","Standard Error","2018","1.2","","2026-08-03T13-49-16-ffb070b97929","https://openstat.psa.gov.ph/PXWeb/pxweb/en/DB/DB__1F__FY/0041F3DF02A.px"
"....City of Tacloban 1/, 3/, a/, b/, c/","Standard Error","2021","1.8","","2026-08-03T13-49-16-ffb070b97929","https://openstat.psa.gov.ph/PXWeb/pxweb/en/DB/DB__1F__FY/0041F3DF02A.px"
"....City of Tacloban 1/, 3/, a/, b/, c/","Standard Error","2023","2","","2026-08-03T13-49-16-ffb070b97929","https://openstat.psa.gov.ph/PXWeb/pxweb/en/DB/DB__1F__FY/0041F3DF02A.px"
"....City of Tacloban 1/, 3/, a/, b/, c/","95% Confidence Interval (Lower Limit)","2018","5.7","","2026-08-03T13-49-16-ffb070b97929","https://openstat.psa.gov.ph/PXWeb/pxweb/en/DB/DB__1F__FY/0041F3DF02A.px"
"....City of Tacloban 1/, 3/, a/, b/, c/","95% Confidence Interval (Lower Limit)","2021","12","","2026-08-03T13-49-16-ffb070b97929","https://openstat.psa.gov.ph/PXWeb/pxweb/en/DB/DB__1F__FY/0041F3DF02A.px"
"....City of Tacloban 1/, 3/, a/, b/, c/","95% Confidence Interval (Lower Limit)","2023","11.6","","2026-08-03T13-49-16-ffb070b97929","https://openstat.psa.gov.ph/PXWeb/pxweb/en/DB/DB__1F__FY/0041F3DF02A.px"
"....City of Tacloban 1/, 3/, a/, b/, c/","95% Confidence Interval (Upper Limit)","2018","10.4","","2026-08-03T13-49-16-ffb070b97929","https://openstat.psa.gov.ph/PXWeb/pxweb/en/DB/DB__1F__FY/0041F3DF02A.px"
"....City of Tacloban 1/, 3/, a/, b/, c/","95% Confidence Interval (Upper Limit)","2021","19.2","","2026-08-03T13-49-16-ffb070b97929","https://openstat.psa.gov.ph/PXWeb/pxweb/en/DB/DB__1F__FY/0041F3DF02A.px"
"....City of Tacloban 1/, 3/, a/, b/, c/","95% Confidence Interval (Upper Limit)","2023","19.3","","2026-08-03T13-49-16-ffb070b97929","https://openstat.psa.gov.ph/PXWeb/pxweb/en/DB/DB__1F__FY/0041F3DF02A.px"
"....Northern Samar 1/","Annual Per Capita Poverty Threshold (in PhP)","2018","25970.61","","2026-08-03T13-49-16-ffb070b97929","https://openstat.psa.gov.ph/PXWeb/pxweb/en/DB/DB__1F__FY/0041F3DF02A.px"
"....Northern Samar 1/","Annual Per Capita Poverty Threshold (in PhP)","2021","26571.81","","2026-08-03T13-49-16-ffb070b97929","https://openstat.psa.gov.ph/PXWeb/pxweb/en/DB/DB__1F__FY/0041F3DF02A.px"
"....Northern Samar 1/","Annual Per Capita Poverty Threshold (in PhP)","2023","33471.69","","2026-08-03T13-49-16-ffb070b97929","https://openstat.psa.gov.ph/PXWeb/pxweb/en/DB/DB__1F__FY/0041F3DF02A.px"
"....Northern Samar 1/","Poverty Incidence among Population (%)","2018","34.3","","2026-08-03T13-49-16-ffb070b97929","https://openstat.psa.gov.ph/PXWeb/pxweb/en/DB/DB__1F__FY/0041F3DF02A.px"
"....Northern Samar 1/","Poverty Incidence among Population (%)","2021","25.9","","2026-08-03T13-49-16-ffb070b97929","https://openstat.psa.gov.ph/PXWeb/pxweb/en/DB/DB__1F__FY/0041F3DF02A.px"
"....Northern Samar 1/","Poverty Incidence among Population (%)","2023","29.2","","2026-08-03T13-49-16-ffb070b97929","https://openstat.psa.gov.ph/PXWeb/pxweb/en/DB/DB__1F__FY/0041F3DF02A.px"
"....Northern Samar 1/","Coefficient of Variation","2018","6.7","","2026-08-03T13-49-16-ffb070b97929","https://openstat.psa.gov.ph/PXWeb/pxweb/en/DB/DB__1F__FY/0041F3DF02A.px"
"....Northern Samar 1/","Coefficient of Variation","2021","7.9","","2026-08-03T13-49-16-ffb070b97929","https://openstat.psa.gov.ph/PXWeb/pxweb/en/DB/DB__1F__FY/0041F3DF02A.px"
"....Northern Samar 1/","Coefficient of Variation","2023","7.9","","2026-08-03T13-49-16-ffb070b97929","https://openstat.psa.gov.ph/PXWeb/pxweb/en/DB/DB__1F__FY/0041F3DF02A.px"
"....Northern Samar 1/","Standard Error","2018","2.3","","2026-08-03T13-49-16-ffb070b97929","https://openstat.psa.gov.ph/PXWeb/pxweb/en/DB/DB__1F__FY/0041F3DF02A.px"
"....Northern Samar 1/","Standard Error","2021","2","","2026-08-03T13-49-16-ffb070b97929","https://openstat.psa.gov.ph/PXWeb/pxweb/en/DB/DB__1F__FY/0041F3DF02A.px"
"....Northern Samar 1/","Standard Error","2023","2.3","","2026-08-03T13-49-16-ffb070b97929","https://openstat.psa.gov.ph/PXWeb/pxweb/en/DB/DB__1F__FY/0041F3DF02A.px"
"....Northern Samar 1/","95% Confidence Interval (Lower Limit)","2018","29.7","","2026-08-03T13-49-16-ffb070b97929","https://openstat.psa.gov.ph/PXWeb/pxweb/en/DB/DB__1F__FY/0041F3DF02A.px"
"....Northern Samar 1/","95% Confidence Interval (Lower Limit)","2021","21.9","","2026-08-03T13-49-16-ffb070b97929","https://openstat.psa.gov.ph/PXWeb/pxweb/en/DB/DB__1F__FY/0041F3DF02A.px"
"....Northern Samar 1/","95% Confidence Interval (Lower Limit)","2023","24.7","","2026-08-03T13-49-16-ffb070b97929","https://openstat.psa.gov.ph/PXWeb/pxweb/en/DB/DB__1F__FY/0041F3DF02A.px"
"....Northern Samar 1/","95% Confidence Interval (Upper Limit)","2018","38.8","","2026-08-03T13-49-16-ffb070b97929","https://openstat.psa.gov.ph/PXWeb/pxweb/en/DB/DB__1F__FY/0041F3DF02A.px"
"....Northern Samar 1/","95% Confidence Interval (Upper Limit)","2021","29.9","","2026-08-03T13-49-16-ffb070b97929","https://openstat.psa.gov.ph/PXWeb/pxweb/en/DB/DB__1F__FY/0041F3DF02A.px"
"....Northern Samar 1/","95% Confidence Interval (Upper Limit)","2023","33.7","","2026-08-03T13-49-16-ffb070b97929","https://openstat.psa.gov.ph/PXWeb/pxweb/en/DB/DB__1F__FY/0041F3DF02A.px"
"....Southern Leyte 2/, 3/, c/","Annual Per Capita Poverty Threshold (in PhP)","2018","25755.82","","2026-08-03T13-49-16-ffb070b97929","https://openstat.psa.gov.ph/PXWeb/pxweb/en/DB/DB__1F__FY/0041F3DF02A.px"
"....Southern Leyte 2/, 3/, c/","Annual Per Capita Poverty Threshold (in PhP)","2021","28799.17","","2026-08-03T13-49-16-ffb070b97929","https://openstat.psa.gov.ph/PXWeb/pxweb/en/DB/DB__1F__FY/0041F3DF02A.px"
"....Southern Leyte 2/, 3/, c/","Annual Per Capita Poverty Threshold (in PhP)","2023","31448.67","","2026-08-03T13-49-16-ffb070b97929","https://openstat.psa.gov.ph/PXWeb/pxweb/en/DB/DB__1F__FY/0041F3DF02A.px"
"....Southern Leyte 2/, 3/, c/","Poverty Incidence among Population (%)","2018","23.7","","2026-08-03T13-49-16-ffb070b97929","https://openstat.psa.gov.ph/PXWeb/pxweb/en/DB/DB__1F__FY/0041F3DF02A.px"
"....Southern Leyte 2/, 3/, c/","Poverty Incidence among Population (%)","2021","21.5","","2026-08-03T13-49-16-ffb070b97929","https://openstat.psa.gov.ph/PXWeb/pxweb/en/DB/DB__1F__FY/0041F3DF02A.px"
"....Southern Leyte 2/, 3/, c/","Poverty Incidence among Population (%)","2023","11.9","","2026-08-03T13-49-16-ffb070b97929","https://openstat.psa.gov.ph/PXWeb/pxweb/en/DB/DB__1F__FY/0041F3DF02A.px"
"....Southern Leyte 2/, 3/, c/","Coefficient of Variation","2018","8.3","","2026-08-03T13-49-16-ffb070b97929","https://openstat.psa.gov.ph/PXWeb/pxweb/en/DB/DB__1F__FY/0041F3DF02A.px"
"....Southern Leyte 2/, 3/, c/","Coefficient of Variation","2021","8.1","","2026-08-03T13-49-16-ffb070b97929","https://openstat.psa.gov.ph/PXWeb/pxweb/en/DB/DB__1F__FY/0041F3DF02A.px"
"....Southern Leyte 2/, 3/, c/","Coefficient of Variation","2023","11.9","","2026-08-03T13-49-16-ffb070b97929","https://openstat.psa.gov.ph/PXWeb/pxweb/en/DB/DB__1F__FY/0041F3DF02A.px"
"....Southern Leyte 2/, 3/, c/","Standard Error","2018","2","","2026-08-03T13-49-16-ffb070b97929","https://openstat.psa.gov.ph/PXWeb/pxweb/en/DB/DB__1F__FY/0041F3DF02A.px"
"....Southern Leyte 2/, 3/, c/","Standard Error","2021","1.7","","2026-08-03T13-49-16-ffb070b97929","https://openstat.psa.gov.ph/PXWeb/pxweb/en/DB/DB__1F__FY/0041F3DF02A.px"
"....Southern Leyte 2/, 3/, c/","Standard Error","2023","1.4","","2026-08-03T13-49-16-ffb070b97929","https://openstat.psa.gov.ph/PXWeb/pxweb/en/DB/DB__1F__FY/0041F3DF02A.px"
"....Southern Leyte 2/, 3/, c/","95% Confidence Interval (Lower Limit)","2018","19.8","","2026-08-03T13-49-16-ffb070b97929","https://openstat.psa.gov.ph/PXWeb/pxweb/en/DB/DB__1F__FY/0041F3DF02A.px"
"....Southern Leyte 2/, 3/, c/","95% Confidence Interval (Lower Limit)","2021","18.1","","2026-08-03T13-49-16-ffb070b97929","https://openstat.psa.gov.ph/PXWeb/pxweb/en/DB/DB__1F__FY/0041F3DF02A.px"
"....Southern Leyte 2/, 3/, c/","95% Confidence Interval (Lower Limit)","2023","9.1","","2026-08-03T13-49-16-ffb070b97929","https://openstat.psa.gov.ph/PXWeb/pxweb/en/DB/DB__1F__FY/0041F3DF02A.px"
"....Southern Leyte 2/, 3/, c/","95% Confidence Interval (Upper Limit)","2018","27.6","","2026-08-03T13-49-16-ffb070b97929","https://openstat.psa.gov.ph/PXWeb/pxweb/en/DB/DB__1F__FY/0041F3DF02A.px"
"....Southern Leyte 2/, 3/, c/","95% Confidence Interval (Upper Limit)","2021","24.9","","2026-08-03T13-49-16-ffb070b97929","https://openstat.psa.gov.ph/PXWeb/pxweb/en/DB/DB__1F__FY/0041F3DF02A.px"
"....Southern Leyte 2/, 3/, c/","95% Confidence Interval (Upper Limit)","2023","14.7","","2026-08-03T13-49-16-ffb070b97929","https://openstat.psa.gov.ph/PXWeb/pxweb/en/DB/DB__1F__FY/0041F3DF02A.px"
"....Samar","Annual Per Capita Poverty Threshold (in PhP)","2018","23130.58","","2026-08-03T13-49-16-ffb070b97929","https://openstat.psa.gov.ph/PXWeb/pxweb/en/DB/DB__1F__FY/0041F3DF02A.px"
"....Samar","Annual Per Capita Poverty Threshold (in PhP)","2021","25259.49","","2026-08-03T13-49-16-ffb070b97929","https://openstat.psa.gov.ph/PXWeb/pxweb/en/DB/DB__1F__FY/0041F3DF02A.px"
"....Samar","Annual Per Capita Poverty Threshold (in PhP)","2023","29039.13","","2026-08-03T13-49-16-ffb070b97929","https://openstat.psa.gov.ph/PXWeb/pxweb/en/DB/DB__1F__FY/0041F3DF02A.px"
"....Samar","Poverty Incidence among Population (%)","2018","29.2","","2026-08-03T13-49-16-ffb070b97929","https://openstat.psa.gov.ph/PXWeb/pxweb/en/DB/DB__1F__FY/0041F3DF02A.px"
"....Samar","Poverty Incidence among Population (%)","2021","33.9","","2026-08-03T13-49-16-ffb070b97929","https://openstat.psa.gov.ph/PXWeb/pxweb/en/DB/DB__1F__FY/0041F3DF02A.px"
"....Samar","Poverty Incidence among Population (%)","2023","32.3","","2026-08-03T13-49-16-ffb070b97929","https://openstat.psa.gov.ph/PXWeb/pxweb/en/DB/DB__1F__FY/0041F3DF02A.px"
"....Samar","Coefficient of Variation","2018","8.5","","2026-08-03T13-49-16-ffb070b97929","https://openstat.psa.gov.ph/PXWeb/pxweb/en/DB/DB__1F__FY/0041F3DF02A.px"
"....Samar","Coefficient of Variation","2021","6.9","","2026-08-03T13-49-16-ffb070b97929","https://openstat.psa.gov.ph/PXWeb/pxweb/en/DB/DB__1F__FY/0041F3DF02A.px"
"....Samar","Coefficient of Variation","2023","6.9","","2026-08-03T13-49-16-ffb070b97929","https://openstat.psa.gov.ph/PXWeb/pxweb/en/DB/DB__1F__FY/0041F3DF02A.px"
"....Samar","Standard Error","2018","2.5","","2026-08-03T13-49-16-ffb070b97929","https://openstat.psa.gov.ph/PXWeb/pxweb/en/DB/DB__1F__FY/0041F3DF02A.px"
"....Samar","Standard Error","2021","2.3","","2026-08-03T13-49-16-ffb070b97929","https://openstat.psa.gov.ph/PXWeb/pxweb/en/DB/DB__1F__FY/0041F3DF02A.px"
"....Samar","Standard Error","2023","2.2","","2026-08-03T13-49-16-ffb070b97929","https://openstat.psa.gov.ph/PXWeb/pxweb/en/DB/DB__1F__FY/0041F3DF02A.px"
"....Samar","95% Confidence Interval (Lower Limit)","2018","24.4","","2026-08-03T13-49-16-ffb070b97929","https://openstat.psa.gov.ph/PXWeb/pxweb/en/DB/DB__1F__FY/0041F3DF02A.px"
"....Samar","95% Confidence Interval (Lower Limit)","2021","29.3","","2026-08-03T13-49-16-ffb070b97929","https://openstat.psa.gov.ph/PXWeb/pxweb/en/DB/DB__1F__FY/0041F3DF02A.px"
"....Samar","95% Confidence Interval (Lower Limit)","2023","28","","2026-08-03T13-49-16-ffb070b97929","https://openstat.psa.gov.ph/PXWeb/pxweb/en/DB/DB__1F__FY/0041F3DF02A.px"
"....Samar","95% Confidence Interval (Upper Limit)","2018","34.1","","2026-08-03T13-49-16-ffb070b97929","https://openstat.psa.gov.ph/PXWeb/pxweb/en/DB/DB__1F__FY/0041F3DF02A.px"
"....Samar","95% Confidence Interval (Upper Limit)","2021","38.4","","2026-08-03T13-49-16-ffb070b97929","https://openstat.psa.gov.ph/PXWeb/pxweb/en/DB/DB__1F__FY/0041F3DF02A.px"
"....Samar","95% Confidence Interval (Upper Limit)","2023","36.7","","2026-08-03T13-49-16-ffb070b97929","https://openstat.psa.gov.ph/PXWeb/pxweb/en/DB/DB__1F__FY/0041F3DF02A.px"
"..Region IX (Zamboanga Peninsula)","Annual Per Capita Poverty Threshold (in PhP)","2018","25649.6","","2026-08-03T13-49-16-ffb070b97929","https://openstat.psa.gov.ph/PXWeb/pxweb/en/DB/DB__1F__FY/0041F3DF02A.px"
"..Region IX (Zamboanga Peninsula)","Annual Per Capita Poverty Threshold (in PhP)","2021","28739.16","","2026-08-03T13-49-16-ffb070b97929","https://openstat.psa.gov.ph/PXWeb/pxweb/en/DB/DB__1F__FY/0041F3DF02A.px"
"..Region IX (Zamboanga Peninsula)","Annual Per Capita Poverty Threshold (in PhP)","2023","33353.49","","2026-08-03T13-49-16-ffb070b97929","https://openstat.psa.gov.ph/PXWeb/pxweb/en/DB/DB__1F__FY/0041F3DF02A.px"
"..Region IX (Zamboanga Peninsula)","Poverty Incidence among Population (%)","2018","32.7","","2026-08-03T13-49-16-ffb070b97929","https://openstat.psa.gov.ph/PXWeb/pxweb/en/DB/DB__1F__FY/0041F3DF02A.px"
"..Region IX (Zamboanga Peninsula)","Poverty Incidence among Population (%)","2021","30.1","","2026-08-03T13-49-16-ffb070b97929","https://openstat.psa.gov.ph/PXWeb/pxweb/en/DB/DB__1F__FY/0041F3DF02A.px"
"..Region IX (Zamboanga Peninsula)","Poverty Incidence among Population (%)","2023","31.7","","2026-08-03T13-49-16-ffb070b97929","https://openstat.psa.gov.ph/PXWeb/pxweb/en/DB/DB__1F__FY/0041F3DF02A.px"
"..Region IX (Zamboanga Peninsula)","Coefficient of Variation","2018","3.9","","2026-08-03T13-49-16-ffb070b97929","https://openstat.psa.gov.ph/PXWeb/pxweb/en/DB/DB__1F__FY/0041F3DF02A.px"
"..Region IX (Zamboanga Peninsula)","Coefficient of Variation","2021","4","","2026-08-03T13-49-16-ffb070b97929","https://openstat.psa.gov.ph/PXWeb/pxweb/en/DB/DB__1F__FY/0041F3DF02A.px"
"..Region IX (Zamboanga Peninsula)","Coefficient of Variation","2023","4","","2026-08-03T13-49-16-ffb070b97929","https://openstat.psa.gov.ph/PXWeb/pxweb/en/DB/DB__1F__FY/0041F3DF02A.px"
"..Region IX (Zamboanga Peninsula)","Standard Error","2018","1.3","","2026-08-03T13-49-16-ffb070b97929","https://openstat.psa.gov.ph/PXWeb/pxweb/en/DB/DB__1F__FY/0041F3DF02A.px"
"..Region IX (Zamboanga Peninsula)","Standard Error","2021","1.2","","2026-08-03T13-49-16-ffb070b97929","https://openstat.psa.gov.ph/PXWeb/pxweb/en/DB/DB__1F__FY/0041F3DF02A.px"
"..Region IX (Zamboanga Peninsula)","Standard Error","2023","1.3","","2026-08-03T13-49-16-ffb070b97929","https://openstat.psa.gov.ph/PXWeb/pxweb/en/DB/DB__1F__FY/0041F3DF02A.px"
"..Region IX (Zamboanga Peninsula)","95% Confidence Interval (Lower Limit)","2018","30.2","","2026-08-03T13-49-16-ffb070b97929","https://openstat.psa.gov.ph/PXWeb/pxweb/en/DB/DB__1F__FY/0041F3DF02A.px"
"..Region IX (Zamboanga Peninsula)","95% Confidence Interval (Lower Limit)","2021","27.7","","2026-08-03T13-49-16-ffb070b97929","https://openstat.psa.gov.ph/PXWeb/pxweb/en/DB/DB__1F__FY/0041F3DF02A.px"
"..Region IX (Zamboanga Peninsula)","95% Confidence Interval (Lower Limit)","2023","29.2","","2026-08-03T13-49-16-ffb070b97929","https://openstat.psa.gov.ph/PXWeb/pxweb/en/DB/DB__1F__FY/0041F3DF02A.px"
"..Region IX (Zamboanga Peninsula)","95% Confidence Interval (Upper Limit)","2018","35.2","","2026-08-03T13-49-16-ffb070b97929","https://openstat.psa.gov.ph/PXWeb/pxweb/en/DB/DB__1F__FY/0041F3DF02A.px"
"..Region IX (Zamboanga Peninsula)","95% Confidence Interval (Upper Limit)","2021","32.4","","2026-08-03T13-49-16-ffb070b97929","https://openstat.psa.gov.ph/PXWeb/pxweb/en/DB/DB__1F__FY/0041F3DF02A.px"
"..Region IX (Zamboanga Peninsula)","95% Confidence Interval (Upper Limit)","2023","34.1","","2026-08-03T13-49-16-ffb070b97929","https://openstat.psa.gov.ph/PXWeb/pxweb/en/DB/DB__1F__FY/0041F3DF02A.px"
"....Zamboanga del Norte","Annual Per Capita Poverty Threshold (in PhP)","2018","28522.7","","2026-08-03T13-49-16-ffb070b97929","https://openstat.psa.gov.ph/PXWeb/pxweb/en/DB/DB__1F__FY/0041F3DF02A.px"
"....Zamboanga del Norte","Annual Per Capita Poverty Threshold (in PhP)","2021","33799.13","","2026-08-03T13-49-16-ffb070b97929","https://openstat.psa.gov.ph/PXWeb/pxweb/en/DB/DB__1F__FY/0041F3DF02A.px"
"....Zamboanga del Norte","Annual Per Capita Poverty Threshold (in PhP)","2023","37169.25","","2026-08-03T13-49-16-ffb070b97929","https://openstat.psa.gov.ph/PXWeb/pxweb/en/DB/DB__1F__FY/0041F3DF02A.px"
"....Zamboanga del Norte","Poverty Incidence among Population (%)","2018","45.4","","2026-08-03T13-49-16-ffb070b97929","https://openstat.psa.gov.ph/PXWeb/pxweb/en/DB/DB__1F__FY/0041F3DF02A.px"
"....Zamboanga del Norte","Poverty Incidence among Population (%)","2021","50.8","","2026-08-03T13-49-16-ffb070b97929","https://openstat.psa.gov.ph/PXWeb/pxweb/en/DB/DB__1F__FY/0041F3DF02A.px"
"....Zamboanga del Norte","Poverty Incidence among Population (%)","2023","47.6","","2026-08-03T13-49-16-ffb070b97929","https://openstat.psa.gov.ph/PXWeb/pxweb/en/DB/DB__1F__FY/0041F3DF02A.px"
"....Zamboanga del Norte","Coefficient of Variation","2018","6.5","","2026-08-03T13-49-16-ffb070b97929","https://openstat.psa.gov.ph/PXWeb/pxweb/en/DB/DB__1F__FY/0041F3DF02A.px"
"....Zamboanga del Norte","Coefficient of Variation","2021","5.3","","2026-08-03T13-49-16-ffb070b97929","https://openstat.psa.gov.ph/PXWeb/pxweb/en/DB/DB__1F__FY/0041F3DF02A.px"
"....Zamboanga del Norte","Coefficient of Variation","2023","6.1","","2026-08-03T13-49-16-ffb070b97929","https://openstat.psa.gov.ph/PXWeb/pxweb/en/DB/DB__1F__FY/0041F3DF02A.px"
"....Zamboanga del Norte","Standard Error","2018","3","","2026-08-03T13-49-16-ffb070b97929","https://openstat.psa.gov.ph/PXWeb/pxweb/en/DB/DB__1F__FY/0041F3DF02A.px"
"....Zamboanga del Norte","Standard Error","2021","2.7","","2026-08-03T13-49-16-ffb070b97929","https://openstat.psa.gov.ph/PXWeb/pxweb/en/DB/DB__1F__FY/0041F3DF02A.px"
"....Zamboanga del Norte","Standard Error","2023","2.9","","2026-08-03T13-49-16-ffb070b97929","https://openstat.psa.gov.ph/PXWeb/pxweb/en/DB/DB__1F__FY/0041F3DF02A.px"
"....Zamboanga del Norte","95% Confidence Interval (Lower Limit)","2018","39.6","","2026-08-03T13-49-16-ffb070b97929","https://openstat.psa.gov.ph/PXWeb/pxweb/en/DB/DB__1F__FY/0041F3DF02A.px"
"....Zamboanga del Norte","95% Confidence Interval (Lower Limit)","2021","45.5","","2026-08-03T13-49-16-ffb070b97929","https://openstat.psa.gov.ph/PXWeb/pxweb/en/DB/DB__1F__FY/0041F3DF02A.px"
"....Zamboanga del Norte","95% Confidence Interval (Lower Limit)","2023","42","","2026-08-03T13-49-16-ffb070b97929","https://openstat.psa.gov.ph/PXWeb/pxweb/en/DB/DB__1F__FY/0041F3DF02A.px"
"....Zamboanga del Norte","95% Confidence Interval (Upper Limit)","2018","51.2","","2026-08-03T13-49-16-ffb070b97929","https://openstat.psa.gov.ph/PXWeb/pxweb/en/DB/DB__1F__FY/0041F3DF02A.px"
"....Zamboanga del Norte","95% Confidence Interval (Upper Limit)","2021","56","","2026-08-03T13-49-16-ffb070b97929","https://openstat.psa.gov.ph/PXWeb/pxweb/en/DB/DB__1F__FY/0041F3DF02A.px"
"....Zamboanga del Norte","95% Confidence Interval (Upper Limit)","2023","53.3","","2026-08-03T13-49-16-ffb070b97929","https://openstat.psa.gov.ph/PXWeb/pxweb/en/DB/DB__1F__FY/0041F3DF02A.px"
"....Zamboanga del Sur (w/o the City of Zamboanga) 2/","Annual Per Capita Poverty Threshold (in PhP)","2018","23761.06","","2026-08-03T13-49-16-ffb070b97929","https://openstat.psa.gov.ph/PXWeb/pxweb/en/DB/DB__1F__FY/0041F3DF02A.px"
"....Zamboanga del Sur (w/o the City of Zamboanga) 2/","Annual Per Capita Poverty Threshold (in PhP)","2021","23934.55","","2026-08-03T13-49-16-ffb070b97929","https://openstat.psa.gov.ph/PXWeb/pxweb/en/DB/DB__1F__FY/0041F3DF02A.px"
"....Zamboanga del Sur (w/o the City of Zamboanga) 2/","Annual Per Capita Poverty Threshold (in PhP)","2023","31801.37","","2026-08-03T13-49-16-ffb070b97929","https://openstat.psa.gov.ph/PXWeb/pxweb/en/DB/DB__1F__FY/0041F3DF02A.px"
"....Zamboanga del Sur (w/o the City of Zamboanga) 2/","Poverty Incidence among Population (%)","2018","35.5","","2026-08-03T13-49-16-ffb070b97929","https://openstat.psa.gov.ph/PXWeb/pxweb/en/DB/DB__1F__FY/0041F3DF02A.px"
"....Zamboanga del Sur (w/o the City of Zamboanga) 2/","Poverty Incidence among Population (%)","2021","29.1","","2026-08-03T13-49-16-ffb070b97929","https://openstat.psa.gov.ph/PXWeb/pxweb/en/DB/DB__1F__FY/0041F3DF02A.px"
"....Zamboanga del Sur (w/o the City of Zamboanga) 2/","Poverty Incidence among Population (%)","2023","40.1","","2026-08-03T13-49-16-ffb070b97929","https://openstat.psa.gov.ph/PXWeb/pxweb/en/DB/DB__1F__FY/0041F3DF02A.px"
"....Zamboanga del Sur (w/o the City of Zamboanga) 2/","Coefficient of Variation","2018","7.8","","2026-08-03T13-49-16-ffb070b97929","https://openstat.psa.gov.ph/PXWeb/pxweb/en/DB/DB__1F__FY/0041F3DF02A.px"
"....Zamboanga del Sur (w/o the City of Zamboanga) 2/","Coefficient of Variation","2021","9","","2026-08-03T13-49-16-ffb070b97929","https://openstat.psa.gov.ph/PXWeb/pxweb/en/DB/DB__1F__FY/0041F3DF02A.px"
"....Zamboanga del Sur (w/o the City of Zamboanga) 2/","Coefficient of Variation","2023","6.7","","2026-08-03T13-49-16-ffb070b97929","https://openstat.psa.gov.ph/PXWeb/pxweb/en/DB/DB__1F__FY/0041F3DF02A.px"
"....Zamboanga del Sur (w/o the City of Zamboanga) 2/","Standard Error","2018","2.8","","2026-08-03T13-49-16-ffb070b97929","https://openstat.psa.gov.ph/PXWeb/pxweb/en/DB/DB__1F__FY/0041F3DF02A.px"
"....Zamboanga del Sur (w/o the City of Zamboanga) 2/","Standard Error","2021","2.6","","2026-08-03T13-49-16-ffb070b97929","https://openstat.psa.gov.ph/PXWeb/pxweb/en/DB/DB__1F__FY/0041F3DF02A.px"
"....Zamboanga del Sur (w/o the City of Zamboanga) 2/","Standard Error","2023","2.7","","2026-08-03T13-49-16-ffb070b97929","https://openstat.psa.gov.ph/PXWeb/pxweb/en/DB/DB__1F__FY/0041F3DF02A.px"
"....Zamboanga del Sur (w/o the City of Zamboanga) 2/","95% Confidence Interval (Lower Limit)","2018","30.1","","2026-08-03T13-49-16-ffb070b97929","https://openstat.psa.gov.ph/PXWeb/pxweb/en/DB/DB__1F__FY/0041F3DF02A.px"
"....Zamboanga del Sur (w/o the City of Zamboanga) 2/","95% Confidence Interval (Lower Limit)","2021","24","","2026-08-03T13-49-16-ffb070b97929","https://openstat.psa.gov.ph/PXWeb/pxweb/en/DB/DB__1F__FY/0041F3DF02A.px"
"....Zamboanga del Sur (w/o the City of Zamboanga) 2/","95% Confidence Interval (Lower Limit)","2023","34.9","","2026-08-03T13-49-16-ffb070b97929","https://openstat.psa.gov.ph/PXWeb/pxweb/en/DB/DB__1F__FY/0041F3DF02A.px"
"....Zamboanga del Sur (w/o the City of Zamboanga) 2/","95% Confidence Interval (Upper Limit)","2018","41","","2026-08-03T13-49-16-ffb070b97929","https://openstat.psa.gov.ph/PXWeb/pxweb/en/DB/DB__1F__FY/0041F3DF02A.px"
"....Zamboanga del Sur (w/o the City of Zamboanga) 2/","95% Confidence Interval (Upper Limit)","2021","34.3","","2026-08-03T13-49-16-ffb070b97929","https://openstat.psa.gov.ph/PXWeb/pxweb/en/DB/DB__1F__FY/0041F3DF02A.px"
"....Zamboanga del Sur (w/o the City of Zamboanga) 2/","95% Confidence Interval (Upper Limit)","2023","45.4","","2026-08-03T13-49-16-ffb070b97929","https://openstat.psa.gov.ph/PXWeb/pxweb/en/DB/DB__1F__FY/0041F3DF02A.px"
"....City of Zamboanga 1/, 2/, a/, b/, c/","Annual Per Capita Poverty Threshold (in PhP)","2018","24827.53","","2026-08-03T13-49-16-ffb070b97929","https://openstat.psa.gov.ph/PXWeb/pxweb/en/DB/DB__1F__FY/0041F3DF02A.px"
"....City of Zamboanga 1/, 2/, a/, b/, c/","Annual Per Capita Poverty Threshold (in PhP)","2021","24856.09","","2026-08-03T13-49-16-ffb070b97929","https://openstat.psa.gov.ph/PXWeb/pxweb/en/DB/DB__1F__FY/0041F3DF02A.px"
"....City of Zamboanga 1/, 2/, a/, b/, c/","Annual Per Capita Poverty Threshold (in PhP)","2023","32876.4","","2026-08-03T13-49-16-ffb070b97929","https://openstat.psa.gov.ph/PXWeb/pxweb/en/DB/DB__1F__FY/0041F3DF02A.px"
"....City of Zamboanga 1/, 2/, a/, b/, c/","Poverty Incidence among Population (%)","2018","10.2","","2026-08-03T13-49-16-ffb070b97929","https://openstat.psa.gov.ph/PXWeb/pxweb/en/DB/DB__1F__FY/0041F3DF02A.px"
"....City of Zamboanga 1/, 2/, a/, b/, c/","Poverty Incidence among Population (%)","2021","5.6","","2026-08-03T13-49-16-ffb070b97929","https://openstat.psa.gov.ph/PXWeb/pxweb/en/DB/DB__1F__FY/0041F3DF02A.px"
"....City of Zamboanga 1/, 2/, a/, b/, c/","Poverty Incidence among Population (%)","2023","11.1","","2026-08-03T13-49-16-ffb070b97929","https://openstat.psa.gov.ph/PXWeb/pxweb/en/DB/DB__1F__FY/0041F3DF02A.px"
"....City of Zamboanga 1/, 2/, a/, b/, c/","Coefficient of Variation","2018","12.2","","2026-08-03T13-49-16-ffb070b97929","https://openstat.psa.gov.ph/PXWeb/pxweb/en/DB/DB__1F__FY/0041F3DF02A.px"
"....City of Zamboanga 1/, 2/, a/, b/, c/","Coefficient of Variation","2021","16.2","","2026-08-03T13-49-16-ffb070b97929","https://openstat.psa.gov.ph/PXWeb/pxweb/en/DB/DB__1F__FY/0041F3DF02A.px"
"....City of Zamboanga 1/, 2/, a/, b/, c/","Coefficient of Variation","2023","16.6","","2026-08-03T13-49-16-ffb070b97929","https://openstat.psa.gov.ph/PXWeb/pxweb/en/DB/DB__1F__FY/0041F3DF02A.px"
"....City of Zamboanga 1/, 2/, a/, b/, c/","Standard Error","2018","1.2","","2026-08-03T13-49-16-ffb070b97929","https://openstat.psa.gov.ph/PXWeb/pxweb/en/DB/DB__1F__FY/0041F3DF02A.px"
"....City of Zamboanga 1/, 2/, a/, b/, c/","Standard Error","2021","0.9","","2026-08-03T13-49-16-ffb070b97929","https://openstat.psa.gov.ph/PXWeb/pxweb/en/DB/DB__1F__FY/0041F3DF02A.px"
"....City of Zamboanga 1/, 2/, a/, b/, c/","Standard Error","2023","1.8","","2026-08-03T13-49-16-ffb070b97929","https://openstat.psa.gov.ph/PXWeb/pxweb/en/DB/DB__1F__FY/0041F3DF02A.px"
"....City of Zamboanga 1/, 2/, a/, b/, c/","95% Confidence Interval (Lower Limit)","2018","7.8","","2026-08-03T13-49-16-ffb070b97929","https://openstat.psa.gov.ph/PXWeb/pxweb/en/DB/DB__1F__FY/0041F3DF02A.px"
"....City of Zamboanga 1/, 2/, a/, b/, c/","95% Confidence Interval (Lower Limit)","2021","3.8","","2026-08-03T13-49-16-ffb070b97929","https://openstat.psa.gov.ph/PXWeb/pxweb/en/DB/DB__1F__FY/0041F3DF02A.px"
"....City of Zamboanga 1/, 2/, a/, b/, c/","95% Confidence Interval (Lower Limit)","2023","7.5","","2026-08-03T13-49-16-ffb070b97929","https://openstat.psa.gov.ph/PXWeb/pxweb/en/DB/DB__1F__FY/0041F3DF02A.px"
"....City of Zamboanga 1/, 2/, a/, b/, c/","95% Confidence Interval (Upper Limit)","2018","12.7","","2026-08-03T13-49-16-ffb070b97929","https://openstat.psa.gov.ph/PXWeb/pxweb/en/DB/DB__1F__FY/0041F3DF02A.px"
"....City of Zamboanga 1/, 2/, a/, b/, c/","95% Confidence Interval (Upper Limit)","2021","7.4","","2026-08-03T13-49-16-ffb070b97929","https://openstat.psa.gov.ph/PXWeb/pxweb/en/DB/DB__1F__FY/0041F3DF02A.px"
"....City of Zamboanga 1/, 2/, a/, b/, c/","95% Confidence Interval (Upper Limit)","2023","14.7","","2026-08-03T13-49-16-ffb070b97929","https://openstat.psa.gov.ph/PXWeb/pxweb/en/DB/DB__1F__FY/0041F3DF02A.px"
"....Zamboanga Sibugay 2/, 3/","Annual Per Capita Poverty Threshold (in PhP)","2018","23054.16","","2026-08-03T13-49-16-ffb070b97929","https://openstat.psa.gov.ph/PXWeb/pxweb/en/DB/DB__1F__FY/0041F3DF02A.px"
"....Zamboanga Sibugay 2/, 3/","Annual Per Capita Poverty Threshold (in PhP)","2021","24707.65","","2026-08-03T13-49-16-ffb070b97929","https://openstat.psa.gov.ph/PXWeb/pxweb/en/DB/DB__1F__FY/0041F3DF02A.px"
"....Zamboanga Sibugay 2/, 3/","Annual Per Capita Poverty Threshold (in PhP)","2023","26557.31","","2026-08-03T13-49-16-ffb070b97929","https://openstat.psa.gov.ph/PXWeb/pxweb/en/DB/DB__1F__FY/0041F3DF02A.px"
"....Zamboanga Sibugay 2/, 3/","Poverty Incidence among Population (%)","2018","35.4","","2026-08-03T13-49-16-ffb070b97929","https://openstat.psa.gov.ph/PXWeb/pxweb/en/DB/DB__1F__FY/0041F3DF02A.px"
"....Zamboanga Sibugay 2/, 3/","Poverty Incidence among Population (%)","2021","34","","2026-08-03T13-49-16-ffb070b97929","https://openstat.psa.gov.ph/PXWeb/pxweb/en/DB/DB__1F__FY/0041F3DF02A.px"
"....Zamboanga Sibugay 2/, 3/","Poverty Incidence among Population (%)","2023","24.2","","2026-08-03T13-49-16-ffb070b97929","https://openstat.psa.gov.ph/PXWeb/pxweb/en/DB/DB__1F__FY/0041F3DF02A.px"
"....Zamboanga Sibugay 2/, 3/","Coefficient of Variation","2018","7.4","","2026-08-03T13-49-16-ffb070b97929","https://openstat.psa.gov.ph/PXWeb/pxweb/en/DB/DB__1F__FY/0041F3DF02A.px"
"....Zamboanga Sibugay 2/, 3/","Coefficient of Variation","2021","7.1","","2026-08-03T13-49-16-ffb070b97929","https://openstat.psa.gov.ph/PXWeb/pxweb/en/DB/DB__1F__FY/0041F3DF02A.px"
"....Zamboanga Sibugay 2/, 3/","Coefficient of Variation","2023","7.5","","2026-08-03T13-49-16-ffb070b97929","https://openstat.psa.gov.ph/PXWeb/pxweb/en/DB/DB__1F__FY/0041F3DF02A.px"
"....Zamboanga Sibugay 2/, 3/","Standard Error","2018","2.6","","2026-08-03T13-49-16-ffb070b97929","https://openstat.psa.gov.ph/PXWeb/pxweb/en/DB/DB__1F__FY/0041F3DF02A.px"
"....Zamboanga Sibugay 2/, 3/","Standard Error","2021","2.4","","2026-08-03T13-49-16-ffb070b97929","https://openstat.psa.gov.ph/PXWeb/pxweb/en/DB/DB__1F__FY/0041F3DF02A.px"
"....Zamboanga Sibugay 2/, 3/","Standard Error","2023","1.8","","2026-08-03T13-49-16-ffb070b97929","https://openstat.psa.gov.ph/PXWeb/pxweb/en/DB/DB__1F__FY/0041F3DF02A.px"
"....Zamboanga Sibugay 2/, 3/","95% Confidence Interval (Lower Limit)","2018","30.3","","2026-08-03T13-49-16-ffb070b97929","https://openstat.psa.gov.ph/PXWeb/pxweb/en/DB/DB__1F__FY/0041F3DF02A.px"
"....Zamboanga Sibugay 2/, 3/","95% Confidence Interval (Lower Limit)","2021","29.2","","2026-08-03T13-49-16-ffb070b97929","https://openstat.psa.gov.ph/PXWeb/pxweb/en/DB/DB__1F__FY/0041F3DF02A.px"
"....Zamboanga Sibugay 2/, 3/","95% Confidence Interval (Lower Limit)","2023","20.6","","2026-08-03T13-49-16-ffb070b97929","https://openstat.psa.gov.ph/PXWeb/pxweb/en/DB/DB__1F__FY/0041F3DF02A.px"
"....Zamboanga Sibugay 2/, 3/","95% Confidence Interval (Upper Limit)","2018","40.5","","2026-08-03T13-49-16-ffb070b97929","https://openstat.psa.gov.ph/PXWeb/pxweb/en/DB/DB__1F__FY/0041F3DF02A.px"
"....Zamboanga Sibugay 2/, 3/","95% Confidence Interval (Upper Limit)","2021","38.7","","2026-08-03T13-49-16-ffb070b97929","https://openstat.psa.gov.ph/PXWeb/pxweb/en/DB/DB__1F__FY/0041F3DF02A.px"
"....Zamboanga Sibugay 2/, 3/","95% Confidence Interval (Upper Limit)","2023","27.8","","2026-08-03T13-49-16-ffb070b97929","https://openstat.psa.gov.ph/PXWeb/pxweb/en/DB/DB__1F__FY/0041F3DF02A.px"
"....Isabela City 1/, 3/, b/, c/","Annual Per Capita Poverty Threshold (in PhP)","2018","25869.76","","2026-08-03T13-49-16-ffb070b97929","https://openstat.psa.gov.ph/PXWeb/pxweb/en/DB/DB__1F__FY/0041F3DF02A.px"
"....Isabela City 1/, 3/, b/, c/","Annual Per Capita Poverty Threshold (in PhP)","2021","23925.35","","2026-08-03T13-49-16-ffb070b97929","https://openstat.psa.gov.ph/PXWeb/pxweb/en/DB/DB__1F__FY/0041F3DF02A.px"
"....Isabela City 1/, 3/, b/, c/","Annual Per Capita Poverty Threshold (in PhP)","2023","29770.42","","2026-08-03T13-49-16-ffb070b97929","https://openstat.psa.gov.ph/PXWeb/pxweb/en/DB/DB__1F__FY/0041F3DF02A.px"
"....Isabela City 1/, 3/, b/, c/","Poverty Incidence among Population (%)","2018","51","","2026-08-03T13-49-16-ffb070b97929","https://openstat.psa.gov.ph/PXWeb/pxweb/en/DB/DB__1F__FY/0041F3DF02A.px"
"....Isabela City 1/, 3/, b/, c/","Poverty Incidence among Population (%)","2021","17.3","","2026-08-03T13-49-16-ffb070b97929","https://openstat.psa.gov.ph/PXWeb/pxweb/en/DB/DB__1F__FY/0041F3DF02A.px"
"....Isabela City 1/, 3/, b/, c/","Poverty Incidence among Population (%)","2023","16","","2026-08-03T13-49-16-ffb070b97929","https://openstat.psa.gov.ph/PXWeb/pxweb/en/DB/DB__1F__FY/0041F3DF02A.px"
"....Isabela City 1/, 3/, b/, c/","Coefficient of Variation","2018","7.3","","2026-08-03T13-49-16-ffb070b97929","https://openstat.psa.gov.ph/PXWeb/pxweb/en/DB/DB__1F__FY/0041F3DF02A.px"
"....Isabela City 1/, 3/, b/, c/","Coefficient of Variation","2021","14","","2026-08-03T13-49-16-ffb070b97929","https://openstat.psa.gov.ph/PXWeb/pxweb/en/DB/DB__1F__FY/0041F3DF02A.px"
"....Isabela City 1/, 3/, b/, c/","Coefficient of Variation","2023","17.7","","2026-08-03T13-49-16-ffb070b97929","https://openstat.psa.gov.ph/PXWeb/pxweb/en/DB/DB__1F__FY/0041F3DF02A.px"
"....Isabela City 1/, 3/, b/, c/","Standard Error","2018","3.7","","2026-08-03T13-49-16-ffb070b97929","https://openstat.psa.gov.ph/PXWeb/pxweb/en/DB/DB__1F__FY/0041F3DF02A.px"
"....Isabela City 1/, 3/, b/, c/","Standard Error","2021","2.4","","2026-08-03T13-49-16-ffb070b97929","https://openstat.psa.gov.ph/PXWeb/pxweb/en/DB/DB__1F__FY/0041F3DF02A.px"
"....Isabela City 1/, 3/, b/, c/","Standard Error","2023","2.8","","2026-08-03T13-49-16-ffb070b97929","https://openstat.psa.gov.ph/PXWeb/pxweb/en/DB/DB__1F__FY/0041F3DF02A.px"
"....Isabela City 1/, 3/, b/, c/","95% Confidence Interval (Lower Limit)","2018","43.7","","2026-08-03T13-49-16-ffb070b97929","https://openstat.psa.gov.ph/PXWeb/pxweb/en/DB/DB__1F__FY/0041F3DF02A.px"
"....Isabela City 1/, 3/, b/, c/","95% Confidence Interval (Lower Limit)","2021","12.6","","2026-08-03T13-49-16-ffb070b97929","https://openstat.psa.gov.ph/PXWeb/pxweb/en/DB/DB__1F__FY/0041F3DF02A.px"
"....Isabela City 1/, 3/, b/, c/","95% Confidence Interval (Lower Limit)","2023","10.5","","2026-08-03T13-49-16-ffb070b97929","https://openstat.psa.gov.ph/PXWeb/pxweb/en/DB/DB__1F__FY/0041F3DF02A.px"
"....Isabela City 1/, 3/, b/, c/","95% Confidence Interval (Upper Limit)","2018","58.4","","2026-08-03T13-49-16-ffb070b97929","https://openstat.psa.gov.ph/PXWeb/pxweb/en/DB/DB__1F__FY/0041F3DF02A.px"
"....Isabela City 1/, 3/, b/, c/","95% Confidence Interval (Upper Limit)","2021","22.1","","2026-08-03T13-49-16-ffb070b97929","https://openstat.psa.gov.ph/PXWeb/pxweb/en/DB/DB__1F__FY/0041F3DF02A.px"
"....Isabela City 1/, 3/, b/, c/","95% Confidence Interval (Upper Limit)","2023","21.6","","2026-08-03T13-49-16-ffb070b97929","https://openstat.psa.gov.ph/PXWeb/pxweb/en/DB/DB__1F__FY/0041F3DF02A.px"
"..Region X (Northern Mindanao) 1/","Annual Per Capita Poverty Threshold (in PhP)","2018","24835.02","","2026-08-03T13-49-16-ffb070b97929","https://openstat.psa.gov.ph/PXWeb/pxweb/en/DB/DB__1F__FY/0041F3DF02A.px"
"..Region X (Northern Mindanao) 1/","Annual Per Capita Poverty Threshold (in PhP)","2021","28836.25","","2026-08-03T13-49-16-ffb070b97929","https://openstat.psa.gov.ph/PXWeb/pxweb/en/DB/DB__1F__FY/0041F3DF02A.px"
"..Region X (Northern Mindanao) 1/","Annual Per Capita Poverty Threshold (in PhP)","2023","33513.44","","2026-08-03T13-49-16-ffb070b97929","https://openstat.psa.gov.ph/PXWeb/pxweb/en/DB/DB__1F__FY/0041F3DF02A.px"
"..Region X (Northern Mindanao) 1/","Poverty Incidence among Population (%)","2018","23.1","","2026-08-03T13-49-16-ffb070b97929","https://openstat.psa.gov.ph/PXWeb/pxweb/en/DB/DB__1F__FY/0041F3DF02A.px"
"..Region X (Northern Mindanao) 1/","Poverty Incidence among Population (%)","2021","26.1","","2026-08-03T13-49-16-ffb070b97929","https://openstat.psa.gov.ph/PXWeb/pxweb/en/DB/DB__1F__FY/0041F3DF02A.px"
"..Region X (Northern Mindanao) 1/","Poverty Incidence among Population (%)","2023","25.3","","2026-08-03T13-49-16-ffb070b97929","https://openstat.psa.gov.ph/PXWeb/pxweb/en/DB/DB__1F__FY/0041F3DF02A.px"
"..Region X (Northern Mindanao) 1/","Coefficient of Variation","2018","3.7","","2026-08-03T13-49-16-ffb070b97929","https://openstat.psa.gov.ph/PXWeb/pxweb/en/DB/DB__1F__FY/0041F3DF02A.px"
"..Region X (Northern Mindanao) 1/","Coefficient of Variation","2021","4.1","","2026-08-03T13-49-16-ffb070b97929","https://openstat.psa.gov.ph/PXWeb/pxweb/en/DB/DB__1F__FY/0041F3DF02A.px"
"..Region X (Northern Mindanao) 1/","Coefficient of Variation","2023","3.8","","2026-08-03T13-49-16-ffb070b97929","https://openstat.psa.gov.ph/PXWeb/pxweb/en/DB/DB__1F__FY/0041F3DF02A.px"
"..Region X (Northern Mindanao) 1/","Standard Error","2018","0.8","","2026-08-03T13-49-16-ffb070b97929","https://openstat.psa.gov.ph/PXWeb/pxweb/en/DB/DB__1F__FY/0041F3DF02A.px"
"..Region X (Northern Mindanao) 1/","Standard Error","2021","1.1","","2026-08-03T13-49-16-ffb070b97929","https://openstat.psa.gov.ph/PXWeb/pxweb/en/DB/DB__1F__FY/0041F3DF02A.px"
"..Region X (Northern Mindanao) 1/","Standard Error","2023","1","","2026-08-03T13-49-16-ffb070b97929","https://openstat.psa.gov.ph/PXWeb/pxweb/en/DB/DB__1F__FY/0041F3DF02A.px"
"..Region X (Northern Mindanao) 1/","95% Confidence Interval (Lower Limit)","2018","21.4","","2026-08-03T13-49-16-ffb070b97929","https://openstat.psa.gov.ph/PXWeb/pxweb/en/DB/DB__1F__FY/0041F3DF02A.px"
"..Region X (Northern Mindanao) 1/","95% Confidence Interval (Lower Limit)","2021","24","","2026-08-03T13-49-16-ffb070b97929","https://openstat.psa.gov.ph/PXWeb/pxweb/en/DB/DB__1F__FY/0041F3DF02A.px"
"..Region X (Northern Mindanao) 1/","95% Confidence Interval (Lower Limit)","2023","23.4","","2026-08-03T13-49-16-ffb070b97929","https://openstat.psa.gov.ph/PXWeb/pxweb/en/DB/DB__1F__FY/0041F3DF02A.px"
"..Region X (Northern Mindanao) 1/","95% Confidence Interval (Upper Limit)","2018","24.7","","2026-08-03T13-49-16-ffb070b97929","https://openstat.psa.gov.ph/PXWeb/pxweb/en/DB/DB__1F__FY/0041F3DF02A.px"
"..Region X (Northern Mindanao) 1/","95% Confidence Interval (Upper Limit)","2021","28.1","","2026-08-03T13-49-16-ffb070b97929","https://openstat.psa.gov.ph/PXWeb/pxweb/en/DB/DB__1F__FY/0041F3DF02A.px"
"..Region X (Northern Mindanao) 1/","95% Confidence Interval (Upper Limit)","2023","27.1","","2026-08-03T13-49-16-ffb070b97929","https://openstat.psa.gov.ph/PXWeb/pxweb/en/DB/DB__1F__FY/0041F3DF02A.px"
"....Bukidnon","Annual Per Capita Poverty Threshold (in PhP)","2018","25624.44","","2026-08-03T13-49-16-ffb070b97929","https://openstat.psa.gov.ph/PXWeb/pxweb/en/DB/DB__1F__FY/0041F3DF02A.px"
"....Bukidnon","Annual Per Capita Poverty Threshold (in PhP)","2021","29040.3","","2026-08-03T13-49-16-ffb070b97929","https://openstat.psa.gov.ph/PXWeb/pxweb/en/DB/DB__1F__FY/0041F3DF02A.px"
"....Bukidnon","Annual Per Capita Poverty Threshold (in PhP)","2023","32991.97","","2026-08-03T13-49-16-ffb070b97929","https://openstat.psa.gov.ph/PXWeb/pxweb/en/DB/DB__1F__FY/0041F3DF02A.px"
"....Bukidnon","Poverty Incidence among Population (%)","2018","27.6","","2026-08-03T13-49-16-ffb070b97929","https://openstat.psa.gov.ph/PXWeb/pxweb/en/DB/DB__1F__FY/0041F3DF02A.px"
"....Bukidnon","Poverty Incidence among Population (%)","2021","29.2","","2026-08-03T13-49-16-ffb070b97929","https://openstat.psa.gov.ph/PXWeb/pxweb/en/DB/DB__1F__FY/0041F3DF02A.px"
"....Bukidnon","Poverty Incidence among Population (%)","2023","27","","2026-08-03T13-49-16-ffb070b97929","https://openstat.psa.gov.ph/PXWeb/pxweb/en/DB/DB__1F__FY/0041F3DF02A.px"
"....Bukidnon","Coefficient of Variation","2018","7.1","","2026-08-03T13-49-16-ffb070b97929","https://openstat.psa.gov.ph/PXWeb/pxweb/en/DB/DB__1F__FY/0041F3DF02A.px"
"....Bukidnon","Coefficient of Variation","2021","8.5","","2026-08-03T13-49-16-ffb070b97929","https://openstat.psa.gov.ph/PXWeb/pxweb/en/DB/DB__1F__FY/0041F3DF02A.px"
"....Bukidnon","Coefficient of Variation","2023","8.2","","2026-08-03T13-49-16-ffb070b97929","https://openstat.psa.gov.ph/PXWeb/pxweb/en/DB/DB__1F__FY/0041F3DF02A.px"
"....Bukidnon","Standard Error","2018","2","","2026-08-03T13-49-16-ffb070b97929","https://openstat.psa.gov.ph/PXWeb/pxweb/en/DB/DB__1F__FY/0041F3DF02A.px"
"....Bukidnon","Standard Error","2021","2.5","","2026-08-03T13-49-16-ffb070b97929","https://openstat.psa.gov.ph/PXWeb/pxweb/en/DB/DB__1F__FY/0041F3DF02A.px"
"....Bukidnon","Standard Error","2023","2.2","","2026-08-03T13-49-16-ffb070b97929","https://openstat.psa.gov.ph/PXWeb/pxweb/en/DB/DB__1F__FY/0041F3DF02A.px"
"....Bukidnon","95% Confidence Interval (Lower Limit)","2018","23.7","","2026-08-03T13-49-16-ffb070b97929","https://openstat.psa.gov.ph/PXWeb/pxweb/en/DB/DB__1F__FY/0041F3DF02A.px"
"....Bukidnon","95% Confidence Interval (Lower Limit)","2021","24.3","","2026-08-03T13-49-16-ffb070b97929","https://openstat.psa.gov.ph/PXWeb/pxweb/en/DB/DB__1F__FY/0041F3DF02A.px"
"....Bukidnon","95% Confidence Interval (Lower Limit)","2023","22.7","","2026-08-03T13-49-16-ffb070b97929","https://openstat.psa.gov.ph/PXWeb/pxweb/en/DB/DB__1F__FY/0041F3DF02A.px"
"....Bukidnon","95% Confidence Interval (Upper Limit)","2018","31.4","","2026-08-03T13-49-16-ffb070b97929","https://openstat.psa.gov.ph/PXWeb/pxweb/en/DB/DB__1F__FY/0041F3DF02A.px"
"....Bukidnon","95% Confidence Interval (Upper Limit)","2021","34.1","","2026-08-03T13-49-16-ffb070b97929","https://openstat.psa.gov.ph/PXWeb/pxweb/en/DB/DB__1F__FY/0041F3DF02A.px"
"....Bukidnon","95% Confidence Interval (Upper Limit)","2023","31.4","","2026-08-03T13-49-16-ffb070b97929","https://openstat.psa.gov.ph/PXWeb/pxweb/en/DB/DB__1F__FY/0041F3DF02A.px"
"....Camiguin 2/, 3/, c/","Annual Per Capita Poverty Threshold (in PhP)","2018","26041.6","","2026-08-03T13-49-16-ffb070b97929","https://openstat.psa.gov.ph/PXWeb/pxweb/en/DB/DB__1F__FY/0041F3DF02A.px"
"....Camiguin 2/, 3/, c/","Annual Per Capita Poverty Threshold (in PhP)","2021","28514.23","","2026-08-03T13-49-16-ffb070b97929","https://openstat.psa.gov.ph/PXWeb/pxweb/en/DB/DB__1F__FY/0041F3DF02A.px"
"....Camiguin 2/, 3/, c/","Annual Per Capita Poverty Threshold (in PhP)","2023","32275.4","","2026-08-03T13-49-16-ffb070b97929","https://openstat.psa.gov.ph/PXWeb/pxweb/en/DB/DB__1F__FY/0041F3DF02A.px"
"....Camiguin 2/, 3/, c/","Poverty Incidence among Population (%)","2018","24.3","","2026-08-03T13-49-16-ffb070b97929","https://openstat.psa.gov.ph/PXWeb/pxweb/en/DB/DB__1F__FY/0041F3DF02A.px"
"....Camiguin 2/, 3/, c/","Poverty Incidence among Population (%)","2021","20.6","","2026-08-03T13-49-16-ffb070b97929","https://openstat.psa.gov.ph/PXWeb/pxweb/en/DB/DB__1F__FY/0041F3DF02A.px"
"....Camiguin 2/, 3/, c/","Poverty Incidence among Population (%)","2023","14.5","","2026-08-03T13-49-16-ffb070b97929","https://openstat.psa.gov.ph/PXWeb/pxweb/en/DB/DB__1F__FY/0041F3DF02A.px"
"....Camiguin 2/, 3/, c/","Coefficient of Variation","2018","9.5","","2026-08-03T13-49-16-ffb070b97929","https://openstat.psa.gov.ph/PXWeb/pxweb/en/DB/DB__1F__FY/0041F3DF02A.px"
"....Camiguin 2/, 3/, c/","Coefficient of Variation","2021","9.6","","2026-08-03T13-49-16-ffb070b97929","https://openstat.psa.gov.ph/PXWeb/pxweb/en/DB/DB__1F__FY/0041F3DF02A.px"
"....Camiguin 2/, 3/, c/","Coefficient of Variation","2023","13.7","","2026-08-03T13-49-16-ffb070b97929","https://openstat.psa.gov.ph/PXWeb/pxweb/en/DB/DB__1F__FY/0041F3DF02A.px"
"....Camiguin 2/, 3/, c/","Standard Error","2018","2.3","","2026-08-03T13-49-16-ffb070b97929","https://openstat.psa.gov.ph/PXWeb/pxweb/en/DB/DB__1F__FY/0041F3DF02A.px"
"....Camiguin 2/, 3/, c/","Standard Error","2021","2","","2026-08-03T13-49-16-ffb070b97929","https://openstat.psa.gov.ph/PXWeb/pxweb/en/DB/DB__1F__FY/0041F3DF02A.px"
"....Camiguin 2/, 3/, c/","Standard Error","2023","2","","2026-08-03T13-49-16-ffb070b97929","https://openstat.psa.gov.ph/PXWeb/pxweb/en/DB/DB__1F__FY/0041F3DF02A.px"
"....Camiguin 2/, 3/, c/","95% Confidence Interval (Lower Limit)","2018","19.8","","2026-08-03T13-49-16-ffb070b97929","https://openstat.psa.gov.ph/PXWeb/pxweb/en/DB/DB__1F__FY/0041F3DF02A.px"
"....Camiguin 2/, 3/, c/","95% Confidence Interval (Lower Limit)","2021","16.7","","2026-08-03T13-49-16-ffb070b97929","https://openstat.psa.gov.ph/PXWeb/pxweb/en/DB/DB__1F__FY/0041F3DF02A.px"
"....Camiguin 2/, 3/, c/","95% Confidence Interval (Lower Limit)","2023","10.6","","2026-08-03T13-49-16-ffb070b97929","https://openstat.psa.gov.ph/PXWeb/pxweb/en/DB/DB__1F__FY/0041F3DF02A.px"
"....Camiguin 2/, 3/, c/","95% Confidence Interval (Upper Limit)","2018","28.8","","2026-08-03T13-49-16-ffb070b97929","https://openstat.psa.gov.ph/PXWeb/pxweb/en/DB/DB__1F__FY/0041F3DF02A.px"
"....Camiguin 2/, 3/, c/","95% Confidence Interval (Upper Limit)","2021","24.5","","2026-08-03T13-49-16-ffb070b97929","https://openstat.psa.gov.ph/PXWeb/pxweb/en/DB/DB__1F__FY/0041F3DF02A.px"
"....Camiguin 2/, 3/, c/","95% Confidence Interval (Upper Limit)","2023","18.4","","2026-08-03T13-49-16-ffb070b97929","https://openstat.psa.gov.ph/PXWeb/pxweb/en/DB/DB__1F__FY/0041F3DF02A.px"
"....Lanao del Norte (w/o the City of Iligan) 1/, 3/","Annual Per Capita Poverty Threshold (in PhP)","2018","24315.21","","2026-08-03T13-49-16-ffb070b97929","https://openstat.psa.gov.ph/PXWeb/pxweb/en/DB/DB__1F__FY/0041F3DF02A.px"
"....Lanao del Norte (w/o the City of Iligan) 1/, 3/","Annual Per Capita Poverty Threshold (in PhP)","2021","28395.46","","2026-08-03T13-49-16-ffb070b97929","https://openstat.psa.gov.ph/PXWeb/pxweb/en/DB/DB__1F__FY/0041F3DF02A.px"
"....Lanao del Norte (w/o the City of Iligan) 1/, 3/","Annual Per Capita Poverty Threshold (in PhP)","2023","32734.33","","2026-08-03T13-49-16-ffb070b97929","https://openstat.psa.gov.ph/PXWeb/pxweb/en/DB/DB__1F__FY/0041F3DF02A.px"
"....Lanao del Norte (w/o the City of Iligan) 1/, 3/","Poverty Incidence among Population (%)","2018","30.8","","2026-08-03T13-49-16-ffb070b97929","https://openstat.psa.gov.ph/PXWeb/pxweb/en/DB/DB__1F__FY/0041F3DF02A.px"
"....Lanao del Norte (w/o the City of Iligan) 1/, 3/","Poverty Incidence among Population (%)","2021","42.9","","2026-08-03T13-49-16-ffb070b97929","https://openstat.psa.gov.ph/PXWeb/pxweb/en/DB/DB__1F__FY/0041F3DF02A.px"
"....Lanao del Norte (w/o the City of Iligan) 1/, 3/","Poverty Incidence among Population (%)","2023","41.5","","2026-08-03T13-49-16-ffb070b97929","https://openstat.psa.gov.ph/PXWeb/pxweb/en/DB/DB__1F__FY/0041F3DF02A.px"
"....Lanao del Norte (w/o the City of Iligan) 1/, 3/","Coefficient of Variation","2018","7.3","","2026-08-03T13-49-16-ffb070b97929","https://openstat.psa.gov.ph/PXWeb/pxweb/en/DB/DB__1F__FY/0041F3DF02A.px"
"....Lanao del Norte (w/o the City of Iligan) 1/, 3/","Coefficient of Variation","2021","7.1","","2026-08-03T13-49-16-ffb070b97929","https://openstat.psa.gov.ph/PXWeb/pxweb/en/DB/DB__1F__FY/0041F3DF02A.px"
"....Lanao del Norte (w/o the City of Iligan) 1/, 3/","Coefficient of Variation","2023","7.4","","2026-08-03T13-49-16-ffb070b97929","https://openstat.psa.gov.ph/PXWeb/pxweb/en/DB/DB__1F__FY/0041F3DF02A.px"
"....Lanao del Norte (w/o the City of Iligan) 1/, 3/","Standard Error","2018","2.3","","2026-08-03T13-49-16-ffb070b97929","https://openstat.psa.gov.ph/PXWeb/pxweb/en/DB/DB__1F__FY/0041F3DF02A.px"
"....Lanao del Norte (w/o the City of Iligan) 1/, 3/","Standard Error","2021","3.1","","2026-08-03T13-49-16-ffb070b97929","https://openstat.psa.gov.ph/PXWeb/pxweb/en/DB/DB__1F__FY/0041F3DF02A.px"
"....Lanao del Norte (w/o the City of Iligan) 1/, 3/","Standard Error","2023","3.1","","2026-08-03T13-49-16-ffb070b97929","https://openstat.psa.gov.ph/PXWeb/pxweb/en/DB/DB__1F__FY/0041F3DF02A.px"
"....Lanao del Norte (w/o the City of Iligan) 1/, 3/","95% Confidence Interval (Lower Limit)","2018","26.4","","2026-08-03T13-49-16-ffb070b97929","https://openstat.psa.gov.ph/PXWeb/pxweb/en/DB/DB__1F__FY/0041F3DF02A.px"
"....Lanao del Norte (w/o the City of Iligan) 1/, 3/","95% Confidence Interval (Lower Limit)","2021","36.9","","2026-08-03T13-49-16-ffb070b97929","https://openstat.psa.gov.ph/PXWeb/pxweb/en/DB/DB__1F__FY/0041F3DF02A.px"
"....Lanao del Norte (w/o the City of Iligan) 1/, 3/","95% Confidence Interval (Lower Limit)","2023","35.5","","2026-08-03T13-49-16-ffb070b97929","https://openstat.psa.gov.ph/PXWeb/pxweb/en/DB/DB__1F__FY/0041F3DF02A.px"
"....Lanao del Norte (w/o the City of Iligan) 1/, 3/","95% Confidence Interval (Upper Limit)","2018","35.2","","2026-08-03T13-49-16-ffb070b97929","https://openstat.psa.gov.ph/PXWeb/pxweb/en/DB/DB__1F__FY/0041F3DF02A.px"
"....Lanao del Norte (w/o the City of Iligan) 1/, 3/","95% Confidence Interval (Upper Limit)","2021","48.9","","2026-08-03T13-49-16-ffb070b97929","https://openstat.psa.gov.ph/PXWeb/pxweb/en/DB/DB__1F__FY/0041F3DF02A.px"
"....Lanao del Norte (w/o the City of Iligan) 1/, 3/","95% Confidence Interval (Upper Limit)","2023","47.5","","2026-08-03T13-49-16-ffb070b97929","https://openstat.psa.gov.ph/PXWeb/pxweb/en/DB/DB__1F__FY/0041F3DF02A.px"
"....City of Iligan a/, b/, c/","Annual Per Capita Poverty Threshold (in PhP)","2018","24978.91","","2026-08-03T13-49-16-ffb070b97929","https://openstat.psa.gov.ph/PXWeb/pxweb/en/DB/DB__1F__FY/0041F3DF02A.px"
"....City of Iligan a/, b/, c/","Annual Per Capita Poverty Threshold (in PhP)","2021","29657.6","","2026-08-03T13-49-16-ffb070b97929","https://openstat.psa.gov.ph/PXWeb/pxweb/en/DB/DB__1F__FY/0041F3DF02A.px"
"....City of Iligan a/, b/, c/","Annual Per Capita Poverty Threshold (in PhP)","2023","33819.27","","2026-08-03T13-49-16-ffb070b97929","https://openstat.psa.gov.ph/PXWeb/pxweb/en/DB/DB__1F__FY/0041F3DF02A.px"
"....City of Iligan a/, b/, c/","Poverty Incidence among Population (%)","2018","15.7","","2026-08-03T13-49-16-ffb070b97929","https://openstat.psa.gov.ph/PXWeb/pxweb/en/DB/DB__1F__FY/0041F3DF02A.px"
"....City of Iligan a/, b/, c/","Poverty Incidence among Population (%)","2021","16.3","","2026-08-03T13-49-16-ffb070b97929","https://openstat.psa.gov.ph/PXWeb/pxweb/en/DB/DB__1F__FY/0041F3DF02A.px"
"....City of Iligan a/, b/, c/","Poverty Incidence among Population (%)","2023","15.9","","2026-08-03T13-49-16-ffb070b97929","https://openstat.psa.gov.ph/PXWeb/pxweb/en/DB/DB__1F__FY/0041F3DF02A.px"
"....City of Iligan a/, b/, c/","Coefficient of Variation","2018","11.7","","2026-08-03T13-49-16-ffb070b97929","https://openstat.psa.gov.ph/PXWeb/pxweb/en/DB/DB__1F__FY/0041F3DF02A.px"
"....City of Iligan a/, b/, c/","Coefficient of Variation","2021","11.3","","2026-08-03T13-49-16-ffb070b97929","https://openstat.psa.gov.ph/PXWeb/pxweb/en/DB/DB__1F__FY/0041F3DF02A.px"
"....City of Iligan a/, b/, c/","Coefficient of Variation","2023","10.1","","2026-08-03T13-49-16-ffb070b97929","https://openstat.psa.gov.ph/PXWeb/pxweb/en/DB/DB__1F__FY/0041F3DF02A.px"
"....City of Iligan a/, b/, c/","Standard Error","2018","1.8","","2026-08-03T13-49-16-ffb070b97929","https://openstat.psa.gov.ph/PXWeb/pxweb/en/DB/DB__1F__FY/0041F3DF02A.px"
"....City of Iligan a/, b/, c/","Standard Error","2021","1.8","","2026-08-03T13-49-16-ffb070b97929","https://openstat.psa.gov.ph/PXWeb/pxweb/en/DB/DB__1F__FY/0041F3DF02A.px"
"....City of Iligan a/, b/, c/","Standard Error","2023","1.6","","2026-08-03T13-49-16-ffb070b97929","https://openstat.psa.gov.ph/PXWeb/pxweb/en/DB/DB__1F__FY/0041F3DF02A.px"
"....City of Iligan a/, b/, c/","95% Confidence Interval (Lower Limit)","2018","12.1","","2026-08-03T13-49-16-ffb070b97929","https://openstat.psa.gov.ph/PXWeb/pxweb/en/DB/DB__1F__FY/0041F3DF02A.px"
"....City of Iligan a/, b/, c/","95% Confidence Interval (Lower Limit)","2021","12.7","","2026-08-03T13-49-16-ffb070b97929","https://openstat.psa.gov.ph/PXWeb/pxweb/en/DB/DB__1F__FY/0041F3DF02A.px"
"....City of Iligan a/, b/, c/","95% Confidence Interval (Lower Limit)","2023","12.8","","2026-08-03T13-49-16-ffb070b97929","https://openstat.psa.gov.ph/PXWeb/pxweb/en/DB/DB__1F__FY/0041F3DF02A.px"
"....City of Iligan a/, b/, c/","95% Confidence Interval (Upper Limit)","2018","19.3","","2026-08-03T13-49-16-ffb070b97929","https://openstat.psa.gov.ph/PXWeb/pxweb/en/DB/DB__1F__FY/0041F3DF02A.px"
"....City of Iligan a/, b/, c/","95% Confidence Interval (Upper Limit)","2021","19.9","","2026-08-03T13-49-16-ffb070b97929","https://openstat.psa.gov.ph/PXWeb/pxweb/en/DB/DB__1F__FY/0041F3DF02A.px"
"....City of Iligan a/, b/, c/","95% Confidence Interval (Upper Limit)","2023","19","","2026-08-03T13-49-16-ffb070b97929","https://openstat.psa.gov.ph/PXWeb/pxweb/en/DB/DB__1F__FY/0041F3DF02A.px"
"....Misamis Occidental","Annual Per Capita Poverty Threshold (in PhP)","2018","24504.76","","2026-08-03T13-49-16-ffb070b97929","https://openstat.psa.gov.ph/PXWeb/pxweb/en/DB/DB__1F__FY/0041F3DF02A.px"
"....Misamis Occidental","Annual Per Capita Poverty Threshold (in PhP)","2021","30061.9","","2026-08-03T13-49-16-ffb070b97929","https://openstat.psa.gov.ph/PXWeb/pxweb/en/DB/DB__1F__FY/0041F3DF02A.px"
"....Misamis Occidental","Annual Per Capita Poverty Threshold (in PhP)","2023","34598.28","","2026-08-03T13-49-16-ffb070b97929","https://openstat.psa.gov.ph/PXWeb/pxweb/en/DB/DB__1F__FY/0041F3DF02A.px"
"....Misamis Occidental","Poverty Incidence among Population (%)","2018","26.8","","2026-08-03T13-49-16-ffb070b97929","https://openstat.psa.gov.ph/PXWeb/pxweb/en/DB/DB__1F__FY/0041F3DF02A.px"
"....Misamis Occidental","Poverty Incidence among Population (%)","2021","24.7","","2026-08-03T13-49-16-ffb070b97929","https://openstat.psa.gov.ph/PXWeb/pxweb/en/DB/DB__1F__FY/0041F3DF02A.px"
"....Misamis Occidental","Poverty Incidence among Population (%)","2023","30.2","","2026-08-03T13-49-16-ffb070b97929","https://openstat.psa.gov.ph/PXWeb/pxweb/en/DB/DB__1F__FY/0041F3DF02A.px"
"....Misamis Occidental","Coefficient of Variation","2018","8.3","","2026-08-03T13-49-16-ffb070b97929","https://openstat.psa.gov.ph/PXWeb/pxweb/en/DB/DB__1F__FY/0041F3DF02A.px"
"....Misamis Occidental","Coefficient of Variation","2021","9.5","","2026-08-03T13-49-16-ffb070b97929","https://openstat.psa.gov.ph/PXWeb/pxweb/en/DB/DB__1F__FY/0041F3DF02A.px"
"....Misamis Occidental","Coefficient of Variation","2023","6.2","","2026-08-03T13-49-16-ffb070b97929","https://openstat.psa.gov.ph/PXWeb/pxweb/en/DB/DB__1F__FY/0041F3DF02A.px"
"....Misamis Occidental","Standard Error","2018","2.2","","2026-08-03T13-49-16-ffb070b97929","https://openstat.psa.gov.ph/PXWeb/pxweb/en/DB/DB__1F__FY/0041F3DF02A.px"
"....Misamis Occidental","Standard Error","2021","2.3","","2026-08-03T13-49-16-ffb070b97929","https://openstat.psa.gov.ph/PXWeb/pxweb/en/DB/DB__1F__FY/0041F3DF02A.px"
"....Misamis Occidental","Standard Error","2023","1.9","","2026-08-03T13-49-16-ffb070b97929","https://openstat.psa.gov.ph/PXWeb/pxweb/en/DB/DB__1F__FY/0041F3DF02A.px"
"....Misamis Occidental","95% Confidence Interval (Lower Limit)","2018","22.4","","2026-08-03T13-49-16-ffb070b97929","https://openstat.psa.gov.ph/PXWeb/pxweb/en/DB/DB__1F__FY/0041F3DF02A.px"
"....Misamis Occidental","95% Confidence Interval (Lower Limit)","2021","20.1","","2026-08-03T13-49-16-ffb070b97929","https://openstat.psa.gov.ph/PXWeb/pxweb/en/DB/DB__1F__FY/0041F3DF02A.px"
"....Misamis Occidental","95% Confidence Interval (Lower Limit)","2023","26.5","","2026-08-03T13-49-16-ffb070b97929","https://openstat.psa.gov.ph/PXWeb/pxweb/en/DB/DB__1F__FY/0041F3DF02A.px"
"....Misamis Occidental","95% Confidence Interval (Upper Limit)","2018","31.2","","2026-08-03T13-49-16-ffb070b97929","https://openstat.psa.gov.ph/PXWeb/pxweb/en/DB/DB__1F__FY/0041F3DF02A.px"
"....Misamis Occidental","95% Confidence Interval (Upper Limit)","2021","29.3","","2026-08-03T13-49-16-ffb070b97929","https://openstat.psa.gov.ph/PXWeb/pxweb/en/DB/DB__1F__FY/0041F3DF02A.px"
"....Misamis Occidental","95% Confidence Interval (Upper Limit)","2023","33.8","","2026-08-03T13-49-16-ffb070b97929","https://openstat.psa.gov.ph/PXWeb/pxweb/en/DB/DB__1F__FY/0041F3DF02A.px"
"....Misamis Oriental (w/o the City of Cagayan de Oro)","Annual Per Capita Poverty Threshold (in PhP)","2018","24018.3","","2026-08-03T13-49-16-ffb070b97929","https://openstat.psa.gov.ph/PXWeb/pxweb/en/DB/DB__1F__FY/0041F3DF02A.px"
"....Misamis Oriental (w/o the City of Cagayan de Oro)","Annual Per Capita Poverty Threshold (in PhP)","2021","28075.02","","2026-08-03T13-49-16-ffb070b97929","https://openstat.psa.gov.ph/PXWeb/pxweb/en/DB/DB__1F__FY/0041F3DF02A.px"
"....Misamis Oriental (w/o the City of Cagayan de Oro)","Annual Per Capita Poverty Threshold (in PhP)","2023","34151.34","","2026-08-03T13-49-16-ffb070b97929","https://openstat.psa.gov.ph/PXWeb/pxweb/en/DB/DB__1F__FY/0041F3DF02A.px"
"....Misamis Oriental (w/o the City of Cagayan de Oro)","Poverty Incidence among Population (%)","2018","21.1","","2026-08-03T13-49-16-ffb070b97929","https://openstat.psa.gov.ph/PXWeb/pxweb/en/DB/DB__1F__FY/0041F3DF02A.px"
"....Misamis Oriental (w/o the City of Cagayan de Oro)","Poverty Incidence among Population (%)","2021","25.1","","2026-08-03T13-49-16-ffb070b97929","https://openstat.psa.gov.ph/PXWeb/pxweb/en/DB/DB__1F__FY/0041F3DF02A.px"
"....Misamis Oriental (w/o the City of Cagayan de Oro)","Poverty Incidence among Population (%)","2023","22.8","","2026-08-03T13-49-16-ffb070b97929","https://openstat.psa.gov.ph/PXWeb/pxweb/en/DB/DB__1F__FY/0041F3DF02A.px"
"....Misamis Oriental (w/o the City of Cagayan de Oro)","Coefficient of Variation","2018","8","","2026-08-03T13-49-16-ffb070b97929","https://openstat.psa.gov.ph/PXWeb/pxweb/en/DB/DB__1F__FY/0041F3DF02A.px"
"....Misamis Oriental (w/o the City of Cagayan de Oro)","Coefficient of Variation","2021","8","","2026-08-03T13-49-16-ffb070b97929","https://openstat.psa.gov.ph/PXWeb/pxweb/en/DB/DB__1F__FY/0041F3DF02A.px"
"....Misamis Oriental (w/o the City of Cagayan de Oro)","Coefficient of Variation","2023","7.6","","2026-08-03T13-49-16-ffb070b97929","https://openstat.psa.gov.ph/PXWeb/pxweb/en/DB/DB__1F__FY/0041F3DF02A.px"
"....Misamis Oriental (w/o the City of Cagayan de Oro)","Standard Error","2018","1.7","","2026-08-03T13-49-16-ffb070b97929","https://openstat.psa.gov.ph/PXWeb/pxweb/en/DB/DB__1F__FY/0041F3DF02A.px"
"....Misamis Oriental (w/o the City of Cagayan de Oro)","Standard Error","2021","2","","2026-08-03T13-49-16-ffb070b97929","https://openstat.psa.gov.ph/PXWeb/pxweb/en/DB/DB__1F__FY/0041F3DF02A.px"
"....Misamis Oriental (w/o the City of Cagayan de Oro)","Standard Error","2023","1.7","","2026-08-03T13-49-16-ffb070b97929","https://openstat.psa.gov.ph/PXWeb/pxweb/en/DB/DB__1F__FY/0041F3DF02A.px"
"....Misamis Oriental (w/o the City of Cagayan de Oro)","95% Confidence Interval (Lower Limit)","2018","17.8","","2026-08-03T13-49-16-ffb070b97929","https://openstat.psa.gov.ph/PXWeb/pxweb/en/DB/DB__1F__FY/0041F3DF02A.px"
"....Misamis Oriental (w/o the City of Cagayan de Oro)","95% Confidence Interval (Lower Limit)","2021","21.2","","2026-08-03T13-49-16-ffb070b97929","https://openstat.psa.gov.ph/PXWeb/pxweb/en/DB/DB__1F__FY/0041F3DF02A.px"
"....Misamis Oriental (w/o the City of Cagayan de Oro)","95% Confidence Interval (Lower Limit)","2023","19.4","","2026-08-03T13-49-16-ffb070b97929","https://openstat.psa.gov.ph/PXWeb/pxweb/en/DB/DB__1F__FY/0041F3DF02A.px"
"....Misamis Oriental (w/o the City of Cagayan de Oro)","95% Confidence Interval (Upper Limit)","2018","24.4","","2026-08-03T13-49-16-ffb070b97929","https://openstat.psa.gov.ph/PXWeb/pxweb/en/DB/DB__1F__FY/0041F3DF02A.px"
"....Misamis Oriental (w/o the City of Cagayan de Oro)","95% Confidence Interval (Upper Limit)","2021","29","","2026-08-03T13-49-16-ffb070b97929","https://openstat.psa.gov.ph/PXWeb/pxweb/en/DB/DB__1F__FY/0041F3DF02A.px"
"....Misamis Oriental (w/o the City of Cagayan de Oro)","95% Confidence Interval (Upper Limit)","2023","26.2","","2026-08-03T13-49-16-ffb070b97929","https://openstat.psa.gov.ph/PXWeb/pxweb/en/DB/DB__1F__FY/0041F3DF02A.px"
"....City of Cagayan De Oro a/, b/, c/","Annual Per Capita Poverty Threshold (in PhP)","2018","24413.51","","2026-08-03T13-49-16-ffb070b97929","https://openstat.psa.gov.ph/PXWeb/pxweb/en/DB/DB__1F__FY/0041F3DF02A.px"
"....City of Cagayan De Oro a/, b/, c/","Annual Per Capita Poverty Threshold (in PhP)","2021","28869.57","","2026-08-03T13-49-16-ffb070b97929","https://openstat.psa.gov.ph/PXWeb/pxweb/en/DB/DB__1F__FY/0041F3DF02A.px"
"....City of Cagayan De Oro a/, b/, c/","Annual Per Capita Poverty Threshold (in PhP)","2023","34980.66","","2026-08-03T13-49-16-ffb070b97929","https://openstat.psa.gov.ph/PXWeb/pxweb/en/DB/DB__1F__FY/0041F3DF02A.px"
"....City of Cagayan De Oro a/, b/, c/","Poverty Incidence among Population (%)","2018","9.1","","2026-08-03T13-49-16-ffb070b97929","https://openstat.psa.gov.ph/PXWeb/pxweb/en/DB/DB__1F__FY/0041F3DF02A.px"
"....City of Cagayan De Oro a/, b/, c/","Poverty Incidence among Population (%)","2021","10.5","","2026-08-03T13-49-16-ffb070b97929","https://openstat.psa.gov.ph/PXWeb/pxweb/en/DB/DB__1F__FY/0041F3DF02A.px"
"....City of Cagayan De Oro a/, b/, c/","Poverty Incidence among Population (%)","2023","10.3","","2026-08-03T13-49-16-ffb070b97929","https://openstat.psa.gov.ph/PXWeb/pxweb/en/DB/DB__1F__FY/0041F3DF02A.px"
"....City of Cagayan De Oro a/, b/, c/","Coefficient of Variation","2018","17","","2026-08-03T13-49-16-ffb070b97929","https://openstat.psa.gov.ph/PXWeb/pxweb/en/DB/DB__1F__FY/0041F3DF02A.px"
"....City of Cagayan De Oro a/, b/, c/","Coefficient of Variation","2021","13.5","","2026-08-03T13-49-16-ffb070b97929","https://openstat.psa.gov.ph/PXWeb/pxweb/en/DB/DB__1F__FY/0041F3DF02A.px"
"....City of Cagayan De Oro a/, b/, c/","Coefficient of Variation","2023","11.4","","2026-08-03T13-49-16-ffb070b97929","https://openstat.psa.gov.ph/PXWeb/pxweb/en/DB/DB__1F__FY/0041F3DF02A.px"
"....City of Cagayan De Oro a/, b/, c/","Standard Error","2018","1.5","","2026-08-03T13-49-16-ffb070b97929","https://openstat.psa.gov.ph/PXWeb/pxweb/en/DB/DB__1F__FY/0041F3DF02A.px"
"....City of Cagayan De Oro a/, b/, c/","Standard Error","2021","1.4","","2026-08-03T13-49-16-ffb070b97929","https://openstat.psa.gov.ph/PXWeb/pxweb/en/DB/DB__1F__FY/0041F3DF02A.px"
"....City of Cagayan De Oro a/, b/, c/","Standard Error","2023","1.2","","2026-08-03T13-49-16-ffb070b97929","https://openstat.psa.gov.ph/PXWeb/pxweb/en/DB/DB__1F__FY/0041F3DF02A.px"
"....City of Cagayan De Oro a/, b/, c/","95% Confidence Interval (Lower Limit)","2018","6.1","","2026-08-03T13-49-16-ffb070b97929","https://openstat.psa.gov.ph/PXWeb/pxweb/en/DB/DB__1F__FY/0041F3DF02A.px"
"....City of Cagayan De Oro a/, b/, c/","95% Confidence Interval (Lower Limit)","2021","7.7","","2026-08-03T13-49-16-ffb070b97929","https://openstat.psa.gov.ph/PXWeb/pxweb/en/DB/DB__1F__FY/0041F3DF02A.px"
"....City of Cagayan De Oro a/, b/, c/","95% Confidence Interval (Lower Limit)","2023","8","","2026-08-03T13-49-16-ffb070b97929","https://openstat.psa.gov.ph/PXWeb/pxweb/en/DB/DB__1F__FY/0041F3DF02A.px"
"....City of Cagayan De Oro a/, b/, c/","95% Confidence Interval (Upper Limit)","2018","12.1","","2026-08-03T13-49-16-ffb070b97929","https://openstat.psa.gov.ph/PXWeb/pxweb/en/DB/DB__1F__FY/0041F3DF02A.px"
"....City of Cagayan De Oro a/, b/, c/","95% Confidence Interval (Upper Limit)","2021","13.3","","2026-08-03T13-49-16-ffb070b97929","https://openstat.psa.gov.ph/PXWeb/pxweb/en/DB/DB__1F__FY/0041F3DF02A.px"
"....City of Cagayan De Oro a/, b/, c/","95% Confidence Interval (Upper Limit)","2023","12.6","","2026-08-03T13-49-16-ffb070b97929","https://openstat.psa.gov.ph/PXWeb/pxweb/en/DB/DB__1F__FY/0041F3DF02A.px"
"..Region XI (Davao Region) 3/","Annual Per Capita Poverty Threshold (in PhP)","2018","25952.76","","2026-08-03T13-49-16-ffb070b97929","https://openstat.psa.gov.ph/PXWeb/pxweb/en/DB/DB__1F__FY/0041F3DF02A.px"
"..Region XI (Davao Region) 3/","Annual Per Capita Poverty Threshold (in PhP)","2021","28102.19","","2026-08-03T13-49-16-ffb070b97929","https://openstat.psa.gov.ph/PXWeb/pxweb/en/DB/DB__1F__FY/0041F3DF02A.px"
"..Region XI (Davao Region) 3/","Annual Per Capita Poverty Threshold (in PhP)","2023","31521.48","","2026-08-03T13-49-16-ffb070b97929","https://openstat.psa.gov.ph/PXWeb/pxweb/en/DB/DB__1F__FY/0041F3DF02A.px"
"..Region XI (Davao Region) 3/","Poverty Incidence among Population (%)","2018","19.1","","2026-08-03T13-49-16-ffb070b97929","https://openstat.psa.gov.ph/PXWeb/pxweb/en/DB/DB__1F__FY/0041F3DF02A.px"
"..Region XI (Davao Region) 3/","Poverty Incidence among Population (%)","2021","16.8","","2026-08-03T13-49-16-ffb070b97929","https://openstat.psa.gov.ph/PXWeb/pxweb/en/DB/DB__1F__FY/0041F3DF02A.px"
"..Region XI (Davao Region) 3/","Poverty Incidence among Population (%)","2023","16","","2026-08-03T13-49-16-ffb070b97929","https://openstat.psa.gov.ph/PXWeb/pxweb/en/DB/DB__1F__FY/0041F3DF02A.px"
"..Region XI (Davao Region) 3/","Coefficient of Variation","2018","4.8","","2026-08-03T13-49-16-ffb070b97929","https://openstat.psa.gov.ph/PXWeb/pxweb/en/DB/DB__1F__FY/0041F3DF02A.px"
"..Region XI (Davao Region) 3/","Coefficient of Variation","2021","4.5","","2026-08-03T13-49-16-ffb070b97929","https://openstat.psa.gov.ph/PXWeb/pxweb/en/DB/DB__1F__FY/0041F3DF02A.px"
"..Region XI (Davao Region) 3/","Coefficient of Variation","2023","7.9","","2026-08-03T13-49-16-ffb070b97929","https://openstat.psa.gov.ph/PXWeb/pxweb/en/DB/DB__1F__FY/0041F3DF02A.px"
"..Region XI (Davao Region) 3/","Standard Error","2018","0.9","","2026-08-03T13-49-16-ffb070b97929","https://openstat.psa.gov.ph/PXWeb/pxweb/en/DB/DB__1F__FY/0041F3DF02A.px"
"..Region XI (Davao Region) 3/","Standard Error","2021","0.8","","2026-08-03T13-49-16-ffb070b97929","https://openstat.psa.gov.ph/PXWeb/pxweb/en/DB/DB__1F__FY/0041F3DF02A.px"
"..Region XI (Davao Region) 3/","Standard Error","2023","1.3","","2026-08-03T13-49-16-ffb070b97929","https://openstat.psa.gov.ph/PXWeb/pxweb/en/DB/DB__1F__FY/0041F3DF02A.px"
"..Region XI (Davao Region) 3/","95% Confidence Interval (Lower Limit)","2018","17.3","","2026-08-03T13-49-16-ffb070b97929","https://openstat.psa.gov.ph/PXWeb/pxweb/en/DB/DB__1F__FY/0041F3DF02A.px"
"..Region XI (Davao Region) 3/","95% Confidence Interval (Lower Limit)","2021","15.3","","2026-08-03T13-49-16-ffb070b97929","https://openstat.psa.gov.ph/PXWeb/pxweb/en/DB/DB__1F__FY/0041F3DF02A.px"
"..Region XI (Davao Region) 3/","95% Confidence Interval (Lower Limit)","2023","13.5","","2026-08-03T13-49-16-ffb070b97929","https://openstat.psa.gov.ph/PXWeb/pxweb/en/DB/DB__1F__FY/0041F3DF02A.px"
"..Region XI (Davao Region) 3/","95% Confidence Interval (Upper Limit)","2018","20.9","","2026-08-03T13-49-16-ffb070b97929","https://openstat.psa.gov.ph/PXWeb/pxweb/en/DB/DB__1F__FY/0041F3DF02A.px"
"..Region XI (Davao Region) 3/","95% Confidence Interval (Upper Limit)","2021","18.3","","2026-08-03T13-49-16-ffb070b97929","https://openstat.psa.gov.ph/PXWeb/pxweb/en/DB/DB__1F__FY/0041F3DF02A.px"
"..Region XI (Davao Region) 3/","95% Confidence Interval (Upper Limit)","2023","18.5","","2026-08-03T13-49-16-ffb070b97929","https://openstat.psa.gov.ph/PXWeb/pxweb/en/DB/DB__1F__FY/0041F3DF02A.px"
"....Davao del Norte a/, b/, c/","Annual Per Capita Poverty Threshold (in PhP)","2018","27033.51","","2026-08-03T13-49-16-ffb070b97929","https://openstat.psa.gov.ph/PXWeb/pxweb/en/DB/DB__1F__FY/0041F3DF02A.px"
"....Davao del Norte a/, b/, c/","Annual Per Capita Poverty Threshold (in PhP)","2021","27353.78","","2026-08-03T13-49-16-ffb070b97929","https://openstat.psa.gov.ph/PXWeb/pxweb/en/DB/DB__1F__FY/0041F3DF02A.px"
"....Davao del Norte a/, b/, c/","Annual Per Capita Poverty Threshold (in PhP)","2023","31286.22","","2026-08-03T13-49-16-ffb070b97929","https://openstat.psa.gov.ph/PXWeb/pxweb/en/DB/DB__1F__FY/0041F3DF02A.px"
"....Davao del Norte a/, b/, c/","Poverty Incidence among Population (%)","2018","13.4","","2026-08-03T13-49-16-ffb070b97929","https://openstat.psa.gov.ph/PXWeb/pxweb/en/DB/DB__1F__FY/0041F3DF02A.px"
"....Davao del Norte a/, b/, c/","Poverty Incidence among Population (%)","2021","10.6","","2026-08-03T13-49-16-ffb070b97929","https://openstat.psa.gov.ph/PXWeb/pxweb/en/DB/DB__1F__FY/0041F3DF02A.px"
"....Davao del Norte a/, b/, c/","Poverty Incidence among Population (%)","2023","11.1","","2026-08-03T13-49-16-ffb070b97929","https://openstat.psa.gov.ph/PXWeb/pxweb/en/DB/DB__1F__FY/0041F3DF02A.px"
"....Davao del Norte a/, b/, c/","Coefficient of Variation","2018","12.3","","2026-08-03T13-49-16-ffb070b97929","https://openstat.psa.gov.ph/PXWeb/pxweb/en/DB/DB__1F__FY/0041F3DF02A.px"
"....Davao del Norte a/, b/, c/","Coefficient of Variation","2021","14.7","","2026-08-03T13-49-16-ffb070b97929","https://openstat.psa.gov.ph/PXWeb/pxweb/en/DB/DB__1F__FY/0041F3DF02A.px"
"....Davao del Norte a/, b/, c/","Coefficient of Variation","2023","15.6","","2026-08-03T13-49-16-ffb070b97929","https://openstat.psa.gov.ph/PXWeb/pxweb/en/DB/DB__1F__FY/0041F3DF02A.px"
"....Davao del Norte a/, b/, c/","Standard Error","2018","1.7","","2026-08-03T13-49-16-ffb070b97929","https://openstat.psa.gov.ph/PXWeb/pxweb/en/DB/DB__1F__FY/0041F3DF02A.px"
"....Davao del Norte a/, b/, c/","Standard Error","2021","1.6","","2026-08-03T13-49-16-ffb070b97929","https://openstat.psa.gov.ph/PXWeb/pxweb/en/DB/DB__1F__FY/0041F3DF02A.px"
"....Davao del Norte a/, b/, c/","Standard Error","2023","1.7","","2026-08-03T13-49-16-ffb070b97929","https://openstat.psa.gov.ph/PXWeb/pxweb/en/DB/DB__1F__FY/0041F3DF02A.px"
"....Davao del Norte a/, b/, c/","95% Confidence Interval (Lower Limit)","2018","10.2","","2026-08-03T13-49-16-ffb070b97929","https://openstat.psa.gov.ph/PXWeb/pxweb/en/DB/DB__1F__FY/0041F3DF02A.px"
"....Davao del Norte a/, b/, c/","95% Confidence Interval (Lower Limit)","2021","7.6","","2026-08-03T13-49-16-ffb070b97929","https://openstat.psa.gov.ph/PXWeb/pxweb/en/DB/DB__1F__FY/0041F3DF02A.px"
"....Davao del Norte a/, b/, c/","95% Confidence Interval (Lower Limit)","2023","7.7","","2026-08-03T13-49-16-ffb070b97929","https://openstat.psa.gov.ph/PXWeb/pxweb/en/DB/DB__1F__FY/0041F3DF02A.px"
"....Davao del Norte a/, b/, c/","95% Confidence Interval (Upper Limit)","2018","16.7","","2026-08-03T13-49-16-ffb070b97929","https://openstat.psa.gov.ph/PXWeb/pxweb/en/DB/DB__1F__FY/0041F3DF02A.px"
"....Davao del Norte a/, b/, c/","95% Confidence Interval (Upper Limit)","2021","13.7","","2026-08-03T13-49-16-ffb070b97929","https://openstat.psa.gov.ph/PXWeb/pxweb/en/DB/DB__1F__FY/0041F3DF02A.px"
"....Davao del Norte a/, b/, c/","95% Confidence Interval (Upper Limit)","2023","14.5","","2026-08-03T13-49-16-ffb070b97929","https://openstat.psa.gov.ph/PXWeb/pxweb/en/DB/DB__1F__FY/0041F3DF02A.px"
"....Davao del Sur (w/o the City of Davao) c/","Annual Per Capita Poverty Threshold (in PhP)","2018","25619.51","","2026-08-03T13-49-16-ffb070b97929","https://openstat.psa.gov.ph/PXWeb/pxweb/en/DB/DB__1F__FY/0041F3DF02A.px"
"....Davao del Sur (w/o the City of Davao) c/","Annual Per Capita Poverty Threshold (in PhP)","2021","29299.84","","2026-08-03T13-49-16-ffb070b97929","https://openstat.psa.gov.ph/PXWeb/pxweb/en/DB/DB__1F__FY/0041F3DF02A.px"
"....Davao del Sur (w/o the City of Davao) c/","Annual Per Capita Poverty Threshold (in PhP)","2023","30860.97","","2026-08-03T13-49-16-ffb070b97929","https://openstat.psa.gov.ph/PXWeb/pxweb/en/DB/DB__1F__FY/0041F3DF02A.px"
"....Davao del Sur (w/o the City of Davao) c/","Poverty Incidence among Population (%)","2018","17.8","","2026-08-03T13-49-16-ffb070b97929","https://openstat.psa.gov.ph/PXWeb/pxweb/en/DB/DB__1F__FY/0041F3DF02A.px"
"....Davao del Sur (w/o the City of Davao) c/","Poverty Incidence among Population (%)","2021","17.6","","2026-08-03T13-49-16-ffb070b97929","https://openstat.psa.gov.ph/PXWeb/pxweb/en/DB/DB__1F__FY/0041F3DF02A.px"
"....Davao del Sur (w/o the City of Davao) c/","Poverty Incidence among Population (%)","2023","14.3","","2026-08-03T13-49-16-ffb070b97929","https://openstat.psa.gov.ph/PXWeb/pxweb/en/DB/DB__1F__FY/0041F3DF02A.px"
"....Davao del Sur (w/o the City of Davao) c/","Coefficient of Variation","2018","9.9","","2026-08-03T13-49-16-ffb070b97929","https://openstat.psa.gov.ph/PXWeb/pxweb/en/DB/DB__1F__FY/0041F3DF02A.px"
"....Davao del Sur (w/o the City of Davao) c/","Coefficient of Variation","2021","9","","2026-08-03T13-49-16-ffb070b97929","https://openstat.psa.gov.ph/PXWeb/pxweb/en/DB/DB__1F__FY/0041F3DF02A.px"
"....Davao del Sur (w/o the City of Davao) c/","Coefficient of Variation","2023","10.6","","2026-08-03T13-49-16-ffb070b97929","https://openstat.psa.gov.ph/PXWeb/pxweb/en/DB/DB__1F__FY/0041F3DF02A.px"
"....Davao del Sur (w/o the City of Davao) c/","Standard Error","2018","1.8","","2026-08-03T13-49-16-ffb070b97929","https://openstat.psa.gov.ph/PXWeb/pxweb/en/DB/DB__1F__FY/0041F3DF02A.px"
"....Davao del Sur (w/o the City of Davao) c/","Standard Error","2021","1.6","","2026-08-03T13-49-16-ffb070b97929","https://openstat.psa.gov.ph/PXWeb/pxweb/en/DB/DB__1F__FY/0041F3DF02A.px"
"....Davao del Sur (w/o the City of Davao) c/","Standard Error","2023","1.5","","2026-08-03T13-49-16-ffb070b97929","https://openstat.psa.gov.ph/PXWeb/pxweb/en/DB/DB__1F__FY/0041F3DF02A.px"
"....Davao del Sur (w/o the City of Davao) c/","95% Confidence Interval (Lower Limit)","2018","14.3","","2026-08-03T13-49-16-ffb070b97929","https://openstat.psa.gov.ph/PXWeb/pxweb/en/DB/DB__1F__FY/0041F3DF02A.px"
"....Davao del Sur (w/o the City of Davao) c/","95% Confidence Interval (Lower Limit)","2021","14.5","","2026-08-03T13-49-16-ffb070b97929","https://openstat.psa.gov.ph/PXWeb/pxweb/en/DB/DB__1F__FY/0041F3DF02A.px"
"....Davao del Sur (w/o the City of Davao) c/","95% Confidence Interval (Lower Limit)","2023","11.3","","2026-08-03T13-49-16-ffb070b97929","https://openstat.psa.gov.ph/PXWeb/pxweb/en/DB/DB__1F__FY/0041F3DF02A.px"
"....Davao del Sur (w/o the City of Davao) c/","95% Confidence Interval (Upper Limit)","2018","21.2","","2026-08-03T13-49-16-ffb070b97929","https://openstat.psa.gov.ph/PXWeb/pxweb/en/DB/DB__1F__FY/0041F3DF02A.px"
"....Davao del Sur (w/o the City of Davao) c/","95% Confidence Interval (Upper Limit)","2021","20.7","","2026-08-03T13-49-16-ffb070b97929","https://openstat.psa.gov.ph/PXWeb/pxweb/en/DB/DB__1F__FY/0041F3DF02A.px"
"....Davao del Sur (w/o the City of Davao) c/","95% Confidence Interval (Upper Limit)","2023","17.3","","2026-08-03T13-49-16-ffb070b97929","https://openstat.psa.gov.ph/PXWeb/pxweb/en/DB/DB__1F__FY/0041F3DF02A.px"
"....City of Davao a/, b/, c/","Annual Per Capita Poverty Threshold (in PhP)","2018","25942.29","","2026-08-03T13-49-16-ffb070b97929","https://openstat.psa.gov.ph/PXWeb/pxweb/en/DB/DB__1F__FY/0041F3DF02A.px"
"....City of Davao a/, b/, c/","Annual Per Capita Poverty Threshold (in PhP)","2021","30138.2","","2026-08-03T13-49-16-ffb070b97929","https://openstat.psa.gov.ph/PXWeb/pxweb/en/DB/DB__1F__FY/0041F3DF02A.px"
"....City of Davao a/, b/, c/","Annual Per Capita Poverty Threshold (in PhP)","2023","31535.07","","2026-08-03T13-49-16-ffb070b97929","https://openstat.psa.gov.ph/PXWeb/pxweb/en/DB/DB__1F__FY/0041F3DF02A.px"
"....City of Davao a/, b/, c/","Poverty Incidence among Population (%)","2018","9.5","","2026-08-03T13-49-16-ffb070b97929","https://openstat.psa.gov.ph/PXWeb/pxweb/en/DB/DB__1F__FY/0041F3DF02A.px"
"....City of Davao a/, b/, c/","Poverty Incidence among Population (%)","2021","7.7","","2026-08-03T13-49-16-ffb070b97929","https://openstat.psa.gov.ph/PXWeb/pxweb/en/DB/DB__1F__FY/0041F3DF02A.px"
"....City of Davao a/, b/, c/","Poverty Incidence among Population (%)","2023","12.3","","2026-08-03T13-49-16-ffb070b97929","https://openstat.psa.gov.ph/PXWeb/pxweb/en/DB/DB__1F__FY/0041F3DF02A.px"
"....City of Davao a/, b/, c/","Coefficient of Variation","2018","23","","2026-08-03T13-49-16-ffb070b97929","https://openstat.psa.gov.ph/PXWeb/pxweb/en/DB/DB__1F__FY/0041F3DF02A.px"
"....City of Davao a/, b/, c/","Coefficient of Variation","2021","17.6","","2026-08-03T13-49-16-ffb070b97929","https://openstat.psa.gov.ph/PXWeb/pxweb/en/DB/DB__1F__FY/0041F3DF02A.px"
"....City of Davao a/, b/, c/","Coefficient of Variation","2023","27.2","","2026-08-03T13-49-16-ffb070b97929","https://openstat.psa.gov.ph/PXWeb/pxweb/en/DB/DB__1F__FY/0041F3DF02A.px"
"....City of Davao a/, b/, c/","Standard Error","2018","2.2","","2026-08-03T13-49-16-ffb070b97929","https://openstat.psa.gov.ph/PXWeb/pxweb/en/DB/DB__1F__FY/0041F3DF02A.px"
"....City of Davao a/, b/, c/","Standard Error","2021","1.3","","2026-08-03T13-49-16-ffb070b97929","https://openstat.psa.gov.ph/PXWeb/pxweb/en/DB/DB__1F__FY/0041F3DF02A.px"
"....City of Davao a/, b/, c/","Standard Error","2023","3.3","","2026-08-03T13-49-16-ffb070b97929","https://openstat.psa.gov.ph/PXWeb/pxweb/en/DB/DB__1F__FY/0041F3DF02A.px"
"....City of Davao a/, b/, c/","95% Confidence Interval (Lower Limit)","2018","5.2","","2026-08-03T13-49-16-ffb070b97929","https://openstat.psa.gov.ph/PXWeb/pxweb/en/DB/DB__1F__FY/0041F3DF02A.px"
"....City of Davao a/, b/, c/","95% Confidence Interval (Lower Limit)","2021","5","","2026-08-03T13-49-16-ffb070b97929","https://openstat.psa.gov.ph/PXWeb/pxweb/en/DB/DB__1F__FY/0041F3DF02A.px"
"....City of Davao a/, b/, c/","95% Confidence Interval (Lower Limit)","2023","5.7","","2026-08-03T13-49-16-ffb070b97929","https://openstat.psa.gov.ph/PXWeb/pxweb/en/DB/DB__1F__FY/0041F3DF02A.px"
"....City of Davao a/, b/, c/","95% Confidence Interval (Upper Limit)","2018","13.7","","2026-08-03T13-49-16-ffb070b97929","https://openstat.psa.gov.ph/PXWeb/pxweb/en/DB/DB__1F__FY/0041F3DF02A.px"
"....City of Davao a/, b/, c/","95% Confidence Interval (Upper Limit)","2021","10.3","","2026-08-03T13-49-16-ffb070b97929","https://openstat.psa.gov.ph/PXWeb/pxweb/en/DB/DB__1F__FY/0041F3DF02A.px"
"....City of Davao a/, b/, c/","95% Confidence Interval (Upper Limit)","2023","18.9","","2026-08-03T13-49-16-ffb070b97929","https://openstat.psa.gov.ph/PXWeb/pxweb/en/DB/DB__1F__FY/0041F3DF02A.px"
"....Davao Oriental 1/, 2/","Annual Per Capita Poverty Threshold (in PhP)","2018","26346.86","","2026-08-03T13-49-16-ffb070b97929","https://openstat.psa.gov.ph/PXWeb/pxweb/en/DB/DB__1F__FY/0041F3DF02A.px"
"....Davao Oriental 1/, 2/","Annual Per Capita Poverty Threshold (in PhP)","2021","27806.02","","2026-08-03T13-49-16-ffb070b97929","https://openstat.psa.gov.ph/PXWeb/pxweb/en/DB/DB__1F__FY/0041F3DF02A.px"
"....Davao Oriental 1/, 2/","Annual Per Capita Poverty Threshold (in PhP)","2023","33616.65","","2026-08-03T13-49-16-ffb070b97929","https://openstat.psa.gov.ph/PXWeb/pxweb/en/DB/DB__1F__FY/0041F3DF02A.px"
"....Davao Oriental 1/, 2/","Poverty Incidence among Population (%)","2018","37.7","","2026-08-03T13-49-16-ffb070b97929","https://openstat.psa.gov.ph/PXWeb/pxweb/en/DB/DB__1F__FY/0041F3DF02A.px"
"....Davao Oriental 1/, 2/","Poverty Incidence among Population (%)","2021","30.4","","2026-08-03T13-49-16-ffb070b97929","https://openstat.psa.gov.ph/PXWeb/pxweb/en/DB/DB__1F__FY/0041F3DF02A.px"
"....Davao Oriental 1/, 2/","Poverty Incidence among Population (%)","2023","38.9","","2026-08-03T13-49-16-ffb070b97929","https://openstat.psa.gov.ph/PXWeb/pxweb/en/DB/DB__1F__FY/0041F3DF02A.px"
"....Davao Oriental 1/, 2/","Coefficient of Variation","2018","6.2","","2026-08-03T13-49-16-ffb070b97929","https://openstat.psa.gov.ph/PXWeb/pxweb/en/DB/DB__1F__FY/0041F3DF02A.px"
"....Davao Oriental 1/, 2/","Coefficient of Variation","2021","7.7","","2026-08-03T13-49-16-ffb070b97929","https://openstat.psa.gov.ph/PXWeb/pxweb/en/DB/DB__1F__FY/0041F3DF02A.px"
"....Davao Oriental 1/, 2/","Coefficient of Variation","2023","5.7","","2026-08-03T13-49-16-ffb070b97929","https://openstat.psa.gov.ph/PXWeb/pxweb/en/DB/DB__1F__FY/0041F3DF02A.px"
"....Davao Oriental 1/, 2/","Standard Error","2018","2.3","","2026-08-03T13-49-16-ffb070b97929","https://openstat.psa.gov.ph/PXWeb/pxweb/en/DB/DB__1F__FY/0041F3DF02A.px"
"....Davao Oriental 1/, 2/","Standard Error","2021","2.3","","2026-08-03T13-49-16-ffb070b97929","https://openstat.psa.gov.ph/PXWeb/pxweb/en/DB/DB__1F__FY/0041F3DF02A.px"
"....Davao Oriental 1/, 2/","Standard Error","2023","2.2","","2026-08-03T13-49-16-ffb070b97929","https://openstat.psa.gov.ph/PXWeb/pxweb/en/DB/DB__1F__FY/0041F3DF02A.px"
"....Davao Oriental 1/, 2/","95% Confidence Interval (Lower Limit)","2018","33.1","","2026-08-03T13-49-16-ffb070b97929","https://openstat.psa.gov.ph/PXWeb/pxweb/en/DB/DB__1F__FY/0041F3DF02A.px"
"....Davao Oriental 1/, 2/","95% Confidence Interval (Lower Limit)","2021","25.8","","2026-08-03T13-49-16-ffb070b97929","https://openstat.psa.gov.ph/PXWeb/pxweb/en/DB/DB__1F__FY/0041F3DF02A.px"
"....Davao Oriental 1/, 2/","95% Confidence Interval (Lower Limit)","2023","34.6","","2026-08-03T13-49-16-ffb070b97929","https://openstat.psa.gov.ph/PXWeb/pxweb/en/DB/DB__1F__FY/0041F3DF02A.px"
"....Davao Oriental 1/, 2/","95% Confidence Interval (Upper Limit)","2018","42.2","","2026-08-03T13-49-16-ffb070b97929","https://openstat.psa.gov.ph/PXWeb/pxweb/en/DB/DB__1F__FY/0041F3DF02A.px"
"....Davao Oriental 1/, 2/","95% Confidence Interval (Upper Limit)","2021","35","","2026-08-03T13-49-16-ffb070b97929","https://openstat.psa.gov.ph/PXWeb/pxweb/en/DB/DB__1F__FY/0041F3DF02A.px"
"....Davao Oriental 1/, 2/","95% Confidence Interval (Upper Limit)","2023","43.2","","2026-08-03T13-49-16-ffb070b97929","https://openstat.psa.gov.ph/PXWeb/pxweb/en/DB/DB__1F__FY/0041F3DF02A.px"
"....Davao de Oro 2/, 3/, c/","Annual Per Capita Poverty Threshold (in PhP)","2018","25866.63","","2026-08-03T13-49-16-ffb070b97929","https://openstat.psa.gov.ph/PXWeb/pxweb/en/DB/DB__1F__FY/0041F3DF02A.px"
"....Davao de Oro 2/, 3/, c/","Annual Per Capita Poverty Threshold (in PhP)","2021","26160.92","","2026-08-03T13-49-16-ffb070b97929","https://openstat.psa.gov.ph/PXWeb/pxweb/en/DB/DB__1F__FY/0041F3DF02A.px"
"....Davao de Oro 2/, 3/, c/","Annual Per Capita Poverty Threshold (in PhP)","2023","29572.79","","2026-08-03T13-49-16-ffb070b97929","https://openstat.psa.gov.ph/PXWeb/pxweb/en/DB/DB__1F__FY/0041F3DF02A.px"
"....Davao de Oro 2/, 3/, c/","Poverty Incidence among Population (%)","2018","25.2","","2026-08-03T13-49-16-ffb070b97929","https://openstat.psa.gov.ph/PXWeb/pxweb/en/DB/DB__1F__FY/0041F3DF02A.px"
"....Davao de Oro 2/, 3/, c/","Poverty Incidence among Population (%)","2021","23.9","","2026-08-03T13-49-16-ffb070b97929","https://openstat.psa.gov.ph/PXWeb/pxweb/en/DB/DB__1F__FY/0041F3DF02A.px"
"....Davao de Oro 2/, 3/, c/","Poverty Incidence among Population (%)","2023","10.2","","2026-08-03T13-49-16-ffb070b97929","https://openstat.psa.gov.ph/PXWeb/pxweb/en/DB/DB__1F__FY/0041F3DF02A.px"
"....Davao de Oro 2/, 3/, c/","Coefficient of Variation","2018","8.1","","2026-08-03T13-49-16-ffb070b97929","https://openstat.psa.gov.ph/PXWeb/pxweb/en/DB/DB__1F__FY/0041F3DF02A.px"
"....Davao de Oro 2/, 3/, c/","Coefficient of Variation","2021","8.8","","2026-08-03T13-49-16-ffb070b97929","https://openstat.psa.gov.ph/PXWeb/pxweb/en/DB/DB__1F__FY/0041F3DF02A.px"
"....Davao de Oro 2/, 3/, c/","Coefficient of Variation","2023","13.7","","2026-08-03T13-49-16-ffb070b97929","https://openstat.psa.gov.ph/PXWeb/pxweb/en/DB/DB__1F__FY/0041F3DF02A.px"
"....Davao de Oro 2/, 3/, c/","Standard Error","2018","2","","2026-08-03T13-49-16-ffb070b97929","https://openstat.psa.gov.ph/PXWeb/pxweb/en/DB/DB__1F__FY/0041F3DF02A.px"
"....Davao de Oro 2/, 3/, c/","Standard Error","2021","2.1","","2026-08-03T13-49-16-ffb070b97929","https://openstat.psa.gov.ph/PXWeb/pxweb/en/DB/DB__1F__FY/0041F3DF02A.px"
"....Davao de Oro 2/, 3/, c/","Standard Error","2023","1.4","","2026-08-03T13-49-16-ffb070b97929","https://openstat.psa.gov.ph/PXWeb/pxweb/en/DB/DB__1F__FY/0041F3DF02A.px"
"....Davao de Oro 2/, 3/, c/","95% Confidence Interval (Lower Limit)","2018","21.2","","2026-08-03T13-49-16-ffb070b97929","https://openstat.psa.gov.ph/PXWeb/pxweb/en/DB/DB__1F__FY/0041F3DF02A.px"
"....Davao de Oro 2/, 3/, c/","95% Confidence Interval (Lower Limit)","2021","19.7","","2026-08-03T13-49-16-ffb070b97929","https://openstat.psa.gov.ph/PXWeb/pxweb/en/DB/DB__1F__FY/0041F3DF02A.px"
"....Davao de Oro 2/, 3/, c/","95% Confidence Interval (Lower Limit)","2023","7.4","","2026-08-03T13-49-16-ffb070b97929","https://openstat.psa.gov.ph/PXWeb/pxweb/en/DB/DB__1F__FY/0041F3DF02A.px"
"....Davao de Oro 2/, 3/, c/","95% Confidence Interval (Upper Limit)","2018","29.1","","2026-08-03T13-49-16-ffb070b97929","https://openstat.psa.gov.ph/PXWeb/pxweb/en/DB/DB__1F__FY/0041F3DF02A.px"
"....Davao de Oro 2/, 3/, c/","95% Confidence Interval (Upper Limit)","2021","28","","2026-08-03T13-49-16-ffb070b97929","https://openstat.psa.gov.ph/PXWeb/pxweb/en/DB/DB__1F__FY/0041F3DF02A.px"
"....Davao de Oro 2/, 3/, c/","95% Confidence Interval (Upper Limit)","2023","12.9","","2026-08-03T13-49-16-ffb070b97929","https://openstat.psa.gov.ph/PXWeb/pxweb/en/DB/DB__1F__FY/0041F3DF02A.px"
"....Davao Occidental 2/, 3/, c/","Annual Per Capita Poverty Threshold (in PhP)","2018","25355.56","","2026-08-03T13-49-16-ffb070b97929","https://openstat.psa.gov.ph/PXWeb/pxweb/en/DB/DB__1F__FY/0041F3DF02A.px"
"....Davao Occidental 2/, 3/, c/","Annual Per Capita Poverty Threshold (in PhP)","2021","28511.12","","2026-08-03T13-49-16-ffb070b97929","https://openstat.psa.gov.ph/PXWeb/pxweb/en/DB/DB__1F__FY/0041F3DF02A.px"
"....Davao Occidental 2/, 3/, c/","Annual Per Capita Poverty Threshold (in PhP)","2023","28904.9","","2026-08-03T13-49-16-ffb070b97929","https://openstat.psa.gov.ph/PXWeb/pxweb/en/DB/DB__1F__FY/0041F3DF02A.px"
"....Davao Occidental 2/, 3/, c/","Poverty Incidence among Population (%)","2018","40.8","","2026-08-03T13-49-16-ffb070b97929","https://openstat.psa.gov.ph/PXWeb/pxweb/en/DB/DB__1F__FY/0041F3DF02A.px"
"....Davao Occidental 2/, 3/, c/","Poverty Incidence among Population (%)","2021","43.4","","2026-08-03T13-49-16-ffb070b97929","https://openstat.psa.gov.ph/PXWeb/pxweb/en/DB/DB__1F__FY/0041F3DF02A.px"
"....Davao Occidental 2/, 3/, c/","Poverty Incidence among Population (%)","2023","27.9","","2026-08-03T13-49-16-ffb070b97929","https://openstat.psa.gov.ph/PXWeb/pxweb/en/DB/DB__1F__FY/0041F3DF02A.px"
"....Davao Occidental 2/, 3/, c/","Coefficient of Variation","2018","6.3","","2026-08-03T13-49-16-ffb070b97929","https://openstat.psa.gov.ph/PXWeb/pxweb/en/DB/DB__1F__FY/0041F3DF02A.px"
"....Davao Occidental 2/, 3/, c/","Coefficient of Variation","2021","6.6","","2026-08-03T13-49-16-ffb070b97929","https://openstat.psa.gov.ph/PXWeb/pxweb/en/DB/DB__1F__FY/0041F3DF02A.px"
"....Davao Occidental 2/, 3/, c/","Coefficient of Variation","2023","10.7","","2026-08-03T13-49-16-ffb070b97929","https://openstat.psa.gov.ph/PXWeb/pxweb/en/DB/DB__1F__FY/0041F3DF02A.px"
"....Davao Occidental 2/, 3/, c/","Standard Error","2018","2.6","","2026-08-03T13-49-16-ffb070b97929","https://openstat.psa.gov.ph/PXWeb/pxweb/en/DB/DB__1F__FY/0041F3DF02A.px"
"....Davao Occidental 2/, 3/, c/","Standard Error","2021","2.9","","2026-08-03T13-49-16-ffb070b97929","https://openstat.psa.gov.ph/PXWeb/pxweb/en/DB/DB__1F__FY/0041F3DF02A.px"
"....Davao Occidental 2/, 3/, c/","Standard Error","2023","3","","2026-08-03T13-49-16-ffb070b97929","https://openstat.psa.gov.ph/PXWeb/pxweb/en/DB/DB__1F__FY/0041F3DF02A.px"
"....Davao Occidental 2/, 3/, c/","95% Confidence Interval (Lower Limit)","2018","35.7","","2026-08-03T13-49-16-ffb070b97929","https://openstat.psa.gov.ph/PXWeb/pxweb/en/DB/DB__1F__FY/0041F3DF02A.px"
"....Davao Occidental 2/, 3/, c/","95% Confidence Interval (Lower Limit)","2021","37.8","","2026-08-03T13-49-16-ffb070b97929","https://openstat.psa.gov.ph/PXWeb/pxweb/en/DB/DB__1F__FY/0041F3DF02A.px"
"....Davao Occidental 2/, 3/, c/","95% Confidence Interval (Lower Limit)","2023","22","","2026-08-03T13-49-16-ffb070b97929","https://openstat.psa.gov.ph/PXWeb/pxweb/en/DB/DB__1F__FY/0041F3DF02A.px"
"....Davao Occidental 2/, 3/, c/","95% Confidence Interval (Upper Limit)","2018","45.8","","2026-08-03T13-49-16-ffb070b97929","https://openstat.psa.gov.ph/PXWeb/pxweb/en/DB/DB__1F__FY/0041F3DF02A.px"
"....Davao Occidental 2/, 3/, c/","95% Confidence Interval (Upper Limit)","2021","49.1","","2026-08-03T13-49-16-ffb070b97929","https://openstat.psa.gov.ph/PXWeb/pxweb/en/DB/DB__1F__FY/0041F3DF02A.px"
"....Davao Occidental 2/, 3/, c/","95% Confidence Interval (Upper Limit)","2023","33.7","","2026-08-03T13-49-16-ffb070b97929","https://openstat.psa.gov.ph/PXWeb/pxweb/en/DB/DB__1F__FY/0041F3DF02A.px"
"..Region XII (SOCCSKSARGEN) 2/, 3/, 4/","Annual Per Capita Poverty Threshold (in PhP)","2018","25023.01","","2026-08-03T13-49-16-ffb070b97929","https://openstat.psa.gov.ph/PXWeb/pxweb/en/DB/DB__1F__FY/0041F3DF02A.px"
"..Region XII (SOCCSKSARGEN) 2/, 3/, 4/","Annual Per Capita Poverty Threshold (in PhP)","2021","26443.41","","2026-08-03T13-49-16-ffb070b97929","https://openstat.psa.gov.ph/PXWeb/pxweb/en/DB/DB__1F__FY/0041F3DF02A.px"
"..Region XII (SOCCSKSARGEN) 2/, 3/, 4/","Annual Per Capita Poverty Threshold (in PhP)","2023","29378.96","","2026-08-03T13-49-16-ffb070b97929","https://openstat.psa.gov.ph/PXWeb/pxweb/en/DB/DB__1F__FY/0041F3DF02A.px"
"..Region XII (SOCCSKSARGEN) 2/, 3/, 4/","Poverty Incidence among Population (%)","2018","27.3","","2026-08-03T13-49-16-ffb070b97929","https://openstat.psa.gov.ph/PXWeb/pxweb/en/DB/DB__1F__FY/0041F3DF02A.px"
"..Region XII (SOCCSKSARGEN) 2/, 3/, 4/","Poverty Incidence among Population (%)","2021","27.3","","2026-08-03T13-49-16-ffb070b97929","https://openstat.psa.gov.ph/PXWeb/pxweb/en/DB/DB__1F__FY/0041F3DF02A.px"
"..Region XII (SOCCSKSARGEN) 2/, 3/, 4/","Poverty Incidence among Population (%)","2023","23.1","","2026-08-03T13-49-16-ffb070b97929","https://openstat.psa.gov.ph/PXWeb/pxweb/en/DB/DB__1F__FY/0041F3DF02A.px"
"..Region XII (SOCCSKSARGEN) 2/, 3/, 4/","Coefficient of Variation","2018","4.8","","2026-08-03T13-49-16-ffb070b97929","https://openstat.psa.gov.ph/PXWeb/pxweb/en/DB/DB__1F__FY/0041F3DF02A.px"
"..Region XII (SOCCSKSARGEN) 2/, 3/, 4/","Coefficient of Variation","2021","4.8","","2026-08-03T13-49-16-ffb070b97929","https://openstat.psa.gov.ph/PXWeb/pxweb/en/DB/DB__1F__FY/0041F3DF02A.px"
"..Region XII (SOCCSKSARGEN) 2/, 3/, 4/","Coefficient of Variation","2023","6","","2026-08-03T13-49-16-ffb070b97929","https://openstat.psa.gov.ph/PXWeb/pxweb/en/DB/DB__1F__FY/0041F3DF02A.px"
"..Region XII (SOCCSKSARGEN) 2/, 3/, 4/","Standard Error","2018","1.3","","2026-08-03T13-49-16-ffb070b97929","https://openstat.psa.gov.ph/PXWeb/pxweb/en/DB/DB__1F__FY/0041F3DF02A.px"
"..Region XII (SOCCSKSARGEN) 2/, 3/, 4/","Standard Error","2021","1.3","","2026-08-03T13-49-16-ffb070b97929","https://openstat.psa.gov.ph/PXWeb/pxweb/en/DB/DB__1F__FY/0041F3DF02A.px"
"..Region XII (SOCCSKSARGEN) 2/, 3/, 4/","Standard Error","2023","1.4","","2026-08-03T13-49-16-ffb070b97929","https://openstat.psa.gov.ph/PXWeb/pxweb/en/DB/DB__1F__FY/0041F3DF02A.px"
"..Region XII (SOCCSKSARGEN) 2/, 3/, 4/","95% Confidence Interval (Lower Limit)","2018","24.7","","2026-08-03T13-49-16-ffb070b97929","https://openstat.psa.gov.ph/PXWeb/pxweb/en/DB/DB__1F__FY/0041F3DF02A.px"
"..Region XII (SOCCSKSARGEN) 2/, 3/, 4/","95% Confidence Interval (Lower Limit)","2021","24.7","","2026-08-03T13-49-16-ffb070b97929","https://openstat.psa.gov.ph/PXWeb/pxweb/en/DB/DB__1F__FY/0041F3DF02A.px"
"..Region XII (SOCCSKSARGEN) 2/, 3/, 4/","95% Confidence Interval (Lower Limit)","2023","20.4","","2026-08-03T13-49-16-ffb070b97929","https://openstat.psa.gov.ph/PXWeb/pxweb/en/DB/DB__1F__FY/0041F3DF02A.px"
"..Region XII (SOCCSKSARGEN) 2/, 3/, 4/","95% Confidence Interval (Upper Limit)","2018","29.9","","2026-08-03T13-49-16-ffb070b97929","https://openstat.psa.gov.ph/PXWeb/pxweb/en/DB/DB__1F__FY/0041F3DF02A.px"
"..Region XII (SOCCSKSARGEN) 2/, 3/, 4/","95% Confidence Interval (Upper Limit)","2021","29.9","","2026-08-03T13-49-16-ffb070b97929","https://openstat.psa.gov.ph/PXWeb/pxweb/en/DB/DB__1F__FY/0041F3DF02A.px"
"..Region XII (SOCCSKSARGEN) 2/, 3/, 4/","95% Confidence Interval (Upper Limit)","2023","25.9","","2026-08-03T13-49-16-ffb070b97929","https://openstat.psa.gov.ph/PXWeb/pxweb/en/DB/DB__1F__FY/0041F3DF02A.px"
"....Cotabato c/","Annual Per Capita Poverty Threshold (in PhP)","2018","25019.64","","2026-08-03T13-49-16-ffb070b97929","https://openstat.psa.gov.ph/PXWeb/pxweb/en/DB/DB__1F__FY/0041F3DF02A.px"
"....Cotabato c/","Annual Per Capita Poverty Threshold (in PhP)","2021","27473.33","","2026-08-03T13-49-16-ffb070b97929","https://openstat.psa.gov.ph/PXWeb/pxweb/en/DB/DB__1F__FY/0041F3DF02A.px"
"....Cotabato c/","Annual Per Capita Poverty Threshold (in PhP)","2023","31276.26","","2026-08-03T13-49-16-ffb070b97929","https://openstat.psa.gov.ph/PXWeb/pxweb/en/DB/DB__1F__FY/0041F3DF02A.px"
"....Cotabato c/","Poverty Incidence among Population (%)","2018","29.2","","2026-08-03T13-49-16-ffb070b97929","https://openstat.psa.gov.ph/PXWeb/pxweb/en/DB/DB__1F__FY/0041F3DF02A.px"
"....Cotabato c/","Poverty Incidence among Population (%)","2021","31.8","","2026-08-03T13-49-16-ffb070b97929","https://openstat.psa.gov.ph/PXWeb/pxweb/en/DB/DB__1F__FY/0041F3DF02A.px"
"....Cotabato c/","Poverty Incidence among Population (%)","2023","23.9","","2026-08-03T13-49-16-ffb070b97929","https://openstat.psa.gov.ph/PXWeb/pxweb/en/DB/DB__1F__FY/0041F3DF02A.px"
"....Cotabato c/","Coefficient of Variation","2018","9.7","","2026-08-03T13-49-16-ffb070b97929","https://openstat.psa.gov.ph/PXWeb/pxweb/en/DB/DB__1F__FY/0041F3DF02A.px"
"....Cotabato c/","Coefficient of Variation","2021","9.2","","2026-08-03T13-49-16-ffb070b97929","https://openstat.psa.gov.ph/PXWeb/pxweb/en/DB/DB__1F__FY/0041F3DF02A.px"
"....Cotabato c/","Coefficient of Variation","2023","12.8","","2026-08-03T13-49-16-ffb070b97929","https://openstat.psa.gov.ph/PXWeb/pxweb/en/DB/DB__1F__FY/0041F3DF02A.px"
"....Cotabato c/","Standard Error","2018","2.8","","2026-08-03T13-49-16-ffb070b97929","https://openstat.psa.gov.ph/PXWeb/pxweb/en/DB/DB__1F__FY/0041F3DF02A.px"
"....Cotabato c/","Standard Error","2021","2.9","","2026-08-03T13-49-16-ffb070b97929","https://openstat.psa.gov.ph/PXWeb/pxweb/en/DB/DB__1F__FY/0041F3DF02A.px"
"....Cotabato c/","Standard Error","2023","3.1","","2026-08-03T13-49-16-ffb070b97929","https://openstat.psa.gov.ph/PXWeb/pxweb/en/DB/DB__1F__FY/0041F3DF02A.px"
"....Cotabato c/","95% Confidence Interval (Lower Limit)","2018","23.7","","2026-08-03T13-49-16-ffb070b97929","https://openstat.psa.gov.ph/PXWeb/pxweb/en/DB/DB__1F__FY/0041F3DF02A.px"
"....Cotabato c/","95% Confidence Interval (Lower Limit)","2021","26.1","","2026-08-03T13-49-16-ffb070b97929","https://openstat.psa.gov.ph/PXWeb/pxweb/en/DB/DB__1F__FY/0041F3DF02A.px"
"....Cotabato c/","95% Confidence Interval (Lower Limit)","2023","17.9","","2026-08-03T13-49-16-ffb070b97929","https://openstat.psa.gov.ph/PXWeb/pxweb/en/DB/DB__1F__FY/0041F3DF02A.px"
"....Cotabato c/","95% Confidence Interval (Upper Limit)","2018","34.8","","2026-08-03T13-49-16-ffb070b97929","https://openstat.psa.gov.ph/PXWeb/pxweb/en/DB/DB__1F__FY/0041F3DF02A.px"
"....Cotabato c/","95% Confidence Interval (Upper Limit)","2021","37.5","","2026-08-03T13-49-16-ffb070b97929","https://openstat.psa.gov.ph/PXWeb/pxweb/en/DB/DB__1F__FY/0041F3DF02A.px"
"....Cotabato c/","95% Confidence Interval (Upper Limit)","2023","30","","2026-08-03T13-49-16-ffb070b97929","https://openstat.psa.gov.ph/PXWeb/pxweb/en/DB/DB__1F__FY/0041F3DF02A.px"
"....Sarangani 2/, 3/","Annual Per Capita Poverty Threshold (in PhP)","2018","23281.54","","2026-08-03T13-49-16-ffb070b97929","https://openstat.psa.gov.ph/PXWeb/pxweb/en/DB/DB__1F__FY/0041F3DF02A.px"
"....Sarangani 2/, 3/","Annual Per Capita Poverty Threshold (in PhP)","2021","24070.42","","2026-08-03T13-49-16-ffb070b97929","https://openstat.psa.gov.ph/PXWeb/pxweb/en/DB/DB__1F__FY/0041F3DF02A.px"
"....Sarangani 2/, 3/","Annual Per Capita Poverty Threshold (in PhP)","2023","27755.07","","2026-08-03T13-49-16-ffb070b97929","https://openstat.psa.gov.ph/PXWeb/pxweb/en/DB/DB__1F__FY/0041F3DF02A.px"
"....Sarangani 2/, 3/","Poverty Incidence among Population (%)","2018","41.9","","2026-08-03T13-49-16-ffb070b97929","https://openstat.psa.gov.ph/PXWeb/pxweb/en/DB/DB__1F__FY/0041F3DF02A.px"
"....Sarangani 2/, 3/","Poverty Incidence among Population (%)","2021","41.1","","2026-08-03T13-49-16-ffb070b97929","https://openstat.psa.gov.ph/PXWeb/pxweb/en/DB/DB__1F__FY/0041F3DF02A.px"
"....Sarangani 2/, 3/","Poverty Incidence among Population (%)","2023","30.7","","2026-08-03T13-49-16-ffb070b97929","https://openstat.psa.gov.ph/PXWeb/pxweb/en/DB/DB__1F__FY/0041F3DF02A.px"
"....Sarangani 2/, 3/","Coefficient of Variation","2018","8.3","","2026-08-03T13-49-16-ffb070b97929","https://openstat.psa.gov.ph/PXWeb/pxweb/en/DB/DB__1F__FY/0041F3DF02A.px"
"....Sarangani 2/, 3/","Coefficient of Variation","2021","6.7","","2026-08-03T13-49-16-ffb070b97929","https://openstat.psa.gov.ph/PXWeb/pxweb/en/DB/DB__1F__FY/0041F3DF02A.px"
"....Sarangani 2/, 3/","Coefficient of Variation","2023","9.6","","2026-08-03T13-49-16-ffb070b97929","https://openstat.psa.gov.ph/PXWeb/pxweb/en/DB/DB__1F__FY/0041F3DF02A.px"
"....Sarangani 2/, 3/","Standard Error","2018","3.5","","2026-08-03T13-49-16-ffb070b97929","https://openstat.psa.gov.ph/PXWeb/pxweb/en/DB/DB__1F__FY/0041F3DF02A.px"
"....Sarangani 2/, 3/","Standard Error","2021","2.7","","2026-08-03T13-49-16-ffb070b97929","https://openstat.psa.gov.ph/PXWeb/pxweb/en/DB/DB__1F__FY/0041F3DF02A.px"
"....Sarangani 2/, 3/","Standard Error","2023","2.9","","2026-08-03T13-49-16-ffb070b97929","https://openstat.psa.gov.ph/PXWeb/pxweb/en/DB/DB__1F__FY/0041F3DF02A.px"
"....Sarangani 2/, 3/","95% Confidence Interval (Lower Limit)","2018","35.1","","2026-08-03T13-49-16-ffb070b97929","https://openstat.psa.gov.ph/PXWeb/pxweb/en/DB/DB__1F__FY/0041F3DF02A.px"
"....Sarangani 2/, 3/","95% Confidence Interval (Lower Limit)","2021","35.8","","2026-08-03T13-49-16-ffb070b97929","https://openstat.psa.gov.ph/PXWeb/pxweb/en/DB/DB__1F__FY/0041F3DF02A.px"
"....Sarangani 2/, 3/","95% Confidence Interval (Lower Limit)","2023","24.9","","2026-08-03T13-49-16-ffb070b97929","https://openstat.psa.gov.ph/PXWeb/pxweb/en/DB/DB__1F__FY/0041F3DF02A.px"
"....Sarangani 2/, 3/","95% Confidence Interval (Upper Limit)","2018","48.7","","2026-08-03T13-49-16-ffb070b97929","https://openstat.psa.gov.ph/PXWeb/pxweb/en/DB/DB__1F__FY/0041F3DF02A.px"
"....Sarangani 2/, 3/","95% Confidence Interval (Upper Limit)","2021","46.5","","2026-08-03T13-49-16-ffb070b97929","https://openstat.psa.gov.ph/PXWeb/pxweb/en/DB/DB__1F__FY/0041F3DF02A.px"
"....Sarangani 2/, 3/","95% Confidence Interval (Upper Limit)","2023","36.5","","2026-08-03T13-49-16-ffb070b97929","https://openstat.psa.gov.ph/PXWeb/pxweb/en/DB/DB__1F__FY/0041F3DF02A.px"
"....South Cotabato (w/o the City of Gen. Santos) a/, b/, c/","Annual Per Capita Poverty Threshold (in PhP)","2018","25107.34","","2026-08-03T13-49-16-ffb070b97929","https://openstat.psa.gov.ph/PXWeb/pxweb/en/DB/DB__1F__FY/0041F3DF02A.px"
"....South Cotabato (w/o the City of Gen. Santos) a/, b/, c/","Annual Per Capita Poverty Threshold (in PhP)","2021","24219.19","","2026-08-03T13-49-16-ffb070b97929","https://openstat.psa.gov.ph/PXWeb/pxweb/en/DB/DB__1F__FY/0041F3DF02A.px"
"....South Cotabato (w/o the City of Gen. Santos) a/, b/, c/","Annual Per Capita Poverty Threshold (in PhP)","2023","28134.03","","2026-08-03T13-49-16-ffb070b97929","https://openstat.psa.gov.ph/PXWeb/pxweb/en/DB/DB__1F__FY/0041F3DF02A.px"
"....South Cotabato (w/o the City of Gen. Santos) a/, b/, c/","Poverty Incidence among Population (%)","2018","20.2","","2026-08-03T13-49-16-ffb070b97929","https://openstat.psa.gov.ph/PXWeb/pxweb/en/DB/DB__1F__FY/0041F3DF02A.px"
"....South Cotabato (w/o the City of Gen. Santos) a/, b/, c/","Poverty Incidence among Population (%)","2021","18.3","","2026-08-03T13-49-16-ffb070b97929","https://openstat.psa.gov.ph/PXWeb/pxweb/en/DB/DB__1F__FY/0041F3DF02A.px"
"....South Cotabato (w/o the City of Gen. Santos) a/, b/, c/","Poverty Incidence among Population (%)","2023","17.9","","2026-08-03T13-49-16-ffb070b97929","https://openstat.psa.gov.ph/PXWeb/pxweb/en/DB/DB__1F__FY/0041F3DF02A.px"
"....South Cotabato (w/o the City of Gen. Santos) a/, b/, c/","Coefficient of Variation","2018","13.6","","2026-08-03T13-49-16-ffb070b97929","https://openstat.psa.gov.ph/PXWeb/pxweb/en/DB/DB__1F__FY/0041F3DF02A.px"
"....South Cotabato (w/o the City of Gen. Santos) a/, b/, c/","Coefficient of Variation","2021","13","","2026-08-03T13-49-16-ffb070b97929","https://openstat.psa.gov.ph/PXWeb/pxweb/en/DB/DB__1F__FY/0041F3DF02A.px"
"....South Cotabato (w/o the City of Gen. Santos) a/, b/, c/","Coefficient of Variation","2023","13.6","","2026-08-03T13-49-16-ffb070b97929","https://openstat.psa.gov.ph/PXWeb/pxweb/en/DB/DB__1F__FY/0041F3DF02A.px"
"....South Cotabato (w/o the City of Gen. Santos) a/, b/, c/","Standard Error","2018","2.7","","2026-08-03T13-49-16-ffb070b97929","https://openstat.psa.gov.ph/PXWeb/pxweb/en/DB/DB__1F__FY/0041F3DF02A.px"
"....South Cotabato (w/o the City of Gen. Santos) a/, b/, c/","Standard Error","2021","2.4","","2026-08-03T13-49-16-ffb070b97929","https://openstat.psa.gov.ph/PXWeb/pxweb/en/DB/DB__1F__FY/0041F3DF02A.px"
"....South Cotabato (w/o the City of Gen. Santos) a/, b/, c/","Standard Error","2023","2.4","","2026-08-03T13-49-16-ffb070b97929","https://openstat.psa.gov.ph/PXWeb/pxweb/en/DB/DB__1F__FY/0041F3DF02A.px"
"....South Cotabato (w/o the City of Gen. Santos) a/, b/, c/","95% Confidence Interval (Lower Limit)","2018","14.8","","2026-08-03T13-49-16-ffb070b97929","https://openstat.psa.gov.ph/PXWeb/pxweb/en/DB/DB__1F__FY/0041F3DF02A.px"
"....South Cotabato (w/o the City of Gen. Santos) a/, b/, c/","95% Confidence Interval (Lower Limit)","2021","13.7","","2026-08-03T13-49-16-ffb070b97929","https://openstat.psa.gov.ph/PXWeb/pxweb/en/DB/DB__1F__FY/0041F3DF02A.px"
"....South Cotabato (w/o the City of Gen. Santos) a/, b/, c/","95% Confidence Interval (Lower Limit)","2023","13.1","","2026-08-03T13-49-16-ffb070b97929","https://openstat.psa.gov.ph/PXWeb/pxweb/en/DB/DB__1F__FY/0041F3DF02A.px"
"....South Cotabato (w/o the City of Gen. Santos) a/, b/, c/","95% Confidence Interval (Upper Limit)","2018","25.6","","2026-08-03T13-49-16-ffb070b97929","https://openstat.psa.gov.ph/PXWeb/pxweb/en/DB/DB__1F__FY/0041F3DF02A.px"
"....South Cotabato (w/o the City of Gen. Santos) a/, b/, c/","95% Confidence Interval (Upper Limit)","2021","23","","2026-08-03T13-49-16-ffb070b97929","https://openstat.psa.gov.ph/PXWeb/pxweb/en/DB/DB__1F__FY/0041F3DF02A.px"
"....South Cotabato (w/o the City of Gen. Santos) a/, b/, c/","95% Confidence Interval (Upper Limit)","2023","22.6","","2026-08-03T13-49-16-ffb070b97929","https://openstat.psa.gov.ph/PXWeb/pxweb/en/DB/DB__1F__FY/0041F3DF02A.px"
"....City of General Santos (Dadiangas) 2/, 3/, a/, b/, c/","Annual Per Capita Poverty Threshold (in PhP)","2018","25517.5","","2026-08-03T13-49-16-ffb070b97929","https://openstat.psa.gov.ph/PXWeb/pxweb/en/DB/DB__1F__FY/0041F3DF02A.px"
"....City of General Santos (Dadiangas) 2/, 3/, a/, b/, c/","Annual Per Capita Poverty Threshold (in PhP)","2021","24929.88","","2026-08-03T13-49-16-ffb070b97929","https://openstat.psa.gov.ph/PXWeb/pxweb/en/DB/DB__1F__FY/0041F3DF02A.px"
"....City of General Santos (Dadiangas) 2/, 3/, a/, b/, c/","Annual Per Capita Poverty Threshold (in PhP)","2023","28580.13","","2026-08-03T13-49-16-ffb070b97929","https://openstat.psa.gov.ph/PXWeb/pxweb/en/DB/DB__1F__FY/0041F3DF02A.px"
"....City of General Santos (Dadiangas) 2/, 3/, a/, b/, c/","Poverty Incidence among Population (%)","2018","14.7","","2026-08-03T13-49-16-ffb070b97929","https://openstat.psa.gov.ph/PXWeb/pxweb/en/DB/DB__1F__FY/0041F3DF02A.px"
"....City of General Santos (Dadiangas) 2/, 3/, a/, b/, c/","Poverty Incidence among Population (%)","2021","14.1","","2026-08-03T13-49-16-ffb070b97929","https://openstat.psa.gov.ph/PXWeb/pxweb/en/DB/DB__1F__FY/0041F3DF02A.px"
"....City of General Santos (Dadiangas) 2/, 3/, a/, b/, c/","Poverty Incidence among Population (%)","2023","8.2","","2026-08-03T13-49-16-ffb070b97929","https://openstat.psa.gov.ph/PXWeb/pxweb/en/DB/DB__1F__FY/0041F3DF02A.px"
"....City of General Santos (Dadiangas) 2/, 3/, a/, b/, c/","Coefficient of Variation","2018","12.3","","2026-08-03T13-49-16-ffb070b97929","https://openstat.psa.gov.ph/PXWeb/pxweb/en/DB/DB__1F__FY/0041F3DF02A.px"
"....City of General Santos (Dadiangas) 2/, 3/, a/, b/, c/","Coefficient of Variation","2021","10.2","","2026-08-03T13-49-16-ffb070b97929","https://openstat.psa.gov.ph/PXWeb/pxweb/en/DB/DB__1F__FY/0041F3DF02A.px"
"....City of General Santos (Dadiangas) 2/, 3/, a/, b/, c/","Coefficient of Variation","2023","15.1","","2026-08-03T13-49-16-ffb070b97929","https://openstat.psa.gov.ph/PXWeb/pxweb/en/DB/DB__1F__FY/0041F3DF02A.px"
"....City of General Santos (Dadiangas) 2/, 3/, a/, b/, c/","Standard Error","2018","1.8","","2026-08-03T13-49-16-ffb070b97929","https://openstat.psa.gov.ph/PXWeb/pxweb/en/DB/DB__1F__FY/0041F3DF02A.px"
"....City of General Santos (Dadiangas) 2/, 3/, a/, b/, c/","Standard Error","2021","1.4","","2026-08-03T13-49-16-ffb070b97929","https://openstat.psa.gov.ph/PXWeb/pxweb/en/DB/DB__1F__FY/0041F3DF02A.px"
"....City of General Santos (Dadiangas) 2/, 3/, a/, b/, c/","Standard Error","2023","1.2","","2026-08-03T13-49-16-ffb070b97929","https://openstat.psa.gov.ph/PXWeb/pxweb/en/DB/DB__1F__FY/0041F3DF02A.px"
"....City of General Santos (Dadiangas) 2/, 3/, a/, b/, c/","95% Confidence Interval (Lower Limit)","2018","11.2","","2026-08-03T13-49-16-ffb070b97929","https://openstat.psa.gov.ph/PXWeb/pxweb/en/DB/DB__1F__FY/0041F3DF02A.px"
"....City of General Santos (Dadiangas) 2/, 3/, a/, b/, c/","95% Confidence Interval (Lower Limit)","2021","11.3","","2026-08-03T13-49-16-ffb070b97929","https://openstat.psa.gov.ph/PXWeb/pxweb/en/DB/DB__1F__FY/0041F3DF02A.px"
"....City of General Santos (Dadiangas) 2/, 3/, a/, b/, c/","95% Confidence Interval (Lower Limit)","2023","5.8","","2026-08-03T13-49-16-ffb070b97929","https://openstat.psa.gov.ph/PXWeb/pxweb/en/DB/DB__1F__FY/0041F3DF02A.px"
"....City of General Santos (Dadiangas) 2/, 3/, a/, b/, c/","95% Confidence Interval (Upper Limit)","2018","18.3","","2026-08-03T13-49-16-ffb070b97929","https://openstat.psa.gov.ph/PXWeb/pxweb/en/DB/DB__1F__FY/0041F3DF02A.px"
"....City of General Santos (Dadiangas) 2/, 3/, a/, b/, c/","95% Confidence Interval (Upper Limit)","2021","16.9","","2026-08-03T13-49-16-ffb070b97929","https://openstat.psa.gov.ph/PXWeb/pxweb/en/DB/DB__1F__FY/0041F3DF02A.px"
"....City of General Santos (Dadiangas) 2/, 3/, a/, b/, c/","95% Confidence Interval (Upper Limit)","2023","10.6","","2026-08-03T13-49-16-ffb070b97929","https://openstat.psa.gov.ph/PXWeb/pxweb/en/DB/DB__1F__FY/0041F3DF02A.px"
"....Sultan Kudarat c/","Annual Per Capita Poverty Threshold (in PhP)","2018","23775.15","","2026-08-03T13-49-16-ffb070b97929","https://openstat.psa.gov.ph/PXWeb/pxweb/en/DB/DB__1F__FY/0041F3DF02A.px"
"....Sultan Kudarat c/","Annual Per Capita Poverty Threshold (in PhP)","2021","25295.16","","2026-08-03T13-49-16-ffb070b97929","https://openstat.psa.gov.ph/PXWeb/pxweb/en/DB/DB__1F__FY/0041F3DF02A.px"
"....Sultan Kudarat c/","Annual Per Capita Poverty Threshold (in PhP)","2023","29215.48","","2026-08-03T13-49-16-ffb070b97929","https://openstat.psa.gov.ph/PXWeb/pxweb/en/DB/DB__1F__FY/0041F3DF02A.px"
"....Sultan Kudarat c/","Poverty Incidence among Population (%)","2018","31.5","","2026-08-03T13-49-16-ffb070b97929","https://openstat.psa.gov.ph/PXWeb/pxweb/en/DB/DB__1F__FY/0041F3DF02A.px"
"....Sultan Kudarat c/","Poverty Incidence among Population (%)","2021","30.2","","2026-08-03T13-49-16-ffb070b97929","https://openstat.psa.gov.ph/PXWeb/pxweb/en/DB/DB__1F__FY/0041F3DF02A.px"
"....Sultan Kudarat c/","Poverty Incidence among Population (%)","2023","34.3","","2026-08-03T13-49-16-ffb070b97929","https://openstat.psa.gov.ph/PXWeb/pxweb/en/DB/DB__1F__FY/0041F3DF02A.px"
"....Sultan Kudarat c/","Coefficient of Variation","2018","8.3","","2026-08-03T13-49-16-ffb070b97929","https://openstat.psa.gov.ph/PXWeb/pxweb/en/DB/DB__1F__FY/0041F3DF02A.px"
"....Sultan Kudarat c/","Coefficient of Variation","2021","9.3","","2026-08-03T13-49-16-ffb070b97929","https://openstat.psa.gov.ph/PXWeb/pxweb/en/DB/DB__1F__FY/0041F3DF02A.px"
"....Sultan Kudarat c/","Coefficient of Variation","2023","10","","2026-08-03T13-49-16-ffb070b97929","https://openstat.psa.gov.ph/PXWeb/pxweb/en/DB/DB__1F__FY/0041F3DF02A.px"
"....Sultan Kudarat c/","Standard Error","2018","2.6","","2026-08-03T13-49-16-ffb070b97929","https://openstat.psa.gov.ph/PXWeb/pxweb/en/DB/DB__1F__FY/0041F3DF02A.px"
"....Sultan Kudarat c/","Standard Error","2021","2.8","","2026-08-03T13-49-16-ffb070b97929","https://openstat.psa.gov.ph/PXWeb/pxweb/en/DB/DB__1F__FY/0041F3DF02A.px"
"....Sultan Kudarat c/","Standard Error","2023","3.4","","2026-08-03T13-49-16-ffb070b97929","https://openstat.psa.gov.ph/PXWeb/pxweb/en/DB/DB__1F__FY/0041F3DF02A.px"
"....Sultan Kudarat c/","95% Confidence Interval (Lower Limit)","2018","26.4","","2026-08-03T13-49-16-ffb070b97929","https://openstat.psa.gov.ph/PXWeb/pxweb/en/DB/DB__1F__FY/0041F3DF02A.px"
"....Sultan Kudarat c/","95% Confidence Interval (Lower Limit)","2021","24.7","","2026-08-03T13-49-16-ffb070b97929","https://openstat.psa.gov.ph/PXWeb/pxweb/en/DB/DB__1F__FY/0041F3DF02A.px"
"....Sultan Kudarat c/","95% Confidence Interval (Lower Limit)","2023","27.6","","2026-08-03T13-49-16-ffb070b97929","https://openstat.psa.gov.ph/PXWeb/pxweb/en/DB/DB__1F__FY/0041F3DF02A.px"
"....Sultan Kudarat c/","95% Confidence Interval (Upper Limit)","2018","36.6","","2026-08-03T13-49-16-ffb070b97929","https://openstat.psa.gov.ph/PXWeb/pxweb/en/DB/DB__1F__FY/0041F3DF02A.px"
"....Sultan Kudarat c/","95% Confidence Interval (Upper Limit)","2021","35.8","","2026-08-03T13-49-16-ffb070b97929","https://openstat.psa.gov.ph/PXWeb/pxweb/en/DB/DB__1F__FY/0041F3DF02A.px"
"....Sultan Kudarat c/","95% Confidence Interval (Upper Limit)","2023","41.1","","2026-08-03T13-49-16-ffb070b97929","https://openstat.psa.gov.ph/PXWeb/pxweb/en/DB/DB__1F__FY/0041F3DF02A.px"
"..Region XIII (Caraga) 2/, 3/","Annual Per Capita Poverty Threshold (in PhP)","2018","25374.54","","2026-08-03T13-49-16-ffb070b97929","https://openstat.psa.gov.ph/PXWeb/pxweb/en/DB/DB__1F__FY/0041F3DF02A.px"
"..Region XIII (Caraga) 2/, 3/","Annual Per Capita Poverty Threshold (in PhP)","2021","27334.81","","2026-08-03T13-49-16-ffb070b97929","https://openstat.psa.gov.ph/PXWeb/pxweb/en/DB/DB__1F__FY/0041F3DF02A.px"
"..Region XIII (Caraga) 2/, 3/","Annual Per Capita Poverty Threshold (in PhP)","2023","29564.74","","2026-08-03T13-49-16-ffb070b97929","https://openstat.psa.gov.ph/PXWeb/pxweb/en/DB/DB__1F__FY/0041F3DF02A.px"
"..Region XIII (Caraga) 2/, 3/","Poverty Incidence among Population (%)","2018","30.5","","2026-08-03T13-49-16-ffb070b97929","https://openstat.psa.gov.ph/PXWeb/pxweb/en/DB/DB__1F__FY/0041F3DF02A.px"
"..Region XIII (Caraga) 2/, 3/","Poverty Incidence among Population (%)","2021","33.2","","2026-08-03T13-49-16-ffb070b97929","https://openstat.psa.gov.ph/PXWeb/pxweb/en/DB/DB__1F__FY/0041F3DF02A.px"
"..Region XIII (Caraga) 2/, 3/","Poverty Incidence among Population (%)","2023","20.8","","2026-08-03T13-49-16-ffb070b97929","https://openstat.psa.gov.ph/PXWeb/pxweb/en/DB/DB__1F__FY/0041F3DF02A.px"
"..Region XIII (Caraga) 2/, 3/","Coefficient of Variation","2018","3.3","","2026-08-03T13-49-16-ffb070b97929","https://openstat.psa.gov.ph/PXWeb/pxweb/en/DB/DB__1F__FY/0041F3DF02A.px"
"..Region XIII (Caraga) 2/, 3/","Coefficient of Variation","2021","3.4","","2026-08-03T13-49-16-ffb070b97929","https://openstat.psa.gov.ph/PXWeb/pxweb/en/DB/DB__1F__FY/0041F3DF02A.px"
"..Region XIII (Caraga) 2/, 3/","Coefficient of Variation","2023","4.5","","2026-08-03T13-49-16-ffb070b97929","https://openstat.psa.gov.ph/PXWeb/pxweb/en/DB/DB__1F__FY/0041F3DF02A.px"
"..Region XIII (Caraga) 2/, 3/","Standard Error","2018","1","","2026-08-03T13-49-16-ffb070b97929","https://openstat.psa.gov.ph/PXWeb/pxweb/en/DB/DB__1F__FY/0041F3DF02A.px"
"..Region XIII (Caraga) 2/, 3/","Standard Error","2021","1.1","","2026-08-03T13-49-16-ffb070b97929","https://openstat.psa.gov.ph/PXWeb/pxweb/en/DB/DB__1F__FY/0041F3DF02A.px"
"..Region XIII (Caraga) 2/, 3/","Standard Error","2023","0.9","","2026-08-03T13-49-16-ffb070b97929","https://openstat.psa.gov.ph/PXWeb/pxweb/en/DB/DB__1F__FY/0041F3DF02A.px"
"..Region XIII (Caraga) 2/, 3/","95% Confidence Interval (Lower Limit)","2018","28.6","","2026-08-03T13-49-16-ffb070b97929","https://openstat.psa.gov.ph/PXWeb/pxweb/en/DB/DB__1F__FY/0041F3DF02A.px"
"..Region XIII (Caraga) 2/, 3/","95% Confidence Interval (Lower Limit)","2021","31","","2026-08-03T13-49-16-ffb070b97929","https://openstat.psa.gov.ph/PXWeb/pxweb/en/DB/DB__1F__FY/0041F3DF02A.px"
"..Region XIII (Caraga) 2/, 3/","95% Confidence Interval (Lower Limit)","2023","18.9","","2026-08-03T13-49-16-ffb070b97929","https://openstat.psa.gov.ph/PXWeb/pxweb/en/DB/DB__1F__FY/0041F3DF02A.px"
"..Region XIII (Caraga) 2/, 3/","95% Confidence Interval (Upper Limit)","2018","32.5","","2026-08-03T13-49-16-ffb070b97929","https://openstat.psa.gov.ph/PXWeb/pxweb/en/DB/DB__1F__FY/0041F3DF02A.px"
"..Region XIII (Caraga) 2/, 3/","95% Confidence Interval (Upper Limit)","2021","35.4","","2026-08-03T13-49-16-ffb070b97929","https://openstat.psa.gov.ph/PXWeb/pxweb/en/DB/DB__1F__FY/0041F3DF02A.px"
"..Region XIII (Caraga) 2/, 3/","95% Confidence Interval (Upper Limit)","2023","22.6","","2026-08-03T13-49-16-ffb070b97929","https://openstat.psa.gov.ph/PXWeb/pxweb/en/DB/DB__1F__FY/0041F3DF02A.px"
"....Agusan del Norte (w/o the City of Butuan) 2/, c/","Annual Per Capita Poverty Threshold (in PhP)","2018","23584.64","","2026-08-03T13-49-16-ffb070b97929","https://openstat.psa.gov.ph/PXWeb/pxweb/en/DB/DB__1F__FY/0041F3DF02A.px"
"....Agusan del Norte (w/o the City of Butuan) 2/, c/","Annual Per Capita Poverty Threshold (in PhP)","2021","27090.07","","2026-08-03T13-49-16-ffb070b97929","https://openstat.psa.gov.ph/PXWeb/pxweb/en/DB/DB__1F__FY/0041F3DF02A.px"
"....Agusan del Norte (w/o the City of Butuan) 2/, c/","Annual Per Capita Poverty Threshold (in PhP)","2023","29101.36","","2026-08-03T13-49-16-ffb070b97929","https://openstat.psa.gov.ph/PXWeb/pxweb/en/DB/DB__1F__FY/0041F3DF02A.px"
"....Agusan del Norte (w/o the City of Butuan) 2/, c/","Poverty Incidence among Population (%)","2018","27.8","","2026-08-03T13-49-16-ffb070b97929","https://openstat.psa.gov.ph/PXWeb/pxweb/en/DB/DB__1F__FY/0041F3DF02A.px"
"....Agusan del Norte (w/o the City of Butuan) 2/, c/","Poverty Incidence among Population (%)","2021","32.4","","2026-08-03T13-49-16-ffb070b97929","https://openstat.psa.gov.ph/PXWeb/pxweb/en/DB/DB__1F__FY/0041F3DF02A.px"
"....Agusan del Norte (w/o the City of Butuan) 2/, c/","Poverty Incidence among Population (%)","2023","22.7","","2026-08-03T13-49-16-ffb070b97929","https://openstat.psa.gov.ph/PXWeb/pxweb/en/DB/DB__1F__FY/0041F3DF02A.px"
"....Agusan del Norte (w/o the City of Butuan) 2/, c/","Coefficient of Variation","2018","7.8","","2026-08-03T13-49-16-ffb070b97929","https://openstat.psa.gov.ph/PXWeb/pxweb/en/DB/DB__1F__FY/0041F3DF02A.px"
"....Agusan del Norte (w/o the City of Butuan) 2/, c/","Coefficient of Variation","2021","6.7","","2026-08-03T13-49-16-ffb070b97929","https://openstat.psa.gov.ph/PXWeb/pxweb/en/DB/DB__1F__FY/0041F3DF02A.px"
"....Agusan del Norte (w/o the City of Butuan) 2/, c/","Coefficient of Variation","2023","10.2","","2026-08-03T13-49-16-ffb070b97929","https://openstat.psa.gov.ph/PXWeb/pxweb/en/DB/DB__1F__FY/0041F3DF02A.px"
"....Agusan del Norte (w/o the City of Butuan) 2/, c/","Standard Error","2018","2.2","","2026-08-03T13-49-16-ffb070b97929","https://openstat.psa.gov.ph/PXWeb/pxweb/en/DB/DB__1F__FY/0041F3DF02A.px"
"....Agusan del Norte (w/o the City of Butuan) 2/, c/","Standard Error","2021","2.2","","2026-08-03T13-49-16-ffb070b97929","https://openstat.psa.gov.ph/PXWeb/pxweb/en/DB/DB__1F__FY/0041F3DF02A.px"
"....Agusan del Norte (w/o the City of Butuan) 2/, c/","Standard Error","2023","2.3","","2026-08-03T13-49-16-ffb070b97929","https://openstat.psa.gov.ph/PXWeb/pxweb/en/DB/DB__1F__FY/0041F3DF02A.px"
"....Agusan del Norte (w/o the City of Butuan) 2/, c/","95% Confidence Interval (Lower Limit)","2018","23.6","","2026-08-03T13-49-16-ffb070b97929","https://openstat.psa.gov.ph/PXWeb/pxweb/en/DB/DB__1F__FY/0041F3DF02A.px"
"....Agusan del Norte (w/o the City of Butuan) 2/, c/","95% Confidence Interval (Lower Limit)","2021","28.1","","2026-08-03T13-49-16-ffb070b97929","https://openstat.psa.gov.ph/PXWeb/pxweb/en/DB/DB__1F__FY/0041F3DF02A.px"
"....Agusan del Norte (w/o the City of Butuan) 2/, c/","95% Confidence Interval (Lower Limit)","2023","18.2","","2026-08-03T13-49-16-ffb070b97929","https://openstat.psa.gov.ph/PXWeb/pxweb/en/DB/DB__1F__FY/0041F3DF02A.px"
"....Agusan del Norte (w/o the City of Butuan) 2/, c/","95% Confidence Interval (Upper Limit)","2018","32","","2026-08-03T13-49-16-ffb070b97929","https://openstat.psa.gov.ph/PXWeb/pxweb/en/DB/DB__1F__FY/0041F3DF02A.px"
"....Agusan del Norte (w/o the City of Butuan) 2/, c/","95% Confidence Interval (Upper Limit)","2021","36.7","","2026-08-03T13-49-16-ffb070b97929","https://openstat.psa.gov.ph/PXWeb/pxweb/en/DB/DB__1F__FY/0041F3DF02A.px"
"....Agusan del Norte (w/o the City of Butuan) 2/, c/","95% Confidence Interval (Upper Limit)","2023","27.3","","2026-08-03T13-49-16-ffb070b97929","https://openstat.psa.gov.ph/PXWeb/pxweb/en/DB/DB__1F__FY/0041F3DF02A.px"
"....City of Butuan 1/, 2/, c/","Annual Per Capita Poverty Threshold (in PhP)","2018","24040.04","","2026-08-03T13-49-16-ffb070b97929","https://openstat.psa.gov.ph/PXWeb/pxweb/en/DB/DB__1F__FY/0041F3DF02A.px"
"....City of Butuan 1/, 2/, c/","Annual Per Capita Poverty Threshold (in PhP)","2021","28455.35","","2026-08-03T13-49-16-ffb070b97929","https://openstat.psa.gov.ph/PXWeb/pxweb/en/DB/DB__1F__FY/0041F3DF02A.px"
"....City of Butuan 1/, 2/, c/","Annual Per Capita Poverty Threshold (in PhP)","2023","29502.5","","2026-08-03T13-49-16-ffb070b97929","https://openstat.psa.gov.ph/PXWeb/pxweb/en/DB/DB__1F__FY/0041F3DF02A.px"
"....City of Butuan 1/, 2/, c/","Poverty Incidence among Population (%)","2018","20.8","","2026-08-03T13-49-16-ffb070b97929","https://openstat.psa.gov.ph/PXWeb/pxweb/en/DB/DB__1F__FY/0041F3DF02A.px"
"....City of Butuan 1/, 2/, c/","Poverty Incidence among Population (%)","2021","29.1","","2026-08-03T13-49-16-ffb070b97929","https://openstat.psa.gov.ph/PXWeb/pxweb/en/DB/DB__1F__FY/0041F3DF02A.px"
"....City of Butuan 1/, 2/, c/","Poverty Incidence among Population (%)","2023","16.5","","2026-08-03T13-49-16-ffb070b97929","https://openstat.psa.gov.ph/PXWeb/pxweb/en/DB/DB__1F__FY/0041F3DF02A.px"
"....City of Butuan 1/, 2/, c/","Coefficient of Variation","2018","9.9","","2026-08-03T13-49-16-ffb070b97929","https://openstat.psa.gov.ph/PXWeb/pxweb/en/DB/DB__1F__FY/0041F3DF02A.px"
"....City of Butuan 1/, 2/, c/","Coefficient of Variation","2021","7.1","","2026-08-03T13-49-16-ffb070b97929","https://openstat.psa.gov.ph/PXWeb/pxweb/en/DB/DB__1F__FY/0041F3DF02A.px"
"....City of Butuan 1/, 2/, c/","Coefficient of Variation","2023","10.1","","2026-08-03T13-49-16-ffb070b97929","https://openstat.psa.gov.ph/PXWeb/pxweb/en/DB/DB__1F__FY/0041F3DF02A.px"
"....City of Butuan 1/, 2/, c/","Standard Error","2018","2.1","","2026-08-03T13-49-16-ffb070b97929","https://openstat.psa.gov.ph/PXWeb/pxweb/en/DB/DB__1F__FY/0041F3DF02A.px"
"....City of Butuan 1/, 2/, c/","Standard Error","2021","2.1","","2026-08-03T13-49-16-ffb070b97929","https://openstat.psa.gov.ph/PXWeb/pxweb/en/DB/DB__1F__FY/0041F3DF02A.px"
"....City of Butuan 1/, 2/, c/","Standard Error","2023","1.7","","2026-08-03T13-49-16-ffb070b97929","https://openstat.psa.gov.ph/PXWeb/pxweb/en/DB/DB__1F__FY/0041F3DF02A.px"
"....City of Butuan 1/, 2/, c/","95% Confidence Interval (Lower Limit)","2018","16.8","","2026-08-03T13-49-16-ffb070b97929","https://openstat.psa.gov.ph/PXWeb/pxweb/en/DB/DB__1F__FY/0041F3DF02A.px"
"....City of Butuan 1/, 2/, c/","95% Confidence Interval (Lower Limit)","2021","25.1","","2026-08-03T13-49-16-ffb070b97929","https://openstat.psa.gov.ph/PXWeb/pxweb/en/DB/DB__1F__FY/0041F3DF02A.px"
"....City of Butuan 1/, 2/, c/","95% Confidence Interval (Lower Limit)","2023","13.2","","2026-08-03T13-49-16-ffb070b97929","https://openstat.psa.gov.ph/PXWeb/pxweb/en/DB/DB__1F__FY/0041F3DF02A.px"
"....City of Butuan 1/, 2/, c/","95% Confidence Interval (Upper Limit)","2018","24.8","","2026-08-03T13-49-16-ffb070b97929","https://openstat.psa.gov.ph/PXWeb/pxweb/en/DB/DB__1F__FY/0041F3DF02A.px"
"....City of Butuan 1/, 2/, c/","95% Confidence Interval (Upper Limit)","2021","33.2","","2026-08-03T13-49-16-ffb070b97929","https://openstat.psa.gov.ph/PXWeb/pxweb/en/DB/DB__1F__FY/0041F3DF02A.px"
"....City of Butuan 1/, 2/, c/","95% Confidence Interval (Upper Limit)","2023","19.8","","2026-08-03T13-49-16-ffb070b97929","https://openstat.psa.gov.ph/PXWeb/pxweb/en/DB/DB__1F__FY/0041F3DF02A.px"
"....Agusan del Sur 2/","Annual Per Capita Poverty Threshold (in PhP)","2018","24655.14","","2026-08-03T13-49-16-ffb070b97929","https://openstat.psa.gov.ph/PXWeb/pxweb/en/DB/DB__1F__FY/0041F3DF02A.px"
"....Agusan del Sur 2/","Annual Per Capita Poverty Threshold (in PhP)","2021","27820.89","","2026-08-03T13-49-16-ffb070b97929","https://openstat.psa.gov.ph/PXWeb/pxweb/en/DB/DB__1F__FY/0041F3DF02A.px"
"....Agusan del Sur 2/","Annual Per Capita Poverty Threshold (in PhP)","2023","29210.13","","2026-08-03T13-49-16-ffb070b97929","https://openstat.psa.gov.ph/PXWeb/pxweb/en/DB/DB__1F__FY/0041F3DF02A.px"
"....Agusan del Sur 2/","Poverty Incidence among Population (%)","2018","37.9","","2026-08-03T13-49-16-ffb070b97929","https://openstat.psa.gov.ph/PXWeb/pxweb/en/DB/DB__1F__FY/0041F3DF02A.px"
"....Agusan del Sur 2/","Poverty Incidence among Population (%)","2021","41.3","","2026-08-03T13-49-16-ffb070b97929","https://openstat.psa.gov.ph/PXWeb/pxweb/en/DB/DB__1F__FY/0041F3DF02A.px"
"....Agusan del Sur 2/","Poverty Incidence among Population (%)","2023","32.2","","2026-08-03T13-49-16-ffb070b97929","https://openstat.psa.gov.ph/PXWeb/pxweb/en/DB/DB__1F__FY/0041F3DF02A.px"
"....Agusan del Sur 2/","Coefficient of Variation","2018","6.4","","2026-08-03T13-49-16-ffb070b97929","https://openstat.psa.gov.ph/PXWeb/pxweb/en/DB/DB__1F__FY/0041F3DF02A.px"
"....Agusan del Sur 2/","Coefficient of Variation","2021","6","","2026-08-03T13-49-16-ffb070b97929","https://openstat.psa.gov.ph/PXWeb/pxweb/en/DB/DB__1F__FY/0041F3DF02A.px"
"....Agusan del Sur 2/","Coefficient of Variation","2023","8.1","","2026-08-03T13-49-16-ffb070b97929","https://openstat.psa.gov.ph/PXWeb/pxweb/en/DB/DB__1F__FY/0041F3DF02A.px"
"....Agusan del Sur 2/","Standard Error","2018","2.4","","2026-08-03T13-49-16-ffb070b97929","https://openstat.psa.gov.ph/PXWeb/pxweb/en/DB/DB__1F__FY/0041F3DF02A.px"
"....Agusan del Sur 2/","Standard Error","2021","2.5","","2026-08-03T13-49-16-ffb070b97929","https://openstat.psa.gov.ph/PXWeb/pxweb/en/DB/DB__1F__FY/0041F3DF02A.px"
"....Agusan del Sur 2/","Standard Error","2023","2.6","","2026-08-03T13-49-16-ffb070b97929","https://openstat.psa.gov.ph/PXWeb/pxweb/en/DB/DB__1F__FY/0041F3DF02A.px"
"....Agusan del Sur 2/","95% Confidence Interval (Lower Limit)","2018","33.1","","2026-08-03T13-49-16-ffb070b97929","https://openstat.psa.gov.ph/PXWeb/pxweb/en/DB/DB__1F__FY/0041F3DF02A.px"
"....Agusan del Sur 2/","95% Confidence Interval (Lower Limit)","2021","36.4","","2026-08-03T13-49-16-ffb070b97929","https://openstat.psa.gov.ph/PXWeb/pxweb/en/DB/DB__1F__FY/0041F3DF02A.px"
"....Agusan del Sur 2/","95% Confidence Interval (Lower Limit)","2023","27.1","","2026-08-03T13-49-16-ffb070b97929","https://openstat.psa.gov.ph/PXWeb/pxweb/en/DB/DB__1F__FY/0041F3DF02A.px"
"....Agusan del Sur 2/","95% Confidence Interval (Upper Limit)","2018","42.7","","2026-08-03T13-49-16-ffb070b97929","https://openstat.psa.gov.ph/PXWeb/pxweb/en/DB/DB__1F__FY/0041F3DF02A.px"
"....Agusan del Sur 2/","95% Confidence Interval (Upper Limit)","2021","46.2","","2026-08-03T13-49-16-ffb070b97929","https://openstat.psa.gov.ph/PXWeb/pxweb/en/DB/DB__1F__FY/0041F3DF02A.px"
"....Agusan del Sur 2/","95% Confidence Interval (Upper Limit)","2023","37.3","","2026-08-03T13-49-16-ffb070b97929","https://openstat.psa.gov.ph/PXWeb/pxweb/en/DB/DB__1F__FY/0041F3DF02A.px"
"....Surigao del Norte 2/, 3/, b/, c/","Annual Per Capita Poverty Threshold (in PhP)","2018","28293.48","","2026-08-03T13-49-16-ffb070b97929","https://openstat.psa.gov.ph/PXWeb/pxweb/en/DB/DB__1F__FY/0041F3DF02A.px"
"....Surigao del Norte 2/, 3/, b/, c/","Annual Per Capita Poverty Threshold (in PhP)","2021","26443.76","","2026-08-03T13-49-16-ffb070b97929","https://openstat.psa.gov.ph/PXWeb/pxweb/en/DB/DB__1F__FY/0041F3DF02A.px"
"....Surigao del Norte 2/, 3/, b/, c/","Annual Per Capita Poverty Threshold (in PhP)","2023","29864.86","","2026-08-03T13-49-16-ffb070b97929","https://openstat.psa.gov.ph/PXWeb/pxweb/en/DB/DB__1F__FY/0041F3DF02A.px"
"....Surigao del Norte 2/, 3/, b/, c/","Poverty Incidence among Population (%)","2018","34.4","","2026-08-03T13-49-16-ffb070b97929","https://openstat.psa.gov.ph/PXWeb/pxweb/en/DB/DB__1F__FY/0041F3DF02A.px"
"....Surigao del Norte 2/, 3/, b/, c/","Poverty Incidence among Population (%)","2021","27.6","","2026-08-03T13-49-16-ffb070b97929","https://openstat.psa.gov.ph/PXWeb/pxweb/en/DB/DB__1F__FY/0041F3DF02A.px"
"....Surigao del Norte 2/, 3/, b/, c/","Poverty Incidence among Population (%)","2023","10","","2026-08-03T13-49-16-ffb070b97929","https://openstat.psa.gov.ph/PXWeb/pxweb/en/DB/DB__1F__FY/0041F3DF02A.px"
"....Surigao del Norte 2/, 3/, b/, c/","Coefficient of Variation","2018","6","","2026-08-03T13-49-16-ffb070b97929","https://openstat.psa.gov.ph/PXWeb/pxweb/en/DB/DB__1F__FY/0041F3DF02A.px"
"....Surigao del Norte 2/, 3/, b/, c/","Coefficient of Variation","2021","11.1","","2026-08-03T13-49-16-ffb070b97929","https://openstat.psa.gov.ph/PXWeb/pxweb/en/DB/DB__1F__FY/0041F3DF02A.px"
"....Surigao del Norte 2/, 3/, b/, c/","Coefficient of Variation","2023","12.4","","2026-08-03T13-49-16-ffb070b97929","https://openstat.psa.gov.ph/PXWeb/pxweb/en/DB/DB__1F__FY/0041F3DF02A.px"
"....Surigao del Norte 2/, 3/, b/, c/","Standard Error","2018","2.1","","2026-08-03T13-49-16-ffb070b97929","https://openstat.psa.gov.ph/PXWeb/pxweb/en/DB/DB__1F__FY/0041F3DF02A.px"
"....Surigao del Norte 2/, 3/, b/, c/","Standard Error","2021","3.1","","2026-08-03T13-49-16-ffb070b97929","https://openstat.psa.gov.ph/PXWeb/pxweb/en/DB/DB__1F__FY/0041F3DF02A.px"
"....Surigao del Norte 2/, 3/, b/, c/","Standard Error","2023","1.2","","2026-08-03T13-49-16-ffb070b97929","https://openstat.psa.gov.ph/PXWeb/pxweb/en/DB/DB__1F__FY/0041F3DF02A.px"
"....Surigao del Norte 2/, 3/, b/, c/","95% Confidence Interval (Lower Limit)","2018","30.3","","2026-08-03T13-49-16-ffb070b97929","https://openstat.psa.gov.ph/PXWeb/pxweb/en/DB/DB__1F__FY/0041F3DF02A.px"
"....Surigao del Norte 2/, 3/, b/, c/","95% Confidence Interval (Lower Limit)","2021","21.6","","2026-08-03T13-49-16-ffb070b97929","https://openstat.psa.gov.ph/PXWeb/pxweb/en/DB/DB__1F__FY/0041F3DF02A.px"
"....Surigao del Norte 2/, 3/, b/, c/","95% Confidence Interval (Lower Limit)","2023","7.6","","2026-08-03T13-49-16-ffb070b97929","https://openstat.psa.gov.ph/PXWeb/pxweb/en/DB/DB__1F__FY/0041F3DF02A.px"
"....Surigao del Norte 2/, 3/, b/, c/","95% Confidence Interval (Upper Limit)","2018","38.4","","2026-08-03T13-49-16-ffb070b97929","https://openstat.psa.gov.ph/PXWeb/pxweb/en/DB/DB__1F__FY/0041F3DF02A.px"
"....Surigao del Norte 2/, 3/, b/, c/","95% Confidence Interval (Upper Limit)","2021","33.6","","2026-08-03T13-49-16-ffb070b97929","https://openstat.psa.gov.ph/PXWeb/pxweb/en/DB/DB__1F__FY/0041F3DF02A.px"
"....Surigao del Norte 2/, 3/, b/, c/","95% Confidence Interval (Upper Limit)","2023","12.4","","2026-08-03T13-49-16-ffb070b97929","https://openstat.psa.gov.ph/PXWeb/pxweb/en/DB/DB__1F__FY/0041F3DF02A.px"
"....Surigao del Sur 2/, 3/, c/","Annual Per Capita Poverty Threshold (in PhP)","2018","24873.2","","2026-08-03T13-49-16-ffb070b97929","https://openstat.psa.gov.ph/PXWeb/pxweb/en/DB/DB__1F__FY/0041F3DF02A.px"
"....Surigao del Sur 2/, 3/, c/","Annual Per Capita Poverty Threshold (in PhP)","2021","26441.36","","2026-08-03T13-49-16-ffb070b97929","https://openstat.psa.gov.ph/PXWeb/pxweb/en/DB/DB__1F__FY/0041F3DF02A.px"
"....Surigao del Sur 2/, 3/, c/","Annual Per Capita Poverty Threshold (in PhP)","2023","28997.48","","2026-08-03T13-49-16-ffb070b97929","https://openstat.psa.gov.ph/PXWeb/pxweb/en/DB/DB__1F__FY/0041F3DF02A.px"
"....Surigao del Sur 2/, 3/, c/","Poverty Incidence among Population (%)","2018","25.4","","2026-08-03T13-49-16-ffb070b97929","https://openstat.psa.gov.ph/PXWeb/pxweb/en/DB/DB__1F__FY/0041F3DF02A.px"
"....Surigao del Sur 2/, 3/, c/","Poverty Incidence among Population (%)","2021","31.2","","2026-08-03T13-49-16-ffb070b97929","https://openstat.psa.gov.ph/PXWeb/pxweb/en/DB/DB__1F__FY/0041F3DF02A.px"
"....Surigao del Sur 2/, 3/, c/","Poverty Incidence among Population (%)","2023","16.2","","2026-08-03T13-49-16-ffb070b97929","https://openstat.psa.gov.ph/PXWeb/pxweb/en/DB/DB__1F__FY/0041F3DF02A.px"
"....Surigao del Sur 2/, 3/, c/","Coefficient of Variation","2018","8.3","","2026-08-03T13-49-16-ffb070b97929","https://openstat.psa.gov.ph/PXWeb/pxweb/en/DB/DB__1F__FY/0041F3DF02A.px"
"....Surigao del Sur 2/, 3/, c/","Coefficient of Variation","2021","7.4","","2026-08-03T13-49-16-ffb070b97929","https://openstat.psa.gov.ph/PXWeb/pxweb/en/DB/DB__1F__FY/0041F3DF02A.px"
"....Surigao del Sur 2/, 3/, c/","Coefficient of Variation","2023","11.1","","2026-08-03T13-49-16-ffb070b97929","https://openstat.psa.gov.ph/PXWeb/pxweb/en/DB/DB__1F__FY/0041F3DF02A.px"
"....Surigao del Sur 2/, 3/, c/","Standard Error","2018","2.1","","2026-08-03T13-49-16-ffb070b97929","https://openstat.psa.gov.ph/PXWeb/pxweb/en/DB/DB__1F__FY/0041F3DF02A.px"
"....Surigao del Sur 2/, 3/, c/","Standard Error","2021","2.3","","2026-08-03T13-49-16-ffb070b97929","https://openstat.psa.gov.ph/PXWeb/pxweb/en/DB/DB__1F__FY/0041F3DF02A.px"
"....Surigao del Sur 2/, 3/, c/","Standard Error","2023","1.8","","2026-08-03T13-49-16-ffb070b97929","https://openstat.psa.gov.ph/PXWeb/pxweb/en/DB/DB__1F__FY/0041F3DF02A.px"
"....Surigao del Sur 2/, 3/, c/","95% Confidence Interval (Lower Limit)","2018","21.3","","2026-08-03T13-49-16-ffb070b97929","https://openstat.psa.gov.ph/PXWeb/pxweb/en/DB/DB__1F__FY/0041F3DF02A.px"
"....Surigao del Sur 2/, 3/, c/","95% Confidence Interval (Lower Limit)","2021","26.7","","2026-08-03T13-49-16-ffb070b97929","https://openstat.psa.gov.ph/PXWeb/pxweb/en/DB/DB__1F__FY/0041F3DF02A.px"
"....Surigao del Sur 2/, 3/, c/","95% Confidence Interval (Lower Limit)","2023","12.7","","2026-08-03T13-49-16-ffb070b97929","https://openstat.psa.gov.ph/PXWeb/pxweb/en/DB/DB__1F__FY/0041F3DF02A.px"
"....Surigao del Sur 2/, 3/, c/","95% Confidence Interval (Upper Limit)","2018","29.6","","2026-08-03T13-49-16-ffb070b97929","https://openstat.psa.gov.ph/PXWeb/pxweb/en/DB/DB__1F__FY/0041F3DF02A.px"
"....Surigao del Sur 2/, 3/, c/","95% Confidence Interval (Upper Limit)","2021","35.8","","2026-08-03T13-49-16-ffb070b97929","https://openstat.psa.gov.ph/PXWeb/pxweb/en/DB/DB__1F__FY/0041F3DF02A.px"
"....Surigao del Sur 2/, 3/, c/","95% Confidence Interval (Upper Limit)","2023","19.7","","2026-08-03T13-49-16-ffb070b97929","https://openstat.psa.gov.ph/PXWeb/pxweb/en/DB/DB__1F__FY/0041F3DF02A.px"
"....Dinagat Islands a/","Annual Per Capita Poverty Threshold (in PhP)","2018","26408.52","","2026-08-03T13-49-16-ffb070b97929","https://openstat.psa.gov.ph/PXWeb/pxweb/en/DB/DB__1F__FY/0041F3DF02A.px"
"....Dinagat Islands a/","Annual Per Capita Poverty Threshold (in PhP)","2021","28906.69","","2026-08-03T13-49-16-ffb070b97929","https://openstat.psa.gov.ph/PXWeb/pxweb/en/DB/DB__1F__FY/0041F3DF02A.px"
"....Dinagat Islands a/","Annual Per Capita Poverty Threshold (in PhP)","2023","33988.54","","2026-08-03T13-49-16-ffb070b97929","https://openstat.psa.gov.ph/PXWeb/pxweb/en/DB/DB__1F__FY/0041F3DF02A.px"
"....Dinagat Islands a/","Poverty Incidence among Population (%)","2018","32.8","","2026-08-03T13-49-16-ffb070b97929","https://openstat.psa.gov.ph/PXWeb/pxweb/en/DB/DB__1F__FY/0041F3DF02A.px"
"....Dinagat Islands a/","Poverty Incidence among Population (%)","2021","33.3","","2026-08-03T13-49-16-ffb070b97929","https://openstat.psa.gov.ph/PXWeb/pxweb/en/DB/DB__1F__FY/0041F3DF02A.px"
"....Dinagat Islands a/","Poverty Incidence among Population (%)","2023","29.4","","2026-08-03T13-49-16-ffb070b97929","https://openstat.psa.gov.ph/PXWeb/pxweb/en/DB/DB__1F__FY/0041F3DF02A.px"
"....Dinagat Islands a/","Coefficient of Variation","2018","10.1","","2026-08-03T13-49-16-ffb070b97929","https://openstat.psa.gov.ph/PXWeb/pxweb/en/DB/DB__1F__FY/0041F3DF02A.px"
"....Dinagat Islands a/","Coefficient of Variation","2021","9.6","","2026-08-03T13-49-16-ffb070b97929","https://openstat.psa.gov.ph/PXWeb/pxweb/en/DB/DB__1F__FY/0041F3DF02A.px"
"....Dinagat Islands a/","Coefficient of Variation","2023","7.9","","2026-08-03T13-49-16-ffb070b97929","https://openstat.psa.gov.ph/PXWeb/pxweb/en/DB/DB__1F__FY/0041F3DF02A.px"
"....Dinagat Islands a/","Standard Error","2018","3.3","","2026-08-03T13-49-16-ffb070b97929","https://openstat.psa.gov.ph/PXWeb/pxweb/en/DB/DB__1F__FY/0041F3DF02A.px"
"....Dinagat Islands a/","Standard Error","2021","3.2","","2026-08-03T13-49-16-ffb070b97929","https://openstat.psa.gov.ph/PXWeb/pxweb/en/DB/DB__1F__FY/0041F3DF02A.px"
"....Dinagat Islands a/","Standard Error","2023","2.3","","2026-08-03T13-49-16-ffb070b97929","https://openstat.psa.gov.ph/PXWeb/pxweb/en/DB/DB__1F__FY/0041F3DF02A.px"
"....Dinagat Islands a/","95% Confidence Interval (Lower Limit)","2018","26.3","","2026-08-03T13-49-16-ffb070b97929","https://openstat.psa.gov.ph/PXWeb/pxweb/en/DB/DB__1F__FY/0041F3DF02A.px"
"....Dinagat Islands a/","95% Confidence Interval (Lower Limit)","2021","27","","2026-08-03T13-49-16-ffb070b97929","https://openstat.psa.gov.ph/PXWeb/pxweb/en/DB/DB__1F__FY/0041F3DF02A.px"
"....Dinagat Islands a/","95% Confidence Interval (Lower Limit)","2023","24.9","","2026-08-03T13-49-16-ffb070b97929","https://openstat.psa.gov.ph/PXWeb/pxweb/en/DB/DB__1F__FY/0041F3DF02A.px"
"....Dinagat Islands a/","95% Confidence Interval (Upper Limit)","2018","39.3","","2026-08-03T13-49-16-ffb070b97929","https://openstat.psa.gov.ph/PXWeb/pxweb/en/DB/DB__1F__FY/0041F3DF02A.px"
"....Dinagat Islands a/","95% Confidence Interval (Upper Limit)","2021","39.6","","2026-08-03T13-49-16-ffb070b97929","https://openstat.psa.gov.ph/PXWeb/pxweb/en/DB/DB__1F__FY/0041F3DF02A.px"
"....Dinagat Islands a/","95% Confidence Interval (Upper Limit)","2023","34","","2026-08-03T13-49-16-ffb070b97929","https://openstat.psa.gov.ph/PXWeb/pxweb/en/DB/DB__1F__FY/0041F3DF02A.px"
"..Bangsamoro Autonomous Region in Muslim Mindanao (BARMM) r1, 1/, 3/, 5/","Annual Per Capita Poverty Threshold (in PhP)","2018","27714.84","","2026-08-03T13-49-16-ffb070b97929","https://openstat.psa.gov.ph/PXWeb/pxweb/en/DB/DB__1F__FY/0041F3DF02A.px"
"..Bangsamoro Autonomous Region in Muslim Mindanao (BARMM) r1, 1/, 3/, 5/","Annual Per Capita Poverty Threshold (in PhP)","2021","27233.65","","2026-08-03T13-49-16-ffb070b97929","https://openstat.psa.gov.ph/PXWeb/pxweb/en/DB/DB__1F__FY/0041F3DF02A.px"
"..Bangsamoro Autonomous Region in Muslim Mindanao (BARMM) r1, 1/, 3/, 5/","Annual Per Capita Poverty Threshold (in PhP)","2023","30922.26","","2026-08-03T13-49-16-ffb070b97929","https://openstat.psa.gov.ph/PXWeb/pxweb/en/DB/DB__1F__FY/0041F3DF02A.px"
"..Bangsamoro Autonomous Region in Muslim Mindanao (BARMM) r1, 1/, 3/, 5/","Poverty Incidence among Population (%)","2018","60.4","","2026-08-03T13-49-16-ffb070b97929","https://openstat.psa.gov.ph/PXWeb/pxweb/en/DB/DB__1F__FY/0041F3DF02A.px"
"..Bangsamoro Autonomous Region in Muslim Mindanao (BARMM) r1, 1/, 3/, 5/","Poverty Incidence among Population (%)","2021","35.4","","2026-08-03T13-49-16-ffb070b97929","https://openstat.psa.gov.ph/PXWeb/pxweb/en/DB/DB__1F__FY/0041F3DF02A.px"
"..Bangsamoro Autonomous Region in Muslim Mindanao (BARMM) r1, 1/, 3/, 5/","Poverty Incidence among Population (%)","2023","32.4","","2026-08-03T13-49-16-ffb070b97929","https://openstat.psa.gov.ph/PXWeb/pxweb/en/DB/DB__1F__FY/0041F3DF02A.px"
"..Bangsamoro Autonomous Region in Muslim Mindanao (BARMM) r1, 1/, 3/, 5/","Coefficient of Variation","2018","2.3","","2026-08-03T13-49-16-ffb070b97929","https://openstat.psa.gov.ph/PXWeb/pxweb/en/DB/DB__1F__FY/0041F3DF02A.px"
"..Bangsamoro Autonomous Region in Muslim Mindanao (BARMM) r1, 1/, 3/, 5/","Coefficient of Variation","2021","3.5","","2026-08-03T13-49-16-ffb070b97929","https://openstat.psa.gov.ph/PXWeb/pxweb/en/DB/DB__1F__FY/0041F3DF02A.px"
"..Bangsamoro Autonomous Region in Muslim Mindanao (BARMM) r1, 1/, 3/, 5/","Coefficient of Variation","2023","3.1","","2026-08-03T13-49-16-ffb070b97929","https://openstat.psa.gov.ph/PXWeb/pxweb/en/DB/DB__1F__FY/0041F3DF02A.px"
"..Bangsamoro Autonomous Region in Muslim Mindanao (BARMM) r1, 1/, 3/, 5/","Standard Error","2018","1.4","","2026-08-03T13-49-16-ffb070b97929","https://openstat.psa.gov.ph/PXWeb/pxweb/en/DB/DB__1F__FY/0041F3DF02A.px"
"..Bangsamoro Autonomous Region in Muslim Mindanao (BARMM) r1, 1/, 3/, 5/","Standard Error","2021","1.2","","2026-08-03T13-49-16-ffb070b97929","https://openstat.psa.gov.ph/PXWeb/pxweb/en/DB/DB__1F__FY/0041F3DF02A.px"
"..Bangsamoro Autonomous Region in Muslim Mindanao (BARMM) r1, 1/, 3/, 5/","Standard Error","2023","1","","2026-08-03T13-49-16-ffb070b97929","https://openstat.psa.gov.ph/PXWeb/pxweb/en/DB/DB__1F__FY/0041F3DF02A.px"
"..Bangsamoro Autonomous Region in Muslim Mindanao (BARMM) r1, 1/, 3/, 5/","95% Confidence Interval (Lower Limit)","2018","57.7","","2026-08-03T13-49-16-ffb070b97929","https://openstat.psa.gov.ph/PXWeb/pxweb/en/DB/DB__1F__FY/0041F3DF02A.px"
"..Bangsamoro Autonomous Region in Muslim Mindanao (BARMM) r1, 1/, 3/, 5/","95% Confidence Interval (Lower Limit)","2021","33","","2026-08-03T13-49-16-ffb070b97929","https://openstat.psa.gov.ph/PXWeb/pxweb/en/DB/DB__1F__FY/0041F3DF02A.px"
"..Bangsamoro Autonomous Region in Muslim Mindanao (BARMM) r1, 1/, 3/, 5/","95% Confidence Interval (Lower Limit)","2023","30.4","","2026-08-03T13-49-16-ffb070b97929","https://openstat.psa.gov.ph/PXWeb/pxweb/en/DB/DB__1F__FY/0041F3DF02A.px"
"..Bangsamoro Autonomous Region in Muslim Mindanao (BARMM) r1, 1/, 3/, 5/","95% Confidence Interval (Upper Limit)","2018","63.1","","2026-08-03T13-49-16-ffb070b97929","https://openstat.psa.gov.ph/PXWeb/pxweb/en/DB/DB__1F__FY/0041F3DF02A.px"
"..Bangsamoro Autonomous Region in Muslim Mindanao (BARMM) r1, 1/, 3/, 5/","95% Confidence Interval (Upper Limit)","2021","37.9","","2026-08-03T13-49-16-ffb070b97929","https://openstat.psa.gov.ph/PXWeb/pxweb/en/DB/DB__1F__FY/0041F3DF02A.px"
"..Bangsamoro Autonomous Region in Muslim Mindanao (BARMM) r1, 1/, 3/, 5/","95% Confidence Interval (Upper Limit)","2023","34.4","","2026-08-03T13-49-16-ffb070b97929","https://openstat.psa.gov.ph/PXWeb/pxweb/en/DB/DB__1F__FY/0041F3DF02A.px"
"....Basilan 1/, 3/","Annual Per Capita Poverty Threshold (in PhP)","2018","26950.66","","2026-08-03T13-49-16-ffb070b97929","https://openstat.psa.gov.ph/PXWeb/pxweb/en/DB/DB__1F__FY/0041F3DF02A.px"
"....Basilan 1/, 3/","Annual Per Capita Poverty Threshold (in PhP)","2021","26728.27","","2026-08-03T13-49-16-ffb070b97929","https://openstat.psa.gov.ph/PXWeb/pxweb/en/DB/DB__1F__FY/0041F3DF02A.px"
"....Basilan 1/, 3/","Annual Per Capita Poverty Threshold (in PhP)","2023","31576.7","","2026-08-03T13-49-16-ffb070b97929","https://openstat.psa.gov.ph/PXWeb/pxweb/en/DB/DB__1F__FY/0041F3DF02A.px"
"....Basilan 1/, 3/","Poverty Incidence among Population (%)","2018","73.5","","2026-08-03T13-49-16-ffb070b97929","https://openstat.psa.gov.ph/PXWeb/pxweb/en/DB/DB__1F__FY/0041F3DF02A.px"
"....Basilan 1/, 3/","Poverty Incidence among Population (%)","2021","53.5","","2026-08-03T13-49-16-ffb070b97929","https://openstat.psa.gov.ph/PXWeb/pxweb/en/DB/DB__1F__FY/0041F3DF02A.px"
"....Basilan 1/, 3/","Poverty Incidence among Population (%)","2023","46.2","","2026-08-03T13-49-16-ffb070b97929","https://openstat.psa.gov.ph/PXWeb/pxweb/en/DB/DB__1F__FY/0041F3DF02A.px"
"....Basilan 1/, 3/","Coefficient of Variation","2018","3","","2026-08-03T13-49-16-ffb070b97929","https://openstat.psa.gov.ph/PXWeb/pxweb/en/DB/DB__1F__FY/0041F3DF02A.px"
"....Basilan 1/, 3/","Coefficient of Variation","2021","5.3","","2026-08-03T13-49-16-ffb070b97929","https://openstat.psa.gov.ph/PXWeb/pxweb/en/DB/DB__1F__FY/0041F3DF02A.px"
"....Basilan 1/, 3/","Coefficient of Variation","2023","5.5","","2026-08-03T13-49-16-ffb070b97929","https://openstat.psa.gov.ph/PXWeb/pxweb/en/DB/DB__1F__FY/0041F3DF02A.px"
"....Basilan 1/, 3/","Standard Error","2018","2.2","","2026-08-03T13-49-16-ffb070b97929","https://openstat.psa.gov.ph/PXWeb/pxweb/en/DB/DB__1F__FY/0041F3DF02A.px"
"....Basilan 1/, 3/","Standard Error","2021","2.8","","2026-08-03T13-49-16-ffb070b97929","https://openstat.psa.gov.ph/PXWeb/pxweb/en/DB/DB__1F__FY/0041F3DF02A.px"
"....Basilan 1/, 3/","Standard Error","2023","2.5","","2026-08-03T13-49-16-ffb070b97929","https://openstat.psa.gov.ph/PXWeb/pxweb/en/DB/DB__1F__FY/0041F3DF02A.px"
"....Basilan 1/, 3/","95% Confidence Interval (Lower Limit)","2018","69.2","","2026-08-03T13-49-16-ffb070b97929","https://openstat.psa.gov.ph/PXWeb/pxweb/en/DB/DB__1F__FY/0041F3DF02A.px"
"....Basilan 1/, 3/","95% Confidence Interval (Lower Limit)","2021","47.9","","2026-08-03T13-49-16-ffb070b97929","https://openstat.psa.gov.ph/PXWeb/pxweb/en/DB/DB__1F__FY/0041F3DF02A.px"
"....Basilan 1/, 3/","95% Confidence Interval (Lower Limit)","2023","41.2","","2026-08-03T13-49-16-ffb070b97929","https://openstat.psa.gov.ph/PXWeb/pxweb/en/DB/DB__1F__FY/0041F3DF02A.px"
"....Basilan 1/, 3/","95% Confidence Interval (Upper Limit)","2018","77.8","","2026-08-03T13-49-16-ffb070b97929","https://openstat.psa.gov.ph/PXWeb/pxweb/en/DB/DB__1F__FY/0041F3DF02A.px"
"....Basilan 1/, 3/","95% Confidence Interval (Upper Limit)","2021","59.1","","2026-08-03T13-49-16-ffb070b97929","https://openstat.psa.gov.ph/PXWeb/pxweb/en/DB/DB__1F__FY/0041F3DF02A.px"
"....Basilan 1/, 3/","95% Confidence Interval (Upper Limit)","2023","51.2","","2026-08-03T13-49-16-ffb070b97929","https://openstat.psa.gov.ph/PXWeb/pxweb/en/DB/DB__1F__FY/0041F3DF02A.px"
"....Lanao del Sur 1/, 2/, 3/","Annual Per Capita Poverty Threshold (in PhP)","2018","29223.92","","2026-08-03T13-49-16-ffb070b97929","https://openstat.psa.gov.ph/PXWeb/pxweb/en/DB/DB__1F__FY/0041F3DF02A.px"
"....Lanao del Sur 1/, 2/, 3/","Annual Per Capita Poverty Threshold (in PhP)","2021","29082.52","","2026-08-03T13-49-16-ffb070b97929","https://openstat.psa.gov.ph/PXWeb/pxweb/en/DB/DB__1F__FY/0041F3DF02A.px"
"....Lanao del Sur 1/, 2/, 3/","Annual Per Capita Poverty Threshold (in PhP)","2023","33512.8","","2026-08-03T13-49-16-ffb070b97929","https://openstat.psa.gov.ph/PXWeb/pxweb/en/DB/DB__1F__FY/0041F3DF02A.px"
"....Lanao del Sur 1/, 2/, 3/","Poverty Incidence among Population (%)","2018","71.2","","2026-08-03T13-49-16-ffb070b97929","https://openstat.psa.gov.ph/PXWeb/pxweb/en/DB/DB__1F__FY/0041F3DF02A.px"
"....Lanao del Sur 1/, 2/, 3/","Poverty Incidence among Population (%)","2021","10.9","","2026-08-03T13-49-16-ffb070b97929","https://openstat.psa.gov.ph/PXWeb/pxweb/en/DB/DB__1F__FY/0041F3DF02A.px"
"....Lanao del Sur 1/, 2/, 3/","Poverty Incidence among Population (%)","2023","17.9","","2026-08-03T13-49-16-ffb070b97929","https://openstat.psa.gov.ph/PXWeb/pxweb/en/DB/DB__1F__FY/0041F3DF02A.px"
"....Lanao del Sur 1/, 2/, 3/","Coefficient of Variation","2018","3","","2026-08-03T13-49-16-ffb070b97929","https://openstat.psa.gov.ph/PXWeb/pxweb/en/DB/DB__1F__FY/0041F3DF02A.px"
"....Lanao del Sur 1/, 2/, 3/","Coefficient of Variation","2021","9.8","","2026-08-03T13-49-16-ffb070b97929","https://openstat.psa.gov.ph/PXWeb/pxweb/en/DB/DB__1F__FY/0041F3DF02A.px"
"....Lanao del Sur 1/, 2/, 3/","Coefficient of Variation","2023","9.8","","2026-08-03T13-49-16-ffb070b97929","https://openstat.psa.gov.ph/PXWeb/pxweb/en/DB/DB__1F__FY/0041F3DF02A.px"
"....Lanao del Sur 1/, 2/, 3/","Standard Error","2018","2.2","","2026-08-03T13-49-16-ffb070b97929","https://openstat.psa.gov.ph/PXWeb/pxweb/en/DB/DB__1F__FY/0041F3DF02A.px"
"....Lanao del Sur 1/, 2/, 3/","Standard Error","2021","1.1","","2026-08-03T13-49-16-ffb070b97929","https://openstat.psa.gov.ph/PXWeb/pxweb/en/DB/DB__1F__FY/0041F3DF02A.px"
"....Lanao del Sur 1/, 2/, 3/","Standard Error","2023","1.7","","2026-08-03T13-49-16-ffb070b97929","https://openstat.psa.gov.ph/PXWeb/pxweb/en/DB/DB__1F__FY/0041F3DF02A.px"
"....Lanao del Sur 1/, 2/, 3/","95% Confidence Interval (Lower Limit)","2018","66.9","","2026-08-03T13-49-16-ffb070b97929","https://openstat.psa.gov.ph/PXWeb/pxweb/en/DB/DB__1F__FY/0041F3DF02A.px"
"....Lanao del Sur 1/, 2/, 3/","95% Confidence Interval (Lower Limit)","2021","8.8","","2026-08-03T13-49-16-ffb070b97929","https://openstat.psa.gov.ph/PXWeb/pxweb/en/DB/DB__1F__FY/0041F3DF02A.px"
"....Lanao del Sur 1/, 2/, 3/","95% Confidence Interval (Lower Limit)","2023","14.4","","2026-08-03T13-49-16-ffb070b97929","https://openstat.psa.gov.ph/PXWeb/pxweb/en/DB/DB__1F__FY/0041F3DF02A.px"
"....Lanao del Sur 1/, 2/, 3/","95% Confidence Interval (Upper Limit)","2018","75.4","","2026-08-03T13-49-16-ffb070b97929","https://openstat.psa.gov.ph/PXWeb/pxweb/en/DB/DB__1F__FY/0041F3DF02A.px"
"....Lanao del Sur 1/, 2/, 3/","95% Confidence Interval (Upper Limit)","2021","13","","2026-08-03T13-49-16-ffb070b97929","https://openstat.psa.gov.ph/PXWeb/pxweb/en/DB/DB__1F__FY/0041F3DF02A.px"
"....Lanao del Sur 1/, 2/, 3/","95% Confidence Interval (Upper Limit)","2023","21.3","","2026-08-03T13-49-16-ffb070b97929","https://openstat.psa.gov.ph/PXWeb/pxweb/en/DB/DB__1F__FY/0041F3DF02A.px"
"....Maguindanao 1/","Annual Per Capita Poverty Threshold (in PhP)","2018","25368.27","","2026-08-03T13-49-16-ffb070b97929","https://openstat.psa.gov.ph/PXWeb/pxweb/en/DB/DB__1F__FY/0041F3DF02A.px"
"....Maguindanao 1/","Annual Per Capita Poverty Threshold (in PhP)","2021","25370.56","","2026-08-03T13-49-16-ffb070b97929","https://openstat.psa.gov.ph/PXWeb/pxweb/en/DB/DB__1F__FY/0041F3DF02A.px"
"....Maguindanao 1/","Annual Per Capita Poverty Threshold (in PhP)","2023","27965.29","","2026-08-03T13-49-16-ffb070b97929","https://openstat.psa.gov.ph/PXWeb/pxweb/en/DB/DB__1F__FY/0041F3DF02A.px"
"....Maguindanao 1/","Poverty Incidence among Population (%)","2018","48.5","","2026-08-03T13-49-16-ffb070b97929","https://openstat.psa.gov.ph/PXWeb/pxweb/en/DB/DB__1F__FY/0041F3DF02A.px"
"....Maguindanao 1/","Poverty Incidence among Population (%)","2021","38","","2026-08-03T13-49-16-ffb070b97929","https://openstat.psa.gov.ph/PXWeb/pxweb/en/DB/DB__1F__FY/0041F3DF02A.px"
"....Maguindanao 1/","Poverty Incidence among Population (%)","2023","42","","2026-08-03T13-49-16-ffb070b97929","https://openstat.psa.gov.ph/PXWeb/pxweb/en/DB/DB__1F__FY/0041F3DF02A.px"
"....Maguindanao 1/","Coefficient of Variation","2018","6.9","","2026-08-03T13-49-16-ffb070b97929","https://openstat.psa.gov.ph/PXWeb/pxweb/en/DB/DB__1F__FY/0041F3DF02A.px"
"....Maguindanao 1/","Coefficient of Variation","2021","7.8","","2026-08-03T13-49-16-ffb070b97929","https://openstat.psa.gov.ph/PXWeb/pxweb/en/DB/DB__1F__FY/0041F3DF02A.px"
"....Maguindanao 1/","Coefficient of Variation","2023","4.4","","2026-08-03T13-49-16-ffb070b97929","https://openstat.psa.gov.ph/PXWeb/pxweb/en/DB/DB__1F__FY/0041F3DF02A.px"
"....Maguindanao 1/","Standard Error","2018","3.3","","2026-08-03T13-49-16-ffb070b97929","https://openstat.psa.gov.ph/PXWeb/pxweb/en/DB/DB__1F__FY/0041F3DF02A.px"
"....Maguindanao 1/","Standard Error","2021","3","","2026-08-03T13-49-16-ffb070b97929","https://openstat.psa.gov.ph/PXWeb/pxweb/en/DB/DB__1F__FY/0041F3DF02A.px"
"....Maguindanao 1/","Standard Error","2023","1.9","","2026-08-03T13-49-16-ffb070b97929","https://openstat.psa.gov.ph/PXWeb/pxweb/en/DB/DB__1F__FY/0041F3DF02A.px"
"....Maguindanao 1/","95% Confidence Interval (Lower Limit)","2018","42","","2026-08-03T13-49-16-ffb070b97929","https://openstat.psa.gov.ph/PXWeb/pxweb/en/DB/DB__1F__FY/0041F3DF02A.px"
"....Maguindanao 1/","95% Confidence Interval (Lower Limit)","2021","32.2","","2026-08-03T13-49-16-ffb070b97929","https://openstat.psa.gov.ph/PXWeb/pxweb/en/DB/DB__1F__FY/0041F3DF02A.px"
"....Maguindanao 1/","95% Confidence Interval (Lower Limit)","2023","38.3","","2026-08-03T13-49-16-ffb070b97929","https://openstat.psa.gov.ph/PXWeb/pxweb/en/DB/DB__1F__FY/0041F3DF02A.px"
"....Maguindanao 1/","95% Confidence Interval (Upper Limit)","2018","55.1","","2026-08-03T13-49-16-ffb070b97929","https://openstat.psa.gov.ph/PXWeb/pxweb/en/DB/DB__1F__FY/0041F3DF02A.px"
"....Maguindanao 1/","95% Confidence Interval (Upper Limit)","2021","43.8","","2026-08-03T13-49-16-ffb070b97929","https://openstat.psa.gov.ph/PXWeb/pxweb/en/DB/DB__1F__FY/0041F3DF02A.px"
"....Maguindanao 1/","95% Confidence Interval (Upper Limit)","2023","45.6","","2026-08-03T13-49-16-ffb070b97929","https://openstat.psa.gov.ph/PXWeb/pxweb/en/DB/DB__1F__FY/0041F3DF02A.px"
"......Maguindanao del Norte","Annual Per Capita Poverty Threshold (in PhP)","2018","","..","2026-08-03T13-49-16-ffb070b97929","https://openstat.psa.gov.ph/PXWeb/pxweb/en/DB/DB__1F__FY/0041F3DF02A.px"
"......Maguindanao del Norte","Annual Per Capita Poverty Threshold (in PhP)","2021","","..","2026-08-03T13-49-16-ffb070b97929","https://openstat.psa.gov.ph/PXWeb/pxweb/en/DB/DB__1F__FY/0041F3DF02A.px"
"......Maguindanao del Norte","Annual Per Capita Poverty Threshold (in PhP)","2023","28023.75","","2026-08-03T13-49-16-ffb070b97929","https://openstat.psa.gov.ph/PXWeb/pxweb/en/DB/DB__1F__FY/0041F3DF02A.px"
"......Maguindanao del Norte","Poverty Incidence among Population (%)","2018","","..","2026-08-03T13-49-16-ffb070b97929","https://openstat.psa.gov.ph/PXWeb/pxweb/en/DB/DB__1F__FY/0041F3DF02A.px"
"......Maguindanao del Norte","Poverty Incidence among Population (%)","2021","","..","2026-08-03T13-49-16-ffb070b97929","https://openstat.psa.gov.ph/PXWeb/pxweb/en/DB/DB__1F__FY/0041F3DF02A.px"
"......Maguindanao del Norte","Poverty Incidence among Population (%)","2023","40.3","","2026-08-03T13-49-16-ffb070b97929","https://openstat.psa.gov.ph/PXWeb/pxweb/en/DB/DB__1F__FY/0041F3DF02A.px"
"......Maguindanao del Norte","Coefficient of Variation","2018","","..","2026-08-03T13-49-16-ffb070b97929","https://openstat.psa.gov.ph/PXWeb/pxweb/en/DB/DB__1F__FY/0041F3DF02A.px"
"......Maguindanao del Norte","Coefficient of Variation","2021","","..","2026-08-03T13-49-16-ffb070b97929","https://openstat.psa.gov.ph/PXWeb/pxweb/en/DB/DB__1F__FY/0041F3DF02A.px"
"......Maguindanao del Norte","Coefficient of Variation","2023","5.9","","2026-08-03T13-49-16-ffb070b97929","https://openstat.psa.gov.ph/PXWeb/pxweb/en/DB/DB__1F__FY/0041F3DF02A.px"
"......Maguindanao del Norte","Standard Error","2018","","..","2026-08-03T13-49-16-ffb070b97929","https://openstat.psa.gov.ph/PXWeb/pxweb/en/DB/DB__1F__FY/0041F3DF02A.px"
"......Maguindanao del Norte","Standard Error","2021","","..","2026-08-03T13-49-16-ffb070b97929","https://openstat.psa.gov.ph/PXWeb/pxweb/en/DB/DB__1F__FY/0041F3DF02A.px"
"......Maguindanao del Norte","Standard Error","2023","2.4","","2026-08-03T13-49-16-ffb070b97929","https://openstat.psa.gov.ph/PXWeb/pxweb/en/DB/DB__1F__FY/0041F3DF02A.px"
"......Maguindanao del Norte","95% Confidence Interval (Lower Limit)","2018","","..","2026-08-03T13-49-16-ffb070b97929","https://openstat.psa.gov.ph/PXWeb/pxweb/en/DB/DB__1F__FY/0041F3DF02A.px"
"......Maguindanao del Norte","95% Confidence Interval (Lower Limit)","2021","","..","2026-08-03T13-49-16-ffb070b97929","https://openstat.psa.gov.ph/PXWeb/pxweb/en/DB/DB__1F__FY/0041F3DF02A.px"
"......Maguindanao del Norte","95% Confidence Interval (Lower Limit)","2023","35.6","","2026-08-03T13-49-16-ffb070b97929","https://openstat.psa.gov.ph/PXWeb/pxweb/en/DB/DB__1F__FY/0041F3DF02A.px"
"......Maguindanao del Norte","95% Confidence Interval (Upper Limit)","2018","","..","2026-08-03T13-49-16-ffb070b97929","https://openstat.psa.gov.ph/PXWeb/pxweb/en/DB/DB__1F__FY/0041F3DF02A.px"
"......Maguindanao del Norte","95% Confidence Interval (Upper Limit)","2021","","..","2026-08-03T13-49-16-ffb070b97929","https://openstat.psa.gov.ph/PXWeb/pxweb/en/DB/DB__1F__FY/0041F3DF02A.px"
"......Maguindanao del Norte","95% Confidence Interval (Upper Limit)","2023","45","","2026-08-03T13-49-16-ffb070b97929","https://openstat.psa.gov.ph/PXWeb/pxweb/en/DB/DB__1F__FY/0041F3DF02A.px"
"......Maguindanao del Sur","Annual Per Capita Poverty Threshold (in PhP)","2018","","..","2026-08-03T13-49-16-ffb070b97929","https://openstat.psa.gov.ph/PXWeb/pxweb/en/DB/DB__1F__FY/0041F3DF02A.px"
"......Maguindanao del Sur","Annual Per Capita Poverty Threshold (in PhP)","2021","","..","2026-08-03T13-49-16-ffb070b97929","https://openstat.psa.gov.ph/PXWeb/pxweb/en/DB/DB__1F__FY/0041F3DF02A.px"
"......Maguindanao del Sur","Annual Per Capita Poverty Threshold (in PhP)","2023","27919.39","","2026-08-03T13-49-16-ffb070b97929","https://openstat.psa.gov.ph/PXWeb/pxweb/en/DB/DB__1F__FY/0041F3DF02A.px"
"......Maguindanao del Sur","Poverty Incidence among Population (%)","2018","","..","2026-08-03T13-49-16-ffb070b97929","https://openstat.psa.gov.ph/PXWeb/pxweb/en/DB/DB__1F__FY/0041F3DF02A.px"
"......Maguindanao del Sur","Poverty Incidence among Population (%)","2021","","..","2026-08-03T13-49-16-ffb070b97929","https://openstat.psa.gov.ph/PXWeb/pxweb/en/DB/DB__1F__FY/0041F3DF02A.px"
"......Maguindanao del Sur","Poverty Incidence among Population (%)","2023","43.3","","2026-08-03T13-49-16-ffb070b97929","https://openstat.psa.gov.ph/PXWeb/pxweb/en/DB/DB__1F__FY/0041F3DF02A.px"
"......Maguindanao del Sur","Coefficient of Variation","2018","","..","2026-08-03T13-49-16-ffb070b97929","https://openstat.psa.gov.ph/PXWeb/pxweb/en/DB/DB__1F__FY/0041F3DF02A.px"
"......Maguindanao del Sur","Coefficient of Variation","2021","","..","2026-08-03T13-49-16-ffb070b97929","https://openstat.psa.gov.ph/PXWeb/pxweb/en/DB/DB__1F__FY/0041F3DF02A.px"
"......Maguindanao del Sur","Coefficient of Variation","2023","6.3","","2026-08-03T13-49-16-ffb070b97929","https://openstat.psa.gov.ph/PXWeb/pxweb/en/DB/DB__1F__FY/0041F3DF02A.px"
"......Maguindanao del Sur","Standard Error","2018","","..","2026-08-03T13-49-16-ffb070b97929","https://openstat.psa.gov.ph/PXWeb/pxweb/en/DB/DB__1F__FY/0041F3DF02A.px"
"......Maguindanao del Sur","Standard Error","2021","","..","2026-08-03T13-49-16-ffb070b97929","https://openstat.psa.gov.ph/PXWeb/pxweb/en/DB/DB__1F__FY/0041F3DF02A.px"
"......Maguindanao del Sur","Standard Error","2023","2.7","","2026-08-03T13-49-16-ffb070b97929","https://openstat.psa.gov.ph/PXWeb/pxweb/en/DB/DB__1F__FY/0041F3DF02A.px"
"......Maguindanao del Sur","95% Confidence Interval (Lower Limit)","2018","","..","2026-08-03T13-49-16-ffb070b97929","https://openstat.psa.gov.ph/PXWeb/pxweb/en/DB/DB__1F__FY/0041F3DF02A.px"
"......Maguindanao del Sur","95% Confidence Interval (Lower Limit)","2021","","..","2026-08-03T13-49-16-ffb070b97929","https://openstat.psa.gov.ph/PXWeb/pxweb/en/DB/DB__1F__FY/0041F3DF02A.px"
"......Maguindanao del Sur","95% Confidence Interval (Lower Limit)","2023","37.9","","2026-08-03T13-49-16-ffb070b97929","https://openstat.psa.gov.ph/PXWeb/pxweb/en/DB/DB__1F__FY/0041F3DF02A.px"
"......Maguindanao del Sur","95% Confidence Interval (Upper Limit)","2018","","..","2026-08-03T13-49-16-ffb070b97929","https://openstat.psa.gov.ph/PXWeb/pxweb/en/DB/DB__1F__FY/0041F3DF02A.px"
"......Maguindanao del Sur","95% Confidence Interval (Upper Limit)","2021","","..","2026-08-03T13-49-16-ffb070b97929","https://openstat.psa.gov.ph/PXWeb/pxweb/en/DB/DB__1F__FY/0041F3DF02A.px"
"......Maguindanao del Sur","95% Confidence Interval (Upper Limit)","2023","48.7","","2026-08-03T13-49-16-ffb070b97929","https://openstat.psa.gov.ph/PXWeb/pxweb/en/DB/DB__1F__FY/0041F3DF02A.px"
"....Sulu r1, 1/, 2/, 3/, c/","Annual Per Capita Poverty Threshold (in PhP)","2018","29149.78","","2026-08-03T13-49-16-ffb070b97929","https://openstat.psa.gov.ph/PXWeb/pxweb/en/DB/DB__1F__FY/0041F3DF02A.px"
"....Sulu r1, 1/, 2/, 3/, c/","Annual Per Capita Poverty Threshold (in PhP)","2021","29194.89","","2026-08-03T13-49-16-ffb070b97929","https://openstat.psa.gov.ph/PXWeb/pxweb/en/DB/DB__1F__FY/0041F3DF02A.px"
"....Sulu r1, 1/, 2/, 3/, c/","Annual Per Capita Poverty Threshold (in PhP)","2023","30407.4","","2026-08-03T13-49-16-ffb070b97929","https://openstat.psa.gov.ph/PXWeb/pxweb/en/DB/DB__1F__FY/0041F3DF02A.px"
"....Sulu r1, 1/, 2/, 3/, c/","Poverty Incidence among Population (%)","2018","82.5","","2026-08-03T13-49-16-ffb070b97929","https://openstat.psa.gov.ph/PXWeb/pxweb/en/DB/DB__1F__FY/0041F3DF02A.px"
"....Sulu r1, 1/, 2/, 3/, c/","Poverty Incidence among Population (%)","2021","52.9","","2026-08-03T13-49-16-ffb070b97929","https://openstat.psa.gov.ph/PXWeb/pxweb/en/DB/DB__1F__FY/0041F3DF02A.px"
"....Sulu r1, 1/, 2/, 3/, c/","Poverty Incidence among Population (%)","2023","20.7","","2026-08-03T13-49-16-ffb070b97929","https://openstat.psa.gov.ph/PXWeb/pxweb/en/DB/DB__1F__FY/0041F3DF02A.px"
"....Sulu r1, 1/, 2/, 3/, c/","Coefficient of Variation","2018","1.9","","2026-08-03T13-49-16-ffb070b97929","https://openstat.psa.gov.ph/PXWeb/pxweb/en/DB/DB__1F__FY/0041F3DF02A.px"
"....Sulu r1, 1/, 2/, 3/, c/","Coefficient of Variation","2021","5.2","","2026-08-03T13-49-16-ffb070b97929","https://openstat.psa.gov.ph/PXWeb/pxweb/en/DB/DB__1F__FY/0041F3DF02A.px"
"....Sulu r1, 1/, 2/, 3/, c/","Coefficient of Variation","2023","11","","2026-08-03T13-49-16-ffb070b97929","https://openstat.psa.gov.ph/PXWeb/pxweb/en/DB/DB__1F__FY/0041F3DF02A.px"
"....Sulu r1, 1/, 2/, 3/, c/","Standard Error","2018","1.6","","2026-08-03T13-49-16-ffb070b97929","https://openstat.psa.gov.ph/PXWeb/pxweb/en/DB/DB__1F__FY/0041F3DF02A.px"
"....Sulu r1, 1/, 2/, 3/, c/","Standard Error","2021","2.8","","2026-08-03T13-49-16-ffb070b97929","https://openstat.psa.gov.ph/PXWeb/pxweb/en/DB/DB__1F__FY/0041F3DF02A.px"
"....Sulu r1, 1/, 2/, 3/, c/","Standard Error","2023","2.3","","2026-08-03T13-49-16-ffb070b97929","https://openstat.psa.gov.ph/PXWeb/pxweb/en/DB/DB__1F__FY/0041F3DF02A.px"
"....Sulu r1, 1/, 2/, 3/, c/","95% Confidence Interval (Lower Limit)","2018","79.3","","2026-08-03T13-49-16-ffb070b97929","https://openstat.psa.gov.ph/PXWeb/pxweb/en/DB/DB__1F__FY/0041F3DF02A.px"
"....Sulu r1, 1/, 2/, 3/, c/","95% Confidence Interval (Lower Limit)","2021","47.5","","2026-08-03T13-49-16-ffb070b97929","https://openstat.psa.gov.ph/PXWeb/pxweb/en/DB/DB__1F__FY/0041F3DF02A.px"
"....Sulu r1, 1/, 2/, 3/, c/","95% Confidence Interval (Lower Limit)","2023","16.3","","2026-08-03T13-49-16-ffb070b97929","https://openstat.psa.gov.ph/PXWeb/pxweb/en/DB/DB__1F__FY/0041F3DF02A.px"
"....Sulu r1, 1/, 2/, 3/, c/","95% Confidence Interval (Upper Limit)","2018","85.6","","2026-08-03T13-49-16-ffb070b97929","https://openstat.psa.gov.ph/PXWeb/pxweb/en/DB/DB__1F__FY/0041F3DF02A.px"
"....Sulu r1, 1/, 2/, 3/, c/","95% Confidence Interval (Upper Limit)","2021","58.3","","2026-08-03T13-49-16-ffb070b97929","https://openstat.psa.gov.ph/PXWeb/pxweb/en/DB/DB__1F__FY/0041F3DF02A.px"
"....Sulu r1, 1/, 2/, 3/, c/","95% Confidence Interval (Upper Limit)","2023","25.2","","2026-08-03T13-49-16-ffb070b97929","https://openstat.psa.gov.ph/PXWeb/pxweb/en/DB/DB__1F__FY/0041F3DF02A.px"
"....Tawi-tawi 1/, 3/","Annual Per Capita Poverty Threshold (in PhP)","2018","21264.31","","2026-08-03T13-49-16-ffb070b97929","https://openstat.psa.gov.ph/PXWeb/pxweb/en/DB/DB__1F__FY/0041F3DF02A.px"
"....Tawi-tawi 1/, 3/","Annual Per Capita Poverty Threshold (in PhP)","2021","26335.65","","2026-08-03T13-49-16-ffb070b97929","https://openstat.psa.gov.ph/PXWeb/pxweb/en/DB/DB__1F__FY/0041F3DF02A.px"
"....Tawi-tawi 1/, 3/","Annual Per Capita Poverty Threshold (in PhP)","2023","31379.59","","2026-08-03T13-49-16-ffb070b97929","https://openstat.psa.gov.ph/PXWeb/pxweb/en/DB/DB__1F__FY/0041F3DF02A.px"
"....Tawi-tawi 1/, 3/","Poverty Incidence among Population (%)","2018","22.2","","2026-08-03T13-49-16-ffb070b97929","https://openstat.psa.gov.ph/PXWeb/pxweb/en/DB/DB__1F__FY/0041F3DF02A.px"
"....Tawi-tawi 1/, 3/","Poverty Incidence among Population (%)","2021","36.5","","2026-08-03T13-49-16-ffb070b97929","https://openstat.psa.gov.ph/PXWeb/pxweb/en/DB/DB__1F__FY/0041F3DF02A.px"
"....Tawi-tawi 1/, 3/","Poverty Incidence among Population (%)","2023","41.8","","2026-08-03T13-49-16-ffb070b97929","https://openstat.psa.gov.ph/PXWeb/pxweb/en/DB/DB__1F__FY/0041F3DF02A.px"
"....Tawi-tawi 1/, 3/","Coefficient of Variation","2018","7.8","","2026-08-03T13-49-16-ffb070b97929","https://openstat.psa.gov.ph/PXWeb/pxweb/en/DB/DB__1F__FY/0041F3DF02A.px"
"....Tawi-tawi 1/, 3/","Coefficient of Variation","2021","8.5","","2026-08-03T13-49-16-ffb070b97929","https://openstat.psa.gov.ph/PXWeb/pxweb/en/DB/DB__1F__FY/0041F3DF02A.px"
"....Tawi-tawi 1/, 3/","Coefficient of Variation","2023","8.3","","2026-08-03T13-49-16-ffb070b97929","https://openstat.psa.gov.ph/PXWeb/pxweb/en/DB/DB__1F__FY/0041F3DF02A.px"
"....Tawi-tawi 1/, 3/","Standard Error","2018","1.7","","2026-08-03T13-49-16-ffb070b97929","https://openstat.psa.gov.ph/PXWeb/pxweb/en/DB/DB__1F__FY/0041F3DF02A.px"
"....Tawi-tawi 1/, 3/","Standard Error","2021","3.1","","2026-08-03T13-49-16-ffb070b97929","https://openstat.psa.gov.ph/PXWeb/pxweb/en/DB/DB__1F__FY/0041F3DF02A.px"
"....Tawi-tawi 1/, 3/","Standard Error","2023","3.5","","2026-08-03T13-49-16-ffb070b97929","https://openstat.psa.gov.ph/PXWeb/pxweb/en/DB/DB__1F__FY/0041F3DF02A.px"
"....Tawi-tawi 1/, 3/","95% Confidence Interval (Lower Limit)","2018","18.8","","2026-08-03T13-49-16-ffb070b97929","https://openstat.psa.gov.ph/PXWeb/pxweb/en/DB/DB__1F__FY/0041F3DF02A.px"
"....Tawi-tawi 1/, 3/","95% Confidence Interval (Lower Limit)","2021","30.4","","2026-08-03T13-49-16-ffb070b97929","https://openstat.psa.gov.ph/PXWeb/pxweb/en/DB/DB__1F__FY/0041F3DF02A.px"
"....Tawi-tawi 1/, 3/","95% Confidence Interval (Lower Limit)","2023","35","","2026-08-03T13-49-16-ffb070b97929","https://openstat.psa.gov.ph/PXWeb/pxweb/en/DB/DB__1F__FY/0041F3DF02A.px"
"....Tawi-tawi 1/, 3/","95% Confidence Interval (Upper Limit)","2018","25.6","","2026-08-03T13-49-16-ffb070b97929","https://openstat.psa.gov.ph/PXWeb/pxweb/en/DB/DB__1F__FY/0041F3DF02A.px"
"....Tawi-tawi 1/, 3/","95% Confidence Interval (Upper Limit)","2021","42.6","","2026-08-03T13-49-16-ffb070b97929","https://openstat.psa.gov.ph/PXWeb/pxweb/en/DB/DB__1F__FY/0041F3DF02A.px"
"....Tawi-tawi 1/, 3/","95% Confidence Interval (Upper Limit)","2023","48.6","","2026-08-03T13-49-16-ffb070b97929","https://openstat.psa.gov.ph/PXWeb/pxweb/en/DB/DB__1F__FY/0041F3DF02A.px"
"....Cotabato City","Annual Per Capita Poverty Threshold (in PhP)","2018","30349.27","","2026-08-03T13-49-16-ffb070b97929","https://openstat.psa.gov.ph/PXWeb/pxweb/en/DB/DB__1F__FY/0041F3DF02A.px"
"....Cotabato City","Annual Per Capita Poverty Threshold (in PhP)","2021","33889.63","","2026-08-03T13-49-16-ffb070b97929","https://openstat.psa.gov.ph/PXWeb/pxweb/en/DB/DB__1F__FY/0041F3DF02A.px"
"....Cotabato City","Annual Per Capita Poverty Threshold (in PhP)","2023","38572.14","","2026-08-03T13-49-16-ffb070b97929","https://openstat.psa.gov.ph/PXWeb/pxweb/en/DB/DB__1F__FY/0041F3DF02A.px"
"....Cotabato City","Poverty Incidence among Population (%)","2018","42","","2026-08-03T13-49-16-ffb070b97929","https://openstat.psa.gov.ph/PXWeb/pxweb/en/DB/DB__1F__FY/0041F3DF02A.px"
"....Cotabato City","Poverty Incidence among Population (%)","2021","39.7","","2026-08-03T13-49-16-ffb070b97929","https://openstat.psa.gov.ph/PXWeb/pxweb/en/DB/DB__1F__FY/0041F3DF02A.px"
"....Cotabato City","Poverty Incidence among Population (%)","2023","44.8","","2026-08-03T13-49-16-ffb070b97929","https://openstat.psa.gov.ph/PXWeb/pxweb/en/DB/DB__1F__FY/0041F3DF02A.px"
"....Cotabato City","Coefficient of Variation","2018","6.4","","2026-08-03T13-49-16-ffb070b97929","https://openstat.psa.gov.ph/PXWeb/pxweb/en/DB/DB__1F__FY/0041F3DF02A.px"
"....Cotabato City","Coefficient of Variation","2021","7.2","","2026-08-03T13-49-16-ffb070b97929","https://openstat.psa.gov.ph/PXWeb/pxweb/en/DB/DB__1F__FY/0041F3DF02A.px"
"....Cotabato City","Coefficient of Variation","2023","6.8","","2026-08-03T13-49-16-ffb070b97929","https://openstat.psa.gov.ph/PXWeb/pxweb/en/DB/DB__1F__FY/0041F3DF02A.px"
"....Cotabato City","Standard Error","2018","2.7","","2026-08-03T13-49-16-ffb070b97929","https://openstat.psa.gov.ph/PXWeb/pxweb/en/DB/DB__1F__FY/0041F3DF02A.px"
"....Cotabato City","Standard Error","2021","2.9","","2026-08-03T13-49-16-ffb070b97929","https://openstat.psa.gov.ph/PXWeb/pxweb/en/DB/DB__1F__FY/0041F3DF02A.px"
"....Cotabato City","Standard Error","2023","3.1","","2026-08-03T13-49-16-ffb070b97929","https://openstat.psa.gov.ph/PXWeb/pxweb/en/DB/DB__1F__FY/0041F3DF02A.px"
"....Cotabato City","95% Confidence Interval (Lower Limit)","2018","36.7","","2026-08-03T13-49-16-ffb070b97929","https://openstat.psa.gov.ph/PXWeb/pxweb/en/DB/DB__1F__FY/0041F3DF02A.px"
"....Cotabato City","95% Confidence Interval (Lower Limit)","2021","34.1","","2026-08-03T13-49-16-ffb070b97929","https://openstat.psa.gov.ph/PXWeb/pxweb/en/DB/DB__1F__FY/0041F3DF02A.px"
"....Cotabato City","95% Confidence Interval (Lower Limit)","2023","38.8","","2026-08-03T13-49-16-ffb070b97929","https://openstat.psa.gov.ph/PXWeb/pxweb/en/DB/DB__1F__FY/0041F3DF02A.px"
"....Cotabato City","95% Confidence Interval (Upper Limit)","2018","47.3","","2026-08-03T13-49-16-ffb070b97929","https://openstat.psa.gov.ph/PXWeb/pxweb/en/DB/DB__1F__FY/0041F3DF02A.px"
"....Cotabato City","95% Confidence Interval (Upper Limit)","2021","45.3","","2026-08-03T13-49-16-ffb070b97929","https://openstat.psa.gov.ph/PXWeb/pxweb/en/DB/DB__1F__FY/0041F3DF02A.px"
"....Cotabato City","95% Confidence Interval (Upper Limit)","2023","50.8","","2026-08-03T13-49-16-ffb070b97929","https://openstat.psa.gov.ph/PXWeb/pxweb/en/DB/DB__1F__FY/0041F3DF02A.px"
