"Region/Province","Item","Year","Value (Reported value — see source for units)","Source status","Release","Source"
"PHILIPPINES","Annual Per Capita Poverty Threshold  (in Pesos)","1991","5948.922925231","","2026-07-09T11-45-08-76271f5a60e0","https://openstat.psa.gov.ph/PXWeb/pxweb/en/DB/DB__3D/0023C3DP020.px"
"PHILIPPINES","Annual Per Capita Poverty Threshold  (in Pesos)","2006","13357.4195562644","","2026-07-09T11-45-08-76271f5a60e0","https://openstat.psa.gov.ph/PXWeb/pxweb/en/DB/DB__3D/0023C3DP020.px"
"PHILIPPINES","Annual Per Capita Poverty Threshold  (in Pesos)","2009","16871.3173697377","","2026-07-09T11-45-08-76271f5a60e0","https://openstat.psa.gov.ph/PXWeb/pxweb/en/DB/DB__3D/0023C3DP020.px"
"PHILIPPINES","Annual Per Capita Poverty Threshold  (in Pesos)","2012","18934.7333403059","","2026-07-09T11-45-08-76271f5a60e0","https://openstat.psa.gov.ph/PXWeb/pxweb/en/DB/DB__3D/0023C3DP020.px"
"PHILIPPINES","Annual Per Capita Poverty Threshold  (in Pesos)","2015","21753","","2026-07-09T11-45-08-76271f5a60e0","https://openstat.psa.gov.ph/PXWeb/pxweb/en/DB/DB__3D/0023C3DP020.px"
"PHILIPPINES","Poverty Incidence among Population Estimate (%)","1991","34.44988","","2026-07-09T11-45-08-76271f5a60e0","https://openstat.psa.gov.ph/PXWeb/pxweb/en/DB/DB__3D/0023C3DP020.px"
"PHILIPPINES","Poverty Incidence among Population Estimate (%)","2006","26.56142","","2026-07-09T11-45-08-76271f5a60e0","https://openstat.psa.gov.ph/PXWeb/pxweb/en/DB/DB__3D/0023C3DP020.px"
"PHILIPPINES","Poverty Incidence among Population Estimate (%)","2009","26.27106","","2026-07-09T11-45-08-76271f5a60e0","https://openstat.psa.gov.ph/PXWeb/pxweb/en/DB/DB__3D/0023C3DP020.px"
"PHILIPPINES","Poverty Incidence among Population Estimate (%)","2012","25.23319","","2026-07-09T11-45-08-76271f5a60e0","https://openstat.psa.gov.ph/PXWeb/pxweb/en/DB/DB__3D/0023C3DP020.px"
"PHILIPPINES","Poverty Incidence among Population Estimate (%)","2015","21.58971","","2026-07-09T11-45-08-76271f5a60e0","https://openstat.psa.gov.ph/PXWeb/pxweb/en/DB/DB__3D/0023C3DP020.px"
"PHILIPPINES","Coefficient of Variation","1991","1.935427","","2026-07-09T11-45-08-76271f5a60e0","https://openstat.psa.gov.ph/PXWeb/pxweb/en/DB/DB__3D/0023C3DP020.px"
"PHILIPPINES","Coefficient of Variation","2006","1.86202","","2026-07-09T11-45-08-76271f5a60e0","https://openstat.psa.gov.ph/PXWeb/pxweb/en/DB/DB__3D/0023C3DP020.px"
"PHILIPPINES","Coefficient of Variation","2009","1.977604","","2026-07-09T11-45-08-76271f5a60e0","https://openstat.psa.gov.ph/PXWeb/pxweb/en/DB/DB__3D/0023C3DP020.px"
"PHILIPPINES","Coefficient of Variation","2012","2.145416","","2026-07-09T11-45-08-76271f5a60e0","https://openstat.psa.gov.ph/PXWeb/pxweb/en/DB/DB__3D/0023C3DP020.px"
"PHILIPPINES","Coefficient of Variation","2015","3.506905","","2026-07-09T11-45-08-76271f5a60e0","https://openstat.psa.gov.ph/PXWeb/pxweb/en/DB/DB__3D/0023C3DP020.px"
"PHILIPPINES","Magnitude of Poor Population Estimate","1991","21749656.3","","2026-07-09T11-45-08-76271f5a60e0","https://openstat.psa.gov.ph/PXWeb/pxweb/en/DB/DB__3D/0023C3DP020.px"
"PHILIPPINES","Magnitude of Poor Population Estimate","2006","22643980.2","","2026-07-09T11-45-08-76271f5a60e0","https://openstat.psa.gov.ph/PXWeb/pxweb/en/DB/DB__3D/0023C3DP020.px"
"PHILIPPINES","Magnitude of Poor Population Estimate","2009","23300443.7","","2026-07-09T11-45-08-76271f5a60e0","https://openstat.psa.gov.ph/PXWeb/pxweb/en/DB/DB__3D/0023C3DP020.px"
"PHILIPPINES","Magnitude of Poor Population Estimate","2012","23745894.9","","2026-07-09T11-45-08-76271f5a60e0","https://openstat.psa.gov.ph/PXWeb/pxweb/en/DB/DB__3D/0023C3DP020.px"
"PHILIPPINES","Magnitude of Poor Population Estimate","2015","21927009.4","","2026-07-09T11-45-08-76271f5a60e0","https://openstat.psa.gov.ph/PXWeb/pxweb/en/DB/DB__3D/0023C3DP020.px"
"NCR d/","Annual Per Capita Poverty Threshold  (in Pesos)","1991","7373.3944200876","","2026-07-09T11-45-08-76271f5a60e0","https://openstat.psa.gov.ph/PXWeb/pxweb/en/DB/DB__3D/0023C3DP020.px"
"NCR d/","Annual Per Capita Poverty Threshold  (in Pesos)","2006","15698.9546040384","","2026-07-09T11-45-08-76271f5a60e0","https://openstat.psa.gov.ph/PXWeb/pxweb/en/DB/DB__3D/0023C3DP020.px"
"NCR d/","Annual Per Capita Poverty Threshold  (in Pesos)","2009","19227.3091794358","","2026-07-09T11-45-08-76271f5a60e0","https://openstat.psa.gov.ph/PXWeb/pxweb/en/DB/DB__3D/0023C3DP020.px"
"NCR d/","Annual Per Capita Poverty Threshold  (in Pesos)","2012","20343.949591866","","2026-07-09T11-45-08-76271f5a60e0","https://openstat.psa.gov.ph/PXWeb/pxweb/en/DB/DB__3D/0023C3DP020.px"
"NCR d/","Annual Per Capita Poverty Threshold  (in Pesos)","2015","25007","","2026-07-09T11-45-08-76271f5a60e0","https://openstat.psa.gov.ph/PXWeb/pxweb/en/DB/DB__3D/0023C3DP020.px"
"NCR d/","Poverty Incidence among Population Estimate (%)","1991","7.10113","","2026-07-09T11-45-08-76271f5a60e0","https://openstat.psa.gov.ph/PXWeb/pxweb/en/DB/DB__3D/0023C3DP020.px"
"NCR d/","Poverty Incidence among Population Estimate (%)","2006","4.65816","","2026-07-09T11-45-08-76271f5a60e0","https://openstat.psa.gov.ph/PXWeb/pxweb/en/DB/DB__3D/0023C3DP020.px"
"NCR d/","Poverty Incidence among Population Estimate (%)","2009","3.61563","","2026-07-09T11-45-08-76271f5a60e0","https://openstat.psa.gov.ph/PXWeb/pxweb/en/DB/DB__3D/0023C3DP020.px"
"NCR d/","Poverty Incidence among Population Estimate (%)","2012","3.90751","","2026-07-09T11-45-08-76271f5a60e0","https://openstat.psa.gov.ph/PXWeb/pxweb/en/DB/DB__3D/0023C3DP020.px"
"NCR d/","Poverty Incidence among Population Estimate (%)","2015","3.9096","","2026-07-09T11-45-08-76271f5a60e0","https://openstat.psa.gov.ph/PXWeb/pxweb/en/DB/DB__3D/0023C3DP020.px"
"NCR d/","Coefficient of Variation","1991","8.736679","","2026-07-09T11-45-08-76271f5a60e0","https://openstat.psa.gov.ph/PXWeb/pxweb/en/DB/DB__3D/0023C3DP020.px"
"NCR d/","Coefficient of Variation","2006","23.88858","","2026-07-09T11-45-08-76271f5a60e0","https://openstat.psa.gov.ph/PXWeb/pxweb/en/DB/DB__3D/0023C3DP020.px"
"NCR d/","Coefficient of Variation","2009","15.65073","","2026-07-09T11-45-08-76271f5a60e0","https://openstat.psa.gov.ph/PXWeb/pxweb/en/DB/DB__3D/0023C3DP020.px"
"NCR d/","Coefficient of Variation","2012","12.8947","","2026-07-09T11-45-08-76271f5a60e0","https://openstat.psa.gov.ph/PXWeb/pxweb/en/DB/DB__3D/0023C3DP020.px"
"NCR d/","Coefficient of Variation","2015","14.7782","","2026-07-09T11-45-08-76271f5a60e0","https://openstat.psa.gov.ph/PXWeb/pxweb/en/DB/DB__3D/0023C3DP020.px"
"NCR d/","Magnitude of Poor Population Estimate","1991","626484.4","","2026-07-09T11-45-08-76271f5a60e0","https://openstat.psa.gov.ph/PXWeb/pxweb/en/DB/DB__3D/0023C3DP020.px"
"NCR d/","Magnitude of Poor Population Estimate","2006","499873.5","","2026-07-09T11-45-08-76271f5a60e0","https://openstat.psa.gov.ph/PXWeb/pxweb/en/DB/DB__3D/0023C3DP020.px"
"NCR d/","Magnitude of Poor Population Estimate","2009","403458.2","","2026-07-09T11-45-08-76271f5a60e0","https://openstat.psa.gov.ph/PXWeb/pxweb/en/DB/DB__3D/0023C3DP020.px"
"NCR d/","Magnitude of Poor Population Estimate","2012","460831.2","","2026-07-09T11-45-08-76271f5a60e0","https://openstat.psa.gov.ph/PXWeb/pxweb/en/DB/DB__3D/0023C3DP020.px"
"NCR d/","Magnitude of Poor Population Estimate","2015","494630.3","","2026-07-09T11-45-08-76271f5a60e0","https://openstat.psa.gov.ph/PXWeb/pxweb/en/DB/DB__3D/0023C3DP020.px"
"..1st District b/","Annual Per Capita Poverty Threshold  (in Pesos)","1991","","..","2026-07-09T11-45-08-76271f5a60e0","https://openstat.psa.gov.ph/PXWeb/pxweb/en/DB/DB__3D/0023C3DP020.px"
"..1st District b/","Annual Per Capita Poverty Threshold  (in Pesos)","2006","15698.9546040384","","2026-07-09T11-45-08-76271f5a60e0","https://openstat.psa.gov.ph/PXWeb/pxweb/en/DB/DB__3D/0023C3DP020.px"
"..1st District b/","Annual Per Capita Poverty Threshold  (in Pesos)","2009","19227.3091794358","","2026-07-09T11-45-08-76271f5a60e0","https://openstat.psa.gov.ph/PXWeb/pxweb/en/DB/DB__3D/0023C3DP020.px"
"..1st District b/","Annual Per Capita Poverty Threshold  (in Pesos)","2012","20343.949591866","","2026-07-09T11-45-08-76271f5a60e0","https://openstat.psa.gov.ph/PXWeb/pxweb/en/DB/DB__3D/0023C3DP020.px"
"..1st District b/","Annual Per Capita Poverty Threshold  (in Pesos)","2015","25007","","2026-07-09T11-45-08-76271f5a60e0","https://openstat.psa.gov.ph/PXWeb/pxweb/en/DB/DB__3D/0023C3DP020.px"
"..1st District b/","Poverty Incidence among Population Estimate (%)","1991","","..","2026-07-09T11-45-08-76271f5a60e0","https://openstat.psa.gov.ph/PXWeb/pxweb/en/DB/DB__3D/0023C3DP020.px"
"..1st District b/","Poverty Incidence among Population Estimate (%)","2006","4.86246","","2026-07-09T11-45-08-76271f5a60e0","https://openstat.psa.gov.ph/PXWeb/pxweb/en/DB/DB__3D/0023C3DP020.px"
"..1st District b/","Poverty Incidence among Population Estimate (%)","2009","5.13336","","2026-07-09T11-45-08-76271f5a60e0","https://openstat.psa.gov.ph/PXWeb/pxweb/en/DB/DB__3D/0023C3DP020.px"
"..1st District b/","Poverty Incidence among Population Estimate (%)","2012","6.19248","","2026-07-09T11-45-08-76271f5a60e0","https://openstat.psa.gov.ph/PXWeb/pxweb/en/DB/DB__3D/0023C3DP020.px"
"..1st District b/","Poverty Incidence among Population Estimate (%)","2015","5.14231","","2026-07-09T11-45-08-76271f5a60e0","https://openstat.psa.gov.ph/PXWeb/pxweb/en/DB/DB__3D/0023C3DP020.px"
"..1st District b/","Coefficient of Variation","1991","","..","2026-07-09T11-45-08-76271f5a60e0","https://openstat.psa.gov.ph/PXWeb/pxweb/en/DB/DB__3D/0023C3DP020.px"
"..1st District b/","Coefficient of Variation","2006","32.25605","","2026-07-09T11-45-08-76271f5a60e0","https://openstat.psa.gov.ph/PXWeb/pxweb/en/DB/DB__3D/0023C3DP020.px"
"..1st District b/","Coefficient of Variation","2009","48.71209","","2026-07-09T11-45-08-76271f5a60e0","https://openstat.psa.gov.ph/PXWeb/pxweb/en/DB/DB__3D/0023C3DP020.px"
"..1st District b/","Coefficient of Variation","2012","27.08315","","2026-07-09T11-45-08-76271f5a60e0","https://openstat.psa.gov.ph/PXWeb/pxweb/en/DB/DB__3D/0023C3DP020.px"
"..1st District b/","Coefficient of Variation","2015","28.7389","","2026-07-09T11-45-08-76271f5a60e0","https://openstat.psa.gov.ph/PXWeb/pxweb/en/DB/DB__3D/0023C3DP020.px"
"..1st District b/","Magnitude of Poor Population Estimate","1991","","..","2026-07-09T11-45-08-76271f5a60e0","https://openstat.psa.gov.ph/PXWeb/pxweb/en/DB/DB__3D/0023C3DP020.px"
"..1st District b/","Magnitude of Poor Population Estimate","2006","79109.31","","2026-07-09T11-45-08-76271f5a60e0","https://openstat.psa.gov.ph/PXWeb/pxweb/en/DB/DB__3D/0023C3DP020.px"
"..1st District b/","Magnitude of Poor Population Estimate","2009","84914.39","","2026-07-09T11-45-08-76271f5a60e0","https://openstat.psa.gov.ph/PXWeb/pxweb/en/DB/DB__3D/0023C3DP020.px"
"..1st District b/","Magnitude of Poor Population Estimate","2012","102590.6","","2026-07-09T11-45-08-76271f5a60e0","https://openstat.psa.gov.ph/PXWeb/pxweb/en/DB/DB__3D/0023C3DP020.px"
"..1st District b/","Magnitude of Poor Population Estimate","2015","82007.38","","2026-07-09T11-45-08-76271f5a60e0","https://openstat.psa.gov.ph/PXWeb/pxweb/en/DB/DB__3D/0023C3DP020.px"
"..2nd District b/","Annual Per Capita Poverty Threshold  (in Pesos)","1991","","..","2026-07-09T11-45-08-76271f5a60e0","https://openstat.psa.gov.ph/PXWeb/pxweb/en/DB/DB__3D/0023C3DP020.px"
"..2nd District b/","Annual Per Capita Poverty Threshold  (in Pesos)","2006","15698.9546040384","","2026-07-09T11-45-08-76271f5a60e0","https://openstat.psa.gov.ph/PXWeb/pxweb/en/DB/DB__3D/0023C3DP020.px"
"..2nd District b/","Annual Per Capita Poverty Threshold  (in Pesos)","2009","19227.3091794358","","2026-07-09T11-45-08-76271f5a60e0","https://openstat.psa.gov.ph/PXWeb/pxweb/en/DB/DB__3D/0023C3DP020.px"
"..2nd District b/","Annual Per Capita Poverty Threshold  (in Pesos)","2012","20343.949591866","","2026-07-09T11-45-08-76271f5a60e0","https://openstat.psa.gov.ph/PXWeb/pxweb/en/DB/DB__3D/0023C3DP020.px"
"..2nd District b/","Annual Per Capita Poverty Threshold  (in Pesos)","2015","25007","","2026-07-09T11-45-08-76271f5a60e0","https://openstat.psa.gov.ph/PXWeb/pxweb/en/DB/DB__3D/0023C3DP020.px"
"..2nd District b/","Poverty Incidence among Population Estimate (%)","1991","","..","2026-07-09T11-45-08-76271f5a60e0","https://openstat.psa.gov.ph/PXWeb/pxweb/en/DB/DB__3D/0023C3DP020.px"
"..2nd District b/","Poverty Incidence among Population Estimate (%)","2006","4.85566","","2026-07-09T11-45-08-76271f5a60e0","https://openstat.psa.gov.ph/PXWeb/pxweb/en/DB/DB__3D/0023C3DP020.px"
"..2nd District b/","Poverty Incidence among Population Estimate (%)","2009","3.34762","","2026-07-09T11-45-08-76271f5a60e0","https://openstat.psa.gov.ph/PXWeb/pxweb/en/DB/DB__3D/0023C3DP020.px"
"..2nd District b/","Poverty Incidence among Population Estimate (%)","2012","2.41689","","2026-07-09T11-45-08-76271f5a60e0","https://openstat.psa.gov.ph/PXWeb/pxweb/en/DB/DB__3D/0023C3DP020.px"
"..2nd District b/","Poverty Incidence among Population Estimate (%)","2015","2.90879","","2026-07-09T11-45-08-76271f5a60e0","https://openstat.psa.gov.ph/PXWeb/pxweb/en/DB/DB__3D/0023C3DP020.px"
"..2nd District b/","Coefficient of Variation","1991","","..","2026-07-09T11-45-08-76271f5a60e0","https://openstat.psa.gov.ph/PXWeb/pxweb/en/DB/DB__3D/0023C3DP020.px"
"..2nd District b/","Coefficient of Variation","2006","59.76865","","2026-07-09T11-45-08-76271f5a60e0","https://openstat.psa.gov.ph/PXWeb/pxweb/en/DB/DB__3D/0023C3DP020.px"
"..2nd District b/","Coefficient of Variation","2009","20.1361","","2026-07-09T11-45-08-76271f5a60e0","https://openstat.psa.gov.ph/PXWeb/pxweb/en/DB/DB__3D/0023C3DP020.px"
"..2nd District b/","Coefficient of Variation","2012","24.55121","","2026-07-09T11-45-08-76271f5a60e0","https://openstat.psa.gov.ph/PXWeb/pxweb/en/DB/DB__3D/0023C3DP020.px"
"..2nd District b/","Coefficient of Variation","2015","39.33278","","2026-07-09T11-45-08-76271f5a60e0","https://openstat.psa.gov.ph/PXWeb/pxweb/en/DB/DB__3D/0023C3DP020.px"
"..2nd District b/","Magnitude of Poor Population Estimate","1991","","..","2026-07-09T11-45-08-76271f5a60e0","https://openstat.psa.gov.ph/PXWeb/pxweb/en/DB/DB__3D/0023C3DP020.px"
"..2nd District b/","Magnitude of Poor Population Estimate","2006","183449","","2026-07-09T11-45-08-76271f5a60e0","https://openstat.psa.gov.ph/PXWeb/pxweb/en/DB/DB__3D/0023C3DP020.px"
"..2nd District b/","Magnitude of Poor Population Estimate","2009","131501.9","","2026-07-09T11-45-08-76271f5a60e0","https://openstat.psa.gov.ph/PXWeb/pxweb/en/DB/DB__3D/0023C3DP020.px"
"..2nd District b/","Magnitude of Poor Population Estimate","2012","104495","","2026-07-09T11-45-08-76271f5a60e0","https://openstat.psa.gov.ph/PXWeb/pxweb/en/DB/DB__3D/0023C3DP020.px"
"..2nd District b/","Magnitude of Poor Population Estimate","2015","137391.5","","2026-07-09T11-45-08-76271f5a60e0","https://openstat.psa.gov.ph/PXWeb/pxweb/en/DB/DB__3D/0023C3DP020.px"
"..3rd District b/","Annual Per Capita Poverty Threshold  (in Pesos)","1991","","..","2026-07-09T11-45-08-76271f5a60e0","https://openstat.psa.gov.ph/PXWeb/pxweb/en/DB/DB__3D/0023C3DP020.px"
"..3rd District b/","Annual Per Capita Poverty Threshold  (in Pesos)","2006","15698.9546040384","","2026-07-09T11-45-08-76271f5a60e0","https://openstat.psa.gov.ph/PXWeb/pxweb/en/DB/DB__3D/0023C3DP020.px"
"..3rd District b/","Annual Per Capita Poverty Threshold  (in Pesos)","2009","19227.3091794358","","2026-07-09T11-45-08-76271f5a60e0","https://openstat.psa.gov.ph/PXWeb/pxweb/en/DB/DB__3D/0023C3DP020.px"
"..3rd District b/","Annual Per Capita Poverty Threshold  (in Pesos)","2012","20343.949591866","","2026-07-09T11-45-08-76271f5a60e0","https://openstat.psa.gov.ph/PXWeb/pxweb/en/DB/DB__3D/0023C3DP020.px"
"..3rd District b/","Annual Per Capita Poverty Threshold  (in Pesos)","2015","25007","","2026-07-09T11-45-08-76271f5a60e0","https://openstat.psa.gov.ph/PXWeb/pxweb/en/DB/DB__3D/0023C3DP020.px"
"..3rd District b/","Poverty Incidence among Population Estimate (%)","1991","","..","2026-07-09T11-45-08-76271f5a60e0","https://openstat.psa.gov.ph/PXWeb/pxweb/en/DB/DB__3D/0023C3DP020.px"
"..3rd District b/","Poverty Incidence among Population Estimate (%)","2006","4.56476","","2026-07-09T11-45-08-76271f5a60e0","https://openstat.psa.gov.ph/PXWeb/pxweb/en/DB/DB__3D/0023C3DP020.px"
"..3rd District b/","Poverty Incidence among Population Estimate (%)","2009","4.47388","","2026-07-09T11-45-08-76271f5a60e0","https://openstat.psa.gov.ph/PXWeb/pxweb/en/DB/DB__3D/0023C3DP020.px"
"..3rd District b/","Poverty Incidence among Population Estimate (%)","2012","3.83101","","2026-07-09T11-45-08-76271f5a60e0","https://openstat.psa.gov.ph/PXWeb/pxweb/en/DB/DB__3D/0023C3DP020.px"
"..3rd District b/","Poverty Incidence among Population Estimate (%)","2015","4.09567","","2026-07-09T11-45-08-76271f5a60e0","https://openstat.psa.gov.ph/PXWeb/pxweb/en/DB/DB__3D/0023C3DP020.px"
"..3rd District b/","Coefficient of Variation","1991","","..","2026-07-09T11-45-08-76271f5a60e0","https://openstat.psa.gov.ph/PXWeb/pxweb/en/DB/DB__3D/0023C3DP020.px"
"..3rd District b/","Coefficient of Variation","2006","19.24502","","2026-07-09T11-45-08-76271f5a60e0","https://openstat.psa.gov.ph/PXWeb/pxweb/en/DB/DB__3D/0023C3DP020.px"
"..3rd District b/","Coefficient of Variation","2009","25.69251","","2026-07-09T11-45-08-76271f5a60e0","https://openstat.psa.gov.ph/PXWeb/pxweb/en/DB/DB__3D/0023C3DP020.px"
"..3rd District b/","Coefficient of Variation","2012","25.89624","","2026-07-09T11-45-08-76271f5a60e0","https://openstat.psa.gov.ph/PXWeb/pxweb/en/DB/DB__3D/0023C3DP020.px"
"..3rd District b/","Coefficient of Variation","2015","20.52018","","2026-07-09T11-45-08-76271f5a60e0","https://openstat.psa.gov.ph/PXWeb/pxweb/en/DB/DB__3D/0023C3DP020.px"
"..3rd District b/","Magnitude of Poor Population Estimate","1991","","..","2026-07-09T11-45-08-76271f5a60e0","https://openstat.psa.gov.ph/PXWeb/pxweb/en/DB/DB__3D/0023C3DP020.px"
"..3rd District b/","Magnitude of Poor Population Estimate","2006","113009.3","","2026-07-09T11-45-08-76271f5a60e0","https://openstat.psa.gov.ph/PXWeb/pxweb/en/DB/DB__3D/0023C3DP020.px"
"..3rd District b/","Magnitude of Poor Population Estimate","2009","113584.7","","2026-07-09T11-45-08-76271f5a60e0","https://openstat.psa.gov.ph/PXWeb/pxweb/en/DB/DB__3D/0023C3DP020.px"
"..3rd District b/","Magnitude of Poor Population Estimate","2012","100450.7","","2026-07-09T11-45-08-76271f5a60e0","https://openstat.psa.gov.ph/PXWeb/pxweb/en/DB/DB__3D/0023C3DP020.px"
"..3rd District b/","Magnitude of Poor Population Estimate","2015","115989.8","","2026-07-09T11-45-08-76271f5a60e0","https://openstat.psa.gov.ph/PXWeb/pxweb/en/DB/DB__3D/0023C3DP020.px"
"..4th District b/","Annual Per Capita Poverty Threshold  (in Pesos)","1991","","..","2026-07-09T11-45-08-76271f5a60e0","https://openstat.psa.gov.ph/PXWeb/pxweb/en/DB/DB__3D/0023C3DP020.px"
"..4th District b/","Annual Per Capita Poverty Threshold  (in Pesos)","2006","15698.9546040384","","2026-07-09T11-45-08-76271f5a60e0","https://openstat.psa.gov.ph/PXWeb/pxweb/en/DB/DB__3D/0023C3DP020.px"
"..4th District b/","Annual Per Capita Poverty Threshold  (in Pesos)","2009","19227.3091794358","","2026-07-09T11-45-08-76271f5a60e0","https://openstat.psa.gov.ph/PXWeb/pxweb/en/DB/DB__3D/0023C3DP020.px"
"..4th District b/","Annual Per Capita Poverty Threshold  (in Pesos)","2012","20343.949591866","","2026-07-09T11-45-08-76271f5a60e0","https://openstat.psa.gov.ph/PXWeb/pxweb/en/DB/DB__3D/0023C3DP020.px"
"..4th District b/","Annual Per Capita Poverty Threshold  (in Pesos)","2015","25007","","2026-07-09T11-45-08-76271f5a60e0","https://openstat.psa.gov.ph/PXWeb/pxweb/en/DB/DB__3D/0023C3DP020.px"
"..4th District b/","Poverty Incidence among Population Estimate (%)","1991","","..","2026-07-09T11-45-08-76271f5a60e0","https://openstat.psa.gov.ph/PXWeb/pxweb/en/DB/DB__3D/0023C3DP020.px"
"..4th District b/","Poverty Incidence among Population Estimate (%)","2006","4.36088","","2026-07-09T11-45-08-76271f5a60e0","https://openstat.psa.gov.ph/PXWeb/pxweb/en/DB/DB__3D/0023C3DP020.px"
"..4th District b/","Poverty Incidence among Population Estimate (%)","2009","2.41835","","2026-07-09T11-45-08-76271f5a60e0","https://openstat.psa.gov.ph/PXWeb/pxweb/en/DB/DB__3D/0023C3DP020.px"
"..4th District b/","Poverty Incidence among Population Estimate (%)","2012","4.80366","","2026-07-09T11-45-08-76271f5a60e0","https://openstat.psa.gov.ph/PXWeb/pxweb/en/DB/DB__3D/0023C3DP020.px"
"..4th District b/","Poverty Incidence among Population Estimate (%)","2015","4.54767","","2026-07-09T11-45-08-76271f5a60e0","https://openstat.psa.gov.ph/PXWeb/pxweb/en/DB/DB__3D/0023C3DP020.px"
"..4th District b/","Coefficient of Variation","1991","","..","2026-07-09T11-45-08-76271f5a60e0","https://openstat.psa.gov.ph/PXWeb/pxweb/en/DB/DB__3D/0023C3DP020.px"
"..4th District b/","Coefficient of Variation","2006","22.82514","","2026-07-09T11-45-08-76271f5a60e0","https://openstat.psa.gov.ph/PXWeb/pxweb/en/DB/DB__3D/0023C3DP020.px"
"..4th District b/","Coefficient of Variation","2009","33.44951","","2026-07-09T11-45-08-76271f5a60e0","https://openstat.psa.gov.ph/PXWeb/pxweb/en/DB/DB__3D/0023C3DP020.px"
"..4th District b/","Coefficient of Variation","2012","21.61695","","2026-07-09T11-45-08-76271f5a60e0","https://openstat.psa.gov.ph/PXWeb/pxweb/en/DB/DB__3D/0023C3DP020.px"
"..4th District b/","Coefficient of Variation","2015","22.05037","","2026-07-09T11-45-08-76271f5a60e0","https://openstat.psa.gov.ph/PXWeb/pxweb/en/DB/DB__3D/0023C3DP020.px"
"..4th District b/","Magnitude of Poor Population Estimate","1991","","..","2026-07-09T11-45-08-76271f5a60e0","https://openstat.psa.gov.ph/PXWeb/pxweb/en/DB/DB__3D/0023C3DP020.px"
"..4th District b/","Magnitude of Poor Population Estimate","2006","124305.8","","2026-07-09T11-45-08-76271f5a60e0","https://openstat.psa.gov.ph/PXWeb/pxweb/en/DB/DB__3D/0023C3DP020.px"
"..4th District b/","Magnitude of Poor Population Estimate","2009","73457.2","","2026-07-09T11-45-08-76271f5a60e0","https://openstat.psa.gov.ph/PXWeb/pxweb/en/DB/DB__3D/0023C3DP020.px"
"..4th District b/","Magnitude of Poor Population Estimate","2012","153294.8","","2026-07-09T11-45-08-76271f5a60e0","https://openstat.psa.gov.ph/PXWeb/pxweb/en/DB/DB__3D/0023C3DP020.px"
"..4th District b/","Magnitude of Poor Population Estimate","2015","159241.6","","2026-07-09T11-45-08-76271f5a60e0","https://openstat.psa.gov.ph/PXWeb/pxweb/en/DB/DB__3D/0023C3DP020.px"
"CAR","Annual Per Capita Poverty Threshold  (in Pesos)","1991","6706.4580867874","","2026-07-09T11-45-08-76271f5a60e0","https://openstat.psa.gov.ph/PXWeb/pxweb/en/DB/DB__3D/0023C3DP020.px"
"CAR","Annual Per Capita Poverty Threshold  (in Pesos)","2006","14107.0071217004","","2026-07-09T11-45-08-76271f5a60e0","https://openstat.psa.gov.ph/PXWeb/pxweb/en/DB/DB__3D/0023C3DP020.px"
"CAR","Annual Per Capita Poverty Threshold  (in Pesos)","2009","17242.5145735835","","2026-07-09T11-45-08-76271f5a60e0","https://openstat.psa.gov.ph/PXWeb/pxweb/en/DB/DB__3D/0023C3DP020.px"
"CAR","Annual Per Capita Poverty Threshold  (in Pesos)","2012","19482.8996886819","","2026-07-09T11-45-08-76271f5a60e0","https://openstat.psa.gov.ph/PXWeb/pxweb/en/DB/DB__3D/0023C3DP020.px"
"CAR","Annual Per Capita Poverty Threshold  (in Pesos)","2015","21770","","2026-07-09T11-45-08-76271f5a60e0","https://openstat.psa.gov.ph/PXWeb/pxweb/en/DB/DB__3D/0023C3DP020.px"
"CAR","Poverty Incidence among Population Estimate (%)","1991","42.6917","","2026-07-09T11-45-08-76271f5a60e0","https://openstat.psa.gov.ph/PXWeb/pxweb/en/DB/DB__3D/0023C3DP020.px"
"CAR","Poverty Incidence among Population Estimate (%)","2006","25.95381","","2026-07-09T11-45-08-76271f5a60e0","https://openstat.psa.gov.ph/PXWeb/pxweb/en/DB/DB__3D/0023C3DP020.px"
"CAR","Poverty Incidence among Population Estimate (%)","2009","25.07613","","2026-07-09T11-45-08-76271f5a60e0","https://openstat.psa.gov.ph/PXWeb/pxweb/en/DB/DB__3D/0023C3DP020.px"
"CAR","Poverty Incidence among Population Estimate (%)","2012","22.84143","","2026-07-09T11-45-08-76271f5a60e0","https://openstat.psa.gov.ph/PXWeb/pxweb/en/DB/DB__3D/0023C3DP020.px"
"CAR","Poverty Incidence among Population Estimate (%)","2015","19.71348","","2026-07-09T11-45-08-76271f5a60e0","https://openstat.psa.gov.ph/PXWeb/pxweb/en/DB/DB__3D/0023C3DP020.px"
"CAR","Coefficient of Variation","1991","14.41098","","2026-07-09T11-45-08-76271f5a60e0","https://openstat.psa.gov.ph/PXWeb/pxweb/en/DB/DB__3D/0023C3DP020.px"
"CAR","Coefficient of Variation","2006","9.927116","","2026-07-09T11-45-08-76271f5a60e0","https://openstat.psa.gov.ph/PXWeb/pxweb/en/DB/DB__3D/0023C3DP020.px"
"CAR","Coefficient of Variation","2009","11.33255","","2026-07-09T11-45-08-76271f5a60e0","https://openstat.psa.gov.ph/PXWeb/pxweb/en/DB/DB__3D/0023C3DP020.px"
"CAR","Coefficient of Variation","2012","11.81009","","2026-07-09T11-45-08-76271f5a60e0","https://openstat.psa.gov.ph/PXWeb/pxweb/en/DB/DB__3D/0023C3DP020.px"
"CAR","Coefficient of Variation","2015","19.97453","","2026-07-09T11-45-08-76271f5a60e0","https://openstat.psa.gov.ph/PXWeb/pxweb/en/DB/DB__3D/0023C3DP020.px"
"CAR","Magnitude of Poor Population Estimate","1991","527373.1","","2026-07-09T11-45-08-76271f5a60e0","https://openstat.psa.gov.ph/PXWeb/pxweb/en/DB/DB__3D/0023C3DP020.px"
"CAR","Magnitude of Poor Population Estimate","2006","392116.9","","2026-07-09T11-45-08-76271f5a60e0","https://openstat.psa.gov.ph/PXWeb/pxweb/en/DB/DB__3D/0023C3DP020.px"
"CAR","Magnitude of Poor Population Estimate","2009","390066","","2026-07-09T11-45-08-76271f5a60e0","https://openstat.psa.gov.ph/PXWeb/pxweb/en/DB/DB__3D/0023C3DP020.px"
"CAR","Magnitude of Poor Population Estimate","2012","373740.1","","2026-07-09T11-45-08-76271f5a60e0","https://openstat.psa.gov.ph/PXWeb/pxweb/en/DB/DB__3D/0023C3DP020.px"
"CAR","Magnitude of Poor Population Estimate","2015","351590","","2026-07-09T11-45-08-76271f5a60e0","https://openstat.psa.gov.ph/PXWeb/pxweb/en/DB/DB__3D/0023C3DP020.px"
"..Abra","Annual Per Capita Poverty Threshold  (in Pesos)","1991","","..","2026-07-09T11-45-08-76271f5a60e0","https://openstat.psa.gov.ph/PXWeb/pxweb/en/DB/DB__3D/0023C3DP020.px"
"..Abra","Annual Per Capita Poverty Threshold  (in Pesos)","2006","14679.8011049648","","2026-07-09T11-45-08-76271f5a60e0","https://openstat.psa.gov.ph/PXWeb/pxweb/en/DB/DB__3D/0023C3DP020.px"
"..Abra","Annual Per Capita Poverty Threshold  (in Pesos)","2009","17851.9448568744","","2026-07-09T11-45-08-76271f5a60e0","https://openstat.psa.gov.ph/PXWeb/pxweb/en/DB/DB__3D/0023C3DP020.px"
"..Abra","Annual Per Capita Poverty Threshold  (in Pesos)","2012","19774.8675354432","","2026-07-09T11-45-08-76271f5a60e0","https://openstat.psa.gov.ph/PXWeb/pxweb/en/DB/DB__3D/0023C3DP020.px"
"..Abra","Annual Per Capita Poverty Threshold  (in Pesos)","2015","21240","","2026-07-09T11-45-08-76271f5a60e0","https://openstat.psa.gov.ph/PXWeb/pxweb/en/DB/DB__3D/0023C3DP020.px"
"..Abra","Poverty Incidence among Population Estimate (%)","1991","","..","2026-07-09T11-45-08-76271f5a60e0","https://openstat.psa.gov.ph/PXWeb/pxweb/en/DB/DB__3D/0023C3DP020.px"
"..Abra","Poverty Incidence among Population Estimate (%)","2006","49.28226","","2026-07-09T11-45-08-76271f5a60e0","https://openstat.psa.gov.ph/PXWeb/pxweb/en/DB/DB__3D/0023C3DP020.px"
"..Abra","Poverty Incidence among Population Estimate (%)","2009","48.84975","","2026-07-09T11-45-08-76271f5a60e0","https://openstat.psa.gov.ph/PXWeb/pxweb/en/DB/DB__3D/0023C3DP020.px"
"..Abra","Poverty Incidence among Population Estimate (%)","2012","37.35946","","2026-07-09T11-45-08-76271f5a60e0","https://openstat.psa.gov.ph/PXWeb/pxweb/en/DB/DB__3D/0023C3DP020.px"
"..Abra","Poverty Incidence among Population Estimate (%)","2015","28.93911","","2026-07-09T11-45-08-76271f5a60e0","https://openstat.psa.gov.ph/PXWeb/pxweb/en/DB/DB__3D/0023C3DP020.px"
"..Abra","Coefficient of Variation","1991","","..","2026-07-09T11-45-08-76271f5a60e0","https://openstat.psa.gov.ph/PXWeb/pxweb/en/DB/DB__3D/0023C3DP020.px"
"..Abra","Coefficient of Variation","2006","9.710592","","2026-07-09T11-45-08-76271f5a60e0","https://openstat.psa.gov.ph/PXWeb/pxweb/en/DB/DB__3D/0023C3DP020.px"
"..Abra","Coefficient of Variation","2009","17.56618","","2026-07-09T11-45-08-76271f5a60e0","https://openstat.psa.gov.ph/PXWeb/pxweb/en/DB/DB__3D/0023C3DP020.px"
"..Abra","Coefficient of Variation","2012","19.21099","","2026-07-09T11-45-08-76271f5a60e0","https://openstat.psa.gov.ph/PXWeb/pxweb/en/DB/DB__3D/0023C3DP020.px"
"..Abra","Coefficient of Variation","2015","9.791491","","2026-07-09T11-45-08-76271f5a60e0","https://openstat.psa.gov.ph/PXWeb/pxweb/en/DB/DB__3D/0023C3DP020.px"
"..Abra","Magnitude of Poor Population Estimate","1991","","..","2026-07-09T11-45-08-76271f5a60e0","https://openstat.psa.gov.ph/PXWeb/pxweb/en/DB/DB__3D/0023C3DP020.px"
"..Abra","Magnitude of Poor Population Estimate","2006","105369.7","","2026-07-09T11-45-08-76271f5a60e0","https://openstat.psa.gov.ph/PXWeb/pxweb/en/DB/DB__3D/0023C3DP020.px"
"..Abra","Magnitude of Poor Population Estimate","2009","107944.5","","2026-07-09T11-45-08-76271f5a60e0","https://openstat.psa.gov.ph/PXWeb/pxweb/en/DB/DB__3D/0023C3DP020.px"
"..Abra","Magnitude of Poor Population Estimate","2012","84347.15","","2026-07-09T11-45-08-76271f5a60e0","https://openstat.psa.gov.ph/PXWeb/pxweb/en/DB/DB__3D/0023C3DP020.px"
"..Abra","Magnitude of Poor Population Estimate","2015","76930.44","","2026-07-09T11-45-08-76271f5a60e0","https://openstat.psa.gov.ph/PXWeb/pxweb/en/DB/DB__3D/0023C3DP020.px"
"..Apayao","Annual Per Capita Poverty Threshold  (in Pesos)","1991","","..","2026-07-09T11-45-08-76271f5a60e0","https://openstat.psa.gov.ph/PXWeb/pxweb/en/DB/DB__3D/0023C3DP020.px"
"..Apayao","Annual Per Capita Poverty Threshold  (in Pesos)","2006","13915.0207647143","","2026-07-09T11-45-08-76271f5a60e0","https://openstat.psa.gov.ph/PXWeb/pxweb/en/DB/DB__3D/0023C3DP020.px"
"..Apayao","Annual Per Capita Poverty Threshold  (in Pesos)","2009","16922.984390663","","2026-07-09T11-45-08-76271f5a60e0","https://openstat.psa.gov.ph/PXWeb/pxweb/en/DB/DB__3D/0023C3DP020.px"
"..Apayao","Annual Per Capita Poverty Threshold  (in Pesos)","2012","18623.1132750967","","2026-07-09T11-45-08-76271f5a60e0","https://openstat.psa.gov.ph/PXWeb/pxweb/en/DB/DB__3D/0023C3DP020.px"
"..Apayao","Annual Per Capita Poverty Threshold  (in Pesos)","2015","20947","","2026-07-09T11-45-08-76271f5a60e0","https://openstat.psa.gov.ph/PXWeb/pxweb/en/DB/DB__3D/0023C3DP020.px"
"..Apayao","Poverty Incidence among Population Estimate (%)","1991","","..","2026-07-09T11-45-08-76271f5a60e0","https://openstat.psa.gov.ph/PXWeb/pxweb/en/DB/DB__3D/0023C3DP020.px"
"..Apayao","Poverty Incidence among Population Estimate (%)","2006","46.76603","","2026-07-09T11-45-08-76271f5a60e0","https://openstat.psa.gov.ph/PXWeb/pxweb/en/DB/DB__3D/0023C3DP020.px"
"..Apayao","Poverty Incidence among Population Estimate (%)","2009","45.66908","","2026-07-09T11-45-08-76271f5a60e0","https://openstat.psa.gov.ph/PXWeb/pxweb/en/DB/DB__3D/0023C3DP020.px"
"..Apayao","Poverty Incidence among Population Estimate (%)","2012","61.36667","","2026-07-09T11-45-08-76271f5a60e0","https://openstat.psa.gov.ph/PXWeb/pxweb/en/DB/DB__3D/0023C3DP020.px"
"..Apayao","Poverty Incidence among Population Estimate (%)","2015","34.8936","","2026-07-09T11-45-08-76271f5a60e0","https://openstat.psa.gov.ph/PXWeb/pxweb/en/DB/DB__3D/0023C3DP020.px"
"..Apayao","Coefficient of Variation","1991","","..","2026-07-09T11-45-08-76271f5a60e0","https://openstat.psa.gov.ph/PXWeb/pxweb/en/DB/DB__3D/0023C3DP020.px"
"..Apayao","Coefficient of Variation","2006","19.86544","","2026-07-09T11-45-08-76271f5a60e0","https://openstat.psa.gov.ph/PXWeb/pxweb/en/DB/DB__3D/0023C3DP020.px"
"..Apayao","Coefficient of Variation","2009","22.66666","","2026-07-09T11-45-08-76271f5a60e0","https://openstat.psa.gov.ph/PXWeb/pxweb/en/DB/DB__3D/0023C3DP020.px"
"..Apayao","Coefficient of Variation","2012","15.93127","","2026-07-09T11-45-08-76271f5a60e0","https://openstat.psa.gov.ph/PXWeb/pxweb/en/DB/DB__3D/0023C3DP020.px"
"..Apayao","Coefficient of Variation","2015","10.31307","","2026-07-09T11-45-08-76271f5a60e0","https://openstat.psa.gov.ph/PXWeb/pxweb/en/DB/DB__3D/0023C3DP020.px"
"..Apayao","Magnitude of Poor Population Estimate","1991","","..","2026-07-09T11-45-08-76271f5a60e0","https://openstat.psa.gov.ph/PXWeb/pxweb/en/DB/DB__3D/0023C3DP020.px"
"..Apayao","Magnitude of Poor Population Estimate","2006","50258.51","","2026-07-09T11-45-08-76271f5a60e0","https://openstat.psa.gov.ph/PXWeb/pxweb/en/DB/DB__3D/0023C3DP020.px"
"..Apayao","Magnitude of Poor Population Estimate","2009","51298.02","","2026-07-09T11-45-08-76271f5a60e0","https://openstat.psa.gov.ph/PXWeb/pxweb/en/DB/DB__3D/0023C3DP020.px"
"..Apayao","Magnitude of Poor Population Estimate","2012","68970.02","","2026-07-09T11-45-08-76271f5a60e0","https://openstat.psa.gov.ph/PXWeb/pxweb/en/DB/DB__3D/0023C3DP020.px"
"..Apayao","Magnitude of Poor Population Estimate","2015","36004.47","","2026-07-09T11-45-08-76271f5a60e0","https://openstat.psa.gov.ph/PXWeb/pxweb/en/DB/DB__3D/0023C3DP020.px"
"..Benguet","Annual Per Capita Poverty Threshold  (in Pesos)","1991","","..","2026-07-09T11-45-08-76271f5a60e0","https://openstat.psa.gov.ph/PXWeb/pxweb/en/DB/DB__3D/0023C3DP020.px"
"..Benguet","Annual Per Capita Poverty Threshold  (in Pesos)","2006","13341.1878232647","","2026-07-09T11-45-08-76271f5a60e0","https://openstat.psa.gov.ph/PXWeb/pxweb/en/DB/DB__3D/0023C3DP020.px"
"..Benguet","Annual Per Capita Poverty Threshold  (in Pesos)","2009","16216.6674505494","","2026-07-09T11-45-08-76271f5a60e0","https://openstat.psa.gov.ph/PXWeb/pxweb/en/DB/DB__3D/0023C3DP020.px"
"..Benguet","Annual Per Capita Poverty Threshold  (in Pesos)","2012","19140.048460668","","2026-07-09T11-45-08-76271f5a60e0","https://openstat.psa.gov.ph/PXWeb/pxweb/en/DB/DB__3D/0023C3DP020.px"
"..Benguet","Annual Per Capita Poverty Threshold  (in Pesos)","2015","21561","","2026-07-09T11-45-08-76271f5a60e0","https://openstat.psa.gov.ph/PXWeb/pxweb/en/DB/DB__3D/0023C3DP020.px"
"..Benguet","Poverty Incidence among Population Estimate (%)","1991","","..","2026-07-09T11-45-08-76271f5a60e0","https://openstat.psa.gov.ph/PXWeb/pxweb/en/DB/DB__3D/0023C3DP020.px"
"..Benguet","Poverty Incidence among Population Estimate (%)","2006","5.77207","","2026-07-09T11-45-08-76271f5a60e0","https://openstat.psa.gov.ph/PXWeb/pxweb/en/DB/DB__3D/0023C3DP020.px"
"..Benguet","Poverty Incidence among Population Estimate (%)","2009","6.10467","","2026-07-09T11-45-08-76271f5a60e0","https://openstat.psa.gov.ph/PXWeb/pxweb/en/DB/DB__3D/0023C3DP020.px"
"..Benguet","Poverty Incidence among Population Estimate (%)","2012","3.69417","","2026-07-09T11-45-08-76271f5a60e0","https://openstat.psa.gov.ph/PXWeb/pxweb/en/DB/DB__3D/0023C3DP020.px"
"..Benguet","Poverty Incidence among Population Estimate (%)","2015","3.48046","","2026-07-09T11-45-08-76271f5a60e0","https://openstat.psa.gov.ph/PXWeb/pxweb/en/DB/DB__3D/0023C3DP020.px"
"..Benguet","Coefficient of Variation","1991","","..","2026-07-09T11-45-08-76271f5a60e0","https://openstat.psa.gov.ph/PXWeb/pxweb/en/DB/DB__3D/0023C3DP020.px"
"..Benguet","Coefficient of Variation","2006","25.43568","","2026-07-09T11-45-08-76271f5a60e0","https://openstat.psa.gov.ph/PXWeb/pxweb/en/DB/DB__3D/0023C3DP020.px"
"..Benguet","Coefficient of Variation","2009","28.82768","","2026-07-09T11-45-08-76271f5a60e0","https://openstat.psa.gov.ph/PXWeb/pxweb/en/DB/DB__3D/0023C3DP020.px"
"..Benguet","Coefficient of Variation","2012","31.33483","","2026-07-09T11-45-08-76271f5a60e0","https://openstat.psa.gov.ph/PXWeb/pxweb/en/DB/DB__3D/0023C3DP020.px"
"..Benguet","Coefficient of Variation","2015","9.791491","","2026-07-09T11-45-08-76271f5a60e0","https://openstat.psa.gov.ph/PXWeb/pxweb/en/DB/DB__3D/0023C3DP020.px"
"..Benguet","Magnitude of Poor Population Estimate","1991","","..","2026-07-09T11-45-08-76271f5a60e0","https://openstat.psa.gov.ph/PXWeb/pxweb/en/DB/DB__3D/0023C3DP020.px"
"..Benguet","Magnitude of Poor Population Estimate","2006","40122.61","","2026-07-09T11-45-08-76271f5a60e0","https://openstat.psa.gov.ph/PXWeb/pxweb/en/DB/DB__3D/0023C3DP020.px"
"..Benguet","Magnitude of Poor Population Estimate","2009","43778.27","","2026-07-09T11-45-08-76271f5a60e0","https://openstat.psa.gov.ph/PXWeb/pxweb/en/DB/DB__3D/0023C3DP020.px"
"..Benguet","Magnitude of Poor Population Estimate","2012","27788.53","","2026-07-09T11-45-08-76271f5a60e0","https://openstat.psa.gov.ph/PXWeb/pxweb/en/DB/DB__3D/0023C3DP020.px"
"..Benguet","Magnitude of Poor Population Estimate","2015","28417.66","","2026-07-09T11-45-08-76271f5a60e0","https://openstat.psa.gov.ph/PXWeb/pxweb/en/DB/DB__3D/0023C3DP020.px"
"..Ifugao b/","Annual Per Capita Poverty Threshold  (in Pesos)","1991","","..","2026-07-09T11-45-08-76271f5a60e0","https://openstat.psa.gov.ph/PXWeb/pxweb/en/DB/DB__3D/0023C3DP020.px"
"..Ifugao b/","Annual Per Capita Poverty Threshold  (in Pesos)","2006","14233.2307031362","","2026-07-09T11-45-08-76271f5a60e0","https://openstat.psa.gov.ph/PXWeb/pxweb/en/DB/DB__3D/0023C3DP020.px"
"..Ifugao b/","Annual Per Capita Poverty Threshold  (in Pesos)","2009","17321.2119358415","","2026-07-09T11-45-08-76271f5a60e0","https://openstat.psa.gov.ph/PXWeb/pxweb/en/DB/DB__3D/0023C3DP020.px"
"..Ifugao b/","Annual Per Capita Poverty Threshold  (in Pesos)","2012","20253.0287841902","","2026-07-09T11-45-08-76271f5a60e0","https://openstat.psa.gov.ph/PXWeb/pxweb/en/DB/DB__3D/0023C3DP020.px"
"..Ifugao b/","Annual Per Capita Poverty Threshold  (in Pesos)","2015","22673","","2026-07-09T11-45-08-76271f5a60e0","https://openstat.psa.gov.ph/PXWeb/pxweb/en/DB/DB__3D/0023C3DP020.px"
"..Ifugao b/","Poverty Incidence among Population Estimate (%)","1991","","..","2026-07-09T11-45-08-76271f5a60e0","https://openstat.psa.gov.ph/PXWeb/pxweb/en/DB/DB__3D/0023C3DP020.px"
"..Ifugao b/","Poverty Incidence among Population Estimate (%)","2006","27.98537","","2026-07-09T11-45-08-76271f5a60e0","https://openstat.psa.gov.ph/PXWeb/pxweb/en/DB/DB__3D/0023C3DP020.px"
"..Ifugao b/","Poverty Incidence among Population Estimate (%)","2009","32.12815","","2026-07-09T11-45-08-76271f5a60e0","https://openstat.psa.gov.ph/PXWeb/pxweb/en/DB/DB__3D/0023C3DP020.px"
"..Ifugao b/","Poverty Incidence among Population Estimate (%)","2012","42.44743","","2026-07-09T11-45-08-76271f5a60e0","https://openstat.psa.gov.ph/PXWeb/pxweb/en/DB/DB__3D/0023C3DP020.px"
"..Ifugao b/","Poverty Incidence among Population Estimate (%)","2015","32.53073","","2026-07-09T11-45-08-76271f5a60e0","https://openstat.psa.gov.ph/PXWeb/pxweb/en/DB/DB__3D/0023C3DP020.px"
"..Ifugao b/","Coefficient of Variation","1991","","..","2026-07-09T11-45-08-76271f5a60e0","https://openstat.psa.gov.ph/PXWeb/pxweb/en/DB/DB__3D/0023C3DP020.px"
"..Ifugao b/","Coefficient of Variation","2006","27.7264","","2026-07-09T11-45-08-76271f5a60e0","https://openstat.psa.gov.ph/PXWeb/pxweb/en/DB/DB__3D/0023C3DP020.px"
"..Ifugao b/","Coefficient of Variation","2009","16.67404","","2026-07-09T11-45-08-76271f5a60e0","https://openstat.psa.gov.ph/PXWeb/pxweb/en/DB/DB__3D/0023C3DP020.px"
"..Ifugao b/","Coefficient of Variation","2012","14.73007","","2026-07-09T11-45-08-76271f5a60e0","https://openstat.psa.gov.ph/PXWeb/pxweb/en/DB/DB__3D/0023C3DP020.px"
"..Ifugao b/","Coefficient of Variation","2015","33.86042","","2026-07-09T11-45-08-76271f5a60e0","https://openstat.psa.gov.ph/PXWeb/pxweb/en/DB/DB__3D/0023C3DP020.px"
"..Ifugao b/","Magnitude of Poor Population Estimate","1991","","..","2026-07-09T11-45-08-76271f5a60e0","https://openstat.psa.gov.ph/PXWeb/pxweb/en/DB/DB__3D/0023C3DP020.px"
"..Ifugao b/","Magnitude of Poor Population Estimate","2006","47641.82","","2026-07-09T11-45-08-76271f5a60e0","https://openstat.psa.gov.ph/PXWeb/pxweb/en/DB/DB__3D/0023C3DP020.px"
"..Ifugao b/","Magnitude of Poor Population Estimate","2009","56194.25","","2026-07-09T11-45-08-76271f5a60e0","https://openstat.psa.gov.ph/PXWeb/pxweb/en/DB/DB__3D/0023C3DP020.px"
"..Ifugao b/","Magnitude of Poor Population Estimate","2012","79679.86","","2026-07-09T11-45-08-76271f5a60e0","https://openstat.psa.gov.ph/PXWeb/pxweb/en/DB/DB__3D/0023C3DP020.px"
"..Ifugao b/","Magnitude of Poor Population Estimate","2015","68320.59","","2026-07-09T11-45-08-76271f5a60e0","https://openstat.psa.gov.ph/PXWeb/pxweb/en/DB/DB__3D/0023C3DP020.px"
"..Kalinga b/","Annual Per Capita Poverty Threshold  (in Pesos)","1991","","..","2026-07-09T11-45-08-76271f5a60e0","https://openstat.psa.gov.ph/PXWeb/pxweb/en/DB/DB__3D/0023C3DP020.px"
"..Kalinga b/","Annual Per Capita Poverty Threshold  (in Pesos)","2006","13079.4335034688","","2026-07-09T11-45-08-76271f5a60e0","https://openstat.psa.gov.ph/PXWeb/pxweb/en/DB/DB__3D/0023C3DP020.px"
"..Kalinga b/","Annual Per Capita Poverty Threshold  (in Pesos)","2009","15939.1077554778","","2026-07-09T11-45-08-76271f5a60e0","https://openstat.psa.gov.ph/PXWeb/pxweb/en/DB/DB__3D/0023C3DP020.px"
"..Kalinga b/","Annual Per Capita Poverty Threshold  (in Pesos)","2012","17341.8997783233","","2026-07-09T11-45-08-76271f5a60e0","https://openstat.psa.gov.ph/PXWeb/pxweb/en/DB/DB__3D/0023C3DP020.px"
"..Kalinga b/","Annual Per Capita Poverty Threshold  (in Pesos)","2015","20468","","2026-07-09T11-45-08-76271f5a60e0","https://openstat.psa.gov.ph/PXWeb/pxweb/en/DB/DB__3D/0023C3DP020.px"
"..Kalinga b/","Poverty Incidence among Population Estimate (%)","1991","","..","2026-07-09T11-45-08-76271f5a60e0","https://openstat.psa.gov.ph/PXWeb/pxweb/en/DB/DB__3D/0023C3DP020.px"
"..Kalinga b/","Poverty Incidence among Population Estimate (%)","2006","47.29979","","2026-07-09T11-45-08-76271f5a60e0","https://openstat.psa.gov.ph/PXWeb/pxweb/en/DB/DB__3D/0023C3DP020.px"
"..Kalinga b/","Poverty Incidence among Population Estimate (%)","2009","30.1453","","2026-07-09T11-45-08-76271f5a60e0","https://openstat.psa.gov.ph/PXWeb/pxweb/en/DB/DB__3D/0023C3DP020.px"
"..Kalinga b/","Poverty Incidence among Population Estimate (%)","2012","26.7678","","2026-07-09T11-45-08-76271f5a60e0","https://openstat.psa.gov.ph/PXWeb/pxweb/en/DB/DB__3D/0023C3DP020.px"
"..Kalinga b/","Poverty Incidence among Population Estimate (%)","2015","34.85958","","2026-07-09T11-45-08-76271f5a60e0","https://openstat.psa.gov.ph/PXWeb/pxweb/en/DB/DB__3D/0023C3DP020.px"
"..Kalinga b/","Coefficient of Variation","1991","","..","2026-07-09T11-45-08-76271f5a60e0","https://openstat.psa.gov.ph/PXWeb/pxweb/en/DB/DB__3D/0023C3DP020.px"
"..Kalinga b/","Coefficient of Variation","2006","15.06602","","2026-07-09T11-45-08-76271f5a60e0","https://openstat.psa.gov.ph/PXWeb/pxweb/en/DB/DB__3D/0023C3DP020.px"
"..Kalinga b/","Coefficient of Variation","2009","16.20379","","2026-07-09T11-45-08-76271f5a60e0","https://openstat.psa.gov.ph/PXWeb/pxweb/en/DB/DB__3D/0023C3DP020.px"
"..Kalinga b/","Coefficient of Variation","2012","28.98396","","2026-07-09T11-45-08-76271f5a60e0","https://openstat.psa.gov.ph/PXWeb/pxweb/en/DB/DB__3D/0023C3DP020.px"
"..Kalinga b/","Coefficient of Variation","2015","23.37681","","2026-07-09T11-45-08-76271f5a60e0","https://openstat.psa.gov.ph/PXWeb/pxweb/en/DB/DB__3D/0023C3DP020.px"
"..Kalinga b/","Magnitude of Poor Population Estimate","1991","","..","2026-07-09T11-45-08-76271f5a60e0","https://openstat.psa.gov.ph/PXWeb/pxweb/en/DB/DB__3D/0023C3DP020.px"
"..Kalinga b/","Magnitude of Poor Population Estimate","2006","85793.52","","2026-07-09T11-45-08-76271f5a60e0","https://openstat.psa.gov.ph/PXWeb/pxweb/en/DB/DB__3D/0023C3DP020.px"
"..Kalinga b/","Magnitude of Poor Population Estimate","2009","56660","","2026-07-09T11-45-08-76271f5a60e0","https://openstat.psa.gov.ph/PXWeb/pxweb/en/DB/DB__3D/0023C3DP020.px"
"..Kalinga b/","Magnitude of Poor Population Estimate","2012","53768.32","","2026-07-09T11-45-08-76271f5a60e0","https://openstat.psa.gov.ph/PXWeb/pxweb/en/DB/DB__3D/0023C3DP020.px"
"..Kalinga b/","Magnitude of Poor Population Estimate","2015","78584.52","","2026-07-09T11-45-08-76271f5a60e0","https://openstat.psa.gov.ph/PXWeb/pxweb/en/DB/DB__3D/0023C3DP020.px"
"..Mt. Province","Annual Per Capita Poverty Threshold  (in Pesos)","1991","","..","2026-07-09T11-45-08-76271f5a60e0","https://openstat.psa.gov.ph/PXWeb/pxweb/en/DB/DB__3D/0023C3DP020.px"
"..Mt. Province","Annual Per Capita Poverty Threshold  (in Pesos)","2006","14910.3935168826","","2026-07-09T11-45-08-76271f5a60e0","https://openstat.psa.gov.ph/PXWeb/pxweb/en/DB/DB__3D/0023C3DP020.px"
"..Mt. Province","Annual Per Capita Poverty Threshold  (in Pesos)","2009","18117.8925805594","","2026-07-09T11-45-08-76271f5a60e0","https://openstat.psa.gov.ph/PXWeb/pxweb/en/DB/DB__3D/0023C3DP020.px"
"..Mt. Province","Annual Per Capita Poverty Threshold  (in Pesos)","2012","21137.9206644709","","2026-07-09T11-45-08-76271f5a60e0","https://openstat.psa.gov.ph/PXWeb/pxweb/en/DB/DB__3D/0023C3DP020.px"
"..Mt. Province","Annual Per Capita Poverty Threshold  (in Pesos)","2015","23620","","2026-07-09T11-45-08-76271f5a60e0","https://openstat.psa.gov.ph/PXWeb/pxweb/en/DB/DB__3D/0023C3DP020.px"
"..Mt. Province","Poverty Incidence among Population Estimate (%)","1991","","..","2026-07-09T11-45-08-76271f5a60e0","https://openstat.psa.gov.ph/PXWeb/pxweb/en/DB/DB__3D/0023C3DP020.px"
"..Mt. Province","Poverty Incidence among Population Estimate (%)","2006","44.0654","","2026-07-09T11-45-08-76271f5a60e0","https://openstat.psa.gov.ph/PXWeb/pxweb/en/DB/DB__3D/0023C3DP020.px"
"..Mt. Province","Poverty Incidence among Population Estimate (%)","2009","52.15943","","2026-07-09T11-45-08-76271f5a60e0","https://openstat.psa.gov.ph/PXWeb/pxweb/en/DB/DB__3D/0023C3DP020.px"
"..Mt. Province","Poverty Incidence among Population Estimate (%)","2012","37.63485","","2026-07-09T11-45-08-76271f5a60e0","https://openstat.psa.gov.ph/PXWeb/pxweb/en/DB/DB__3D/0023C3DP020.px"
"..Mt. Province","Poverty Incidence among Population Estimate (%)","2015","38.96458","","2026-07-09T11-45-08-76271f5a60e0","https://openstat.psa.gov.ph/PXWeb/pxweb/en/DB/DB__3D/0023C3DP020.px"
"..Mt. Province","Coefficient of Variation","1991","","..","2026-07-09T11-45-08-76271f5a60e0","https://openstat.psa.gov.ph/PXWeb/pxweb/en/DB/DB__3D/0023C3DP020.px"
"..Mt. Province","Coefficient of Variation","2006","22.83569","","2026-07-09T11-45-08-76271f5a60e0","https://openstat.psa.gov.ph/PXWeb/pxweb/en/DB/DB__3D/0023C3DP020.px"
"..Mt. Province","Coefficient of Variation","2009","17.50249","","2026-07-09T11-45-08-76271f5a60e0","https://openstat.psa.gov.ph/PXWeb/pxweb/en/DB/DB__3D/0023C3DP020.px"
"..Mt. Province","Coefficient of Variation","2012","25.38056","","2026-07-09T11-45-08-76271f5a60e0","https://openstat.psa.gov.ph/PXWeb/pxweb/en/DB/DB__3D/0023C3DP020.px"
"..Mt. Province","Coefficient of Variation","2015","16.27929","","2026-07-09T11-45-08-76271f5a60e0","https://openstat.psa.gov.ph/PXWeb/pxweb/en/DB/DB__3D/0023C3DP020.px"
"..Mt. Province","Magnitude of Poor Population Estimate","1991","","..","2026-07-09T11-45-08-76271f5a60e0","https://openstat.psa.gov.ph/PXWeb/pxweb/en/DB/DB__3D/0023C3DP020.px"
"..Mt. Province","Magnitude of Poor Population Estimate","2006","62930.79","","2026-07-09T11-45-08-76271f5a60e0","https://openstat.psa.gov.ph/PXWeb/pxweb/en/DB/DB__3D/0023C3DP020.px"
"..Mt. Province","Magnitude of Poor Population Estimate","2009","74190.95","","2026-07-09T11-45-08-76271f5a60e0","https://openstat.psa.gov.ph/PXWeb/pxweb/en/DB/DB__3D/0023C3DP020.px"
"..Mt. Province","Magnitude of Poor Population Estimate","2012","59186.17","","2026-07-09T11-45-08-76271f5a60e0","https://openstat.psa.gov.ph/PXWeb/pxweb/en/DB/DB__3D/0023C3DP020.px"
"..Mt. Province","Magnitude of Poor Population Estimate","2015","63332.29","","2026-07-09T11-45-08-76271f5a60e0","https://openstat.psa.gov.ph/PXWeb/pxweb/en/DB/DB__3D/0023C3DP020.px"
"Region I","Annual Per Capita Poverty Threshold  (in Pesos)","1991","6370.6966659455","","2026-07-09T11-45-08-76271f5a60e0","https://openstat.psa.gov.ph/PXWeb/pxweb/en/DB/DB__3D/0023C3DP020.px"
"Region I","Annual Per Capita Poverty Threshold  (in Pesos)","2006","14107.117394779","","2026-07-09T11-45-08-76271f5a60e0","https://openstat.psa.gov.ph/PXWeb/pxweb/en/DB/DB__3D/0023C3DP020.px"
"Region I","Annual Per Capita Poverty Threshold  (in Pesos)","2009","17595.4643164671","","2026-07-09T11-45-08-76271f5a60e0","https://openstat.psa.gov.ph/PXWeb/pxweb/en/DB/DB__3D/0023C3DP020.px"
"Region I","Annual Per Capita Poverty Threshold  (in Pesos)","2012","18373.2522608728","","2026-07-09T11-45-08-76271f5a60e0","https://openstat.psa.gov.ph/PXWeb/pxweb/en/DB/DB__3D/0023C3DP020.px"
"Region I","Annual Per Capita Poverty Threshold  (in Pesos)","2015","20488","","2026-07-09T11-45-08-76271f5a60e0","https://openstat.psa.gov.ph/PXWeb/pxweb/en/DB/DB__3D/0023C3DP020.px"
"Region I","Poverty Incidence among Population Estimate (%)","1991","36.63259","","2026-07-09T11-45-08-76271f5a60e0","https://openstat.psa.gov.ph/PXWeb/pxweb/en/DB/DB__3D/0023C3DP020.px"
"Region I","Poverty Incidence among Population Estimate (%)","2006","25.94516","","2026-07-09T11-45-08-76271f5a60e0","https://openstat.psa.gov.ph/PXWeb/pxweb/en/DB/DB__3D/0023C3DP020.px"
"Region I","Poverty Incidence among Population Estimate (%)","2009","21.96907","","2026-07-09T11-45-08-76271f5a60e0","https://openstat.psa.gov.ph/PXWeb/pxweb/en/DB/DB__3D/0023C3DP020.px"
"Region I","Poverty Incidence among Population Estimate (%)","2012","18.46063","","2026-07-09T11-45-08-76271f5a60e0","https://openstat.psa.gov.ph/PXWeb/pxweb/en/DB/DB__3D/0023C3DP020.px"
"Region I","Poverty Incidence among Population Estimate (%)","2015","13.06633","","2026-07-09T11-45-08-76271f5a60e0","https://openstat.psa.gov.ph/PXWeb/pxweb/en/DB/DB__3D/0023C3DP020.px"
"Region I","Coefficient of Variation","1991","6.753739","","2026-07-09T11-45-08-76271f5a60e0","https://openstat.psa.gov.ph/PXWeb/pxweb/en/DB/DB__3D/0023C3DP020.px"
"Region I","Coefficient of Variation","2006","6.845305","","2026-07-09T11-45-08-76271f5a60e0","https://openstat.psa.gov.ph/PXWeb/pxweb/en/DB/DB__3D/0023C3DP020.px"
"Region I","Coefficient of Variation","2009","7.42377","","2026-07-09T11-45-08-76271f5a60e0","https://openstat.psa.gov.ph/PXWeb/pxweb/en/DB/DB__3D/0023C3DP020.px"
"Region I","Coefficient of Variation","2012","8.059804","","2026-07-09T11-45-08-76271f5a60e0","https://openstat.psa.gov.ph/PXWeb/pxweb/en/DB/DB__3D/0023C3DP020.px"
"Region I","Coefficient of Variation","2015","11.28282","","2026-07-09T11-45-08-76271f5a60e0","https://openstat.psa.gov.ph/PXWeb/pxweb/en/DB/DB__3D/0023C3DP020.px"
"Region I","Magnitude of Poor Population Estimate","1991","1298408","","2026-07-09T11-45-08-76271f5a60e0","https://openstat.psa.gov.ph/PXWeb/pxweb/en/DB/DB__3D/0023C3DP020.px"
"Region I","Magnitude of Poor Population Estimate","2006","1165924","","2026-07-09T11-45-08-76271f5a60e0","https://openstat.psa.gov.ph/PXWeb/pxweb/en/DB/DB__3D/0023C3DP020.px"
"Region I","Magnitude of Poor Population Estimate","2009","1005574","","2026-07-09T11-45-08-76271f5a60e0","https://openstat.psa.gov.ph/PXWeb/pxweb/en/DB/DB__3D/0023C3DP020.px"
"Region I","Magnitude of Poor Population Estimate","2012","876649.7","","2026-07-09T11-45-08-76271f5a60e0","https://openstat.psa.gov.ph/PXWeb/pxweb/en/DB/DB__3D/0023C3DP020.px"
"Region I","Magnitude of Poor Population Estimate","2015","671086.5","","2026-07-09T11-45-08-76271f5a60e0","https://openstat.psa.gov.ph/PXWeb/pxweb/en/DB/DB__3D/0023C3DP020.px"
"..Ilocos Norte b/","Annual Per Capita Poverty Threshold  (in Pesos)","1991","","..","2026-07-09T11-45-08-76271f5a60e0","https://openstat.psa.gov.ph/PXWeb/pxweb/en/DB/DB__3D/0023C3DP020.px"
"..Ilocos Norte b/","Annual Per Capita Poverty Threshold  (in Pesos)","2006","14512.1867392238","","2026-07-09T11-45-08-76271f5a60e0","https://openstat.psa.gov.ph/PXWeb/pxweb/en/DB/DB__3D/0023C3DP020.px"
"..Ilocos Norte b/","Annual Per Capita Poverty Threshold  (in Pesos)","2009","17990.1917356822","","2026-07-09T11-45-08-76271f5a60e0","https://openstat.psa.gov.ph/PXWeb/pxweb/en/DB/DB__3D/0023C3DP020.px"
"..Ilocos Norte b/","Annual Per Capita Poverty Threshold  (in Pesos)","2012","18952.9285407418","","2026-07-09T11-45-08-76271f5a60e0","https://openstat.psa.gov.ph/PXWeb/pxweb/en/DB/DB__3D/0023C3DP020.px"
"..Ilocos Norte b/","Annual Per Capita Poverty Threshold  (in Pesos)","2015","20615","","2026-07-09T11-45-08-76271f5a60e0","https://openstat.psa.gov.ph/PXWeb/pxweb/en/DB/DB__3D/0023C3DP020.px"
"..Ilocos Norte b/","Poverty Incidence among Population Estimate (%)","1991","","..","2026-07-09T11-45-08-76271f5a60e0","https://openstat.psa.gov.ph/PXWeb/pxweb/en/DB/DB__3D/0023C3DP020.px"
"..Ilocos Norte b/","Poverty Incidence among Population Estimate (%)","2006","17.74578","","2026-07-09T11-45-08-76271f5a60e0","https://openstat.psa.gov.ph/PXWeb/pxweb/en/DB/DB__3D/0023C3DP020.px"
"..Ilocos Norte b/","Poverty Incidence among Population Estimate (%)","2009","14.7036","","2026-07-09T11-45-08-76271f5a60e0","https://openstat.psa.gov.ph/PXWeb/pxweb/en/DB/DB__3D/0023C3DP020.px"
"..Ilocos Norte b/","Poverty Incidence among Population Estimate (%)","2012","9.88187","","2026-07-09T11-45-08-76271f5a60e0","https://openstat.psa.gov.ph/PXWeb/pxweb/en/DB/DB__3D/0023C3DP020.px"
"..Ilocos Norte b/","Poverty Incidence among Population Estimate (%)","2015","5.26817","","2026-07-09T11-45-08-76271f5a60e0","https://openstat.psa.gov.ph/PXWeb/pxweb/en/DB/DB__3D/0023C3DP020.px"
"..Ilocos Norte b/","Coefficient of Variation","1991","","..","2026-07-09T11-45-08-76271f5a60e0","https://openstat.psa.gov.ph/PXWeb/pxweb/en/DB/DB__3D/0023C3DP020.px"
"..Ilocos Norte b/","Coefficient of Variation","2006","30.66474","","2026-07-09T11-45-08-76271f5a60e0","https://openstat.psa.gov.ph/PXWeb/pxweb/en/DB/DB__3D/0023C3DP020.px"
"..Ilocos Norte b/","Coefficient of Variation","2009","21.52393","","2026-07-09T11-45-08-76271f5a60e0","https://openstat.psa.gov.ph/PXWeb/pxweb/en/DB/DB__3D/0023C3DP020.px"
"..Ilocos Norte b/","Coefficient of Variation","2012","25.85648","","2026-07-09T11-45-08-76271f5a60e0","https://openstat.psa.gov.ph/PXWeb/pxweb/en/DB/DB__3D/0023C3DP020.px"
"..Ilocos Norte b/","Coefficient of Variation","2015","22.93289","","2026-07-09T11-45-08-76271f5a60e0","https://openstat.psa.gov.ph/PXWeb/pxweb/en/DB/DB__3D/0023C3DP020.px"
"..Ilocos Norte b/","Magnitude of Poor Population Estimate","1991","","..","2026-07-09T11-45-08-76271f5a60e0","https://openstat.psa.gov.ph/PXWeb/pxweb/en/DB/DB__3D/0023C3DP020.px"
"..Ilocos Norte b/","Magnitude of Poor Population Estimate","2006","94404.8","","2026-07-09T11-45-08-76271f5a60e0","https://openstat.psa.gov.ph/PXWeb/pxweb/en/DB/DB__3D/0023C3DP020.px"
"..Ilocos Norte b/","Magnitude of Poor Population Estimate","2009","79794.3","","2026-07-09T11-45-08-76271f5a60e0","https://openstat.psa.gov.ph/PXWeb/pxweb/en/DB/DB__3D/0023C3DP020.px"
"..Ilocos Norte b/","Magnitude of Poor Population Estimate","2012","55010.45","","2026-07-09T11-45-08-76271f5a60e0","https://openstat.psa.gov.ph/PXWeb/pxweb/en/DB/DB__3D/0023C3DP020.px"
"..Ilocos Norte b/","Magnitude of Poor Population Estimate","2015","32821.57","","2026-07-09T11-45-08-76271f5a60e0","https://openstat.psa.gov.ph/PXWeb/pxweb/en/DB/DB__3D/0023C3DP020.px"
"..Ilocos Sur","Annual Per Capita Poverty Threshold  (in Pesos)","1991","","..","2026-07-09T11-45-08-76271f5a60e0","https://openstat.psa.gov.ph/PXWeb/pxweb/en/DB/DB__3D/0023C3DP020.px"
"..Ilocos Sur","Annual Per Capita Poverty Threshold  (in Pesos)","2006","14835.8871545181","","2026-07-09T11-45-08-76271f5a60e0","https://openstat.psa.gov.ph/PXWeb/pxweb/en/DB/DB__3D/0023C3DP020.px"
"..Ilocos Sur","Annual Per Capita Poverty Threshold  (in Pesos)","2009","18610.3035915147","","2026-07-09T11-45-08-76271f5a60e0","https://openstat.psa.gov.ph/PXWeb/pxweb/en/DB/DB__3D/0023C3DP020.px"
"..Ilocos Sur","Annual Per Capita Poverty Threshold  (in Pesos)","2012","20885.2498925963","","2026-07-09T11-45-08-76271f5a60e0","https://openstat.psa.gov.ph/PXWeb/pxweb/en/DB/DB__3D/0023C3DP020.px"
"..Ilocos Sur","Annual Per Capita Poverty Threshold  (in Pesos)","2015","22535","","2026-07-09T11-45-08-76271f5a60e0","https://openstat.psa.gov.ph/PXWeb/pxweb/en/DB/DB__3D/0023C3DP020.px"
"..Ilocos Sur","Poverty Incidence among Population Estimate (%)","1991","","..","2026-07-09T11-45-08-76271f5a60e0","https://openstat.psa.gov.ph/PXWeb/pxweb/en/DB/DB__3D/0023C3DP020.px"
"..Ilocos Sur","Poverty Incidence among Population Estimate (%)","2006","20.80727","","2026-07-09T11-45-08-76271f5a60e0","https://openstat.psa.gov.ph/PXWeb/pxweb/en/DB/DB__3D/0023C3DP020.px"
"..Ilocos Sur","Poverty Incidence among Population Estimate (%)","2009","18.06388","","2026-07-09T11-45-08-76271f5a60e0","https://openstat.psa.gov.ph/PXWeb/pxweb/en/DB/DB__3D/0023C3DP020.px"
"..Ilocos Sur","Poverty Incidence among Population Estimate (%)","2012","17.28976","","2026-07-09T11-45-08-76271f5a60e0","https://openstat.psa.gov.ph/PXWeb/pxweb/en/DB/DB__3D/0023C3DP020.px"
"..Ilocos Sur","Poverty Incidence among Population Estimate (%)","2015","12.14618","","2026-07-09T11-45-08-76271f5a60e0","https://openstat.psa.gov.ph/PXWeb/pxweb/en/DB/DB__3D/0023C3DP020.px"
"..Ilocos Sur","Coefficient of Variation","1991","","..","2026-07-09T11-45-08-76271f5a60e0","https://openstat.psa.gov.ph/PXWeb/pxweb/en/DB/DB__3D/0023C3DP020.px"
"..Ilocos Sur","Coefficient of Variation","2006","23.23794","","2026-07-09T11-45-08-76271f5a60e0","https://openstat.psa.gov.ph/PXWeb/pxweb/en/DB/DB__3D/0023C3DP020.px"
"..Ilocos Sur","Coefficient of Variation","2009","18.57907","","2026-07-09T11-45-08-76271f5a60e0","https://openstat.psa.gov.ph/PXWeb/pxweb/en/DB/DB__3D/0023C3DP020.px"
"..Ilocos Sur","Coefficient of Variation","2012","34.31431","","2026-07-09T11-45-08-76271f5a60e0","https://openstat.psa.gov.ph/PXWeb/pxweb/en/DB/DB__3D/0023C3DP020.px"
"..Ilocos Sur","Coefficient of Variation","2015","7.29727","","2026-07-09T11-45-08-76271f5a60e0","https://openstat.psa.gov.ph/PXWeb/pxweb/en/DB/DB__3D/0023C3DP020.px"
"..Ilocos Sur","Magnitude of Poor Population Estimate","1991","","..","2026-07-09T11-45-08-76271f5a60e0","https://openstat.psa.gov.ph/PXWeb/pxweb/en/DB/DB__3D/0023C3DP020.px"
"..Ilocos Sur","Magnitude of Poor Population Estimate","2006","120162","","2026-07-09T11-45-08-76271f5a60e0","https://openstat.psa.gov.ph/PXWeb/pxweb/en/DB/DB__3D/0023C3DP020.px"
"..Ilocos Sur","Magnitude of Poor Population Estimate","2009","107066.4","","2026-07-09T11-45-08-76271f5a60e0","https://openstat.psa.gov.ph/PXWeb/pxweb/en/DB/DB__3D/0023C3DP020.px"
"..Ilocos Sur","Magnitude of Poor Population Estimate","2012","105196.4","","2026-07-09T11-45-08-76271f5a60e0","https://openstat.psa.gov.ph/PXWeb/pxweb/en/DB/DB__3D/0023C3DP020.px"
"..Ilocos Sur","Magnitude of Poor Population Estimate","2015","86612.2","","2026-07-09T11-45-08-76271f5a60e0","https://openstat.psa.gov.ph/PXWeb/pxweb/en/DB/DB__3D/0023C3DP020.px"
"..La Union b/","Annual Per Capita Poverty Threshold  (in Pesos)","1991","","..","2026-07-09T11-45-08-76271f5a60e0","https://openstat.psa.gov.ph/PXWeb/pxweb/en/DB/DB__3D/0023C3DP020.px"
"..La Union b/","Annual Per Capita Poverty Threshold  (in Pesos)","2006","14340.0989258569","","2026-07-09T11-45-08-76271f5a60e0","https://openstat.psa.gov.ph/PXWeb/pxweb/en/DB/DB__3D/0023C3DP020.px"
"..La Union b/","Annual Per Capita Poverty Threshold  (in Pesos)","2009","17724.130030073","","2026-07-09T11-45-08-76271f5a60e0","https://openstat.psa.gov.ph/PXWeb/pxweb/en/DB/DB__3D/0023C3DP020.px"
"..La Union b/","Annual Per Capita Poverty Threshold  (in Pesos)","2012","18006.1568698906","","2026-07-09T11-45-08-76271f5a60e0","https://openstat.psa.gov.ph/PXWeb/pxweb/en/DB/DB__3D/0023C3DP020.px"
"..La Union b/","Annual Per Capita Poverty Threshold  (in Pesos)","2015","19045","","2026-07-09T11-45-08-76271f5a60e0","https://openstat.psa.gov.ph/PXWeb/pxweb/en/DB/DB__3D/0023C3DP020.px"
"..La Union b/","Poverty Incidence among Population Estimate (%)","1991","","..","2026-07-09T11-45-08-76271f5a60e0","https://openstat.psa.gov.ph/PXWeb/pxweb/en/DB/DB__3D/0023C3DP020.px"
"..La Union b/","Poverty Incidence among Population Estimate (%)","2006","25.9895","","2026-07-09T11-45-08-76271f5a60e0","https://openstat.psa.gov.ph/PXWeb/pxweb/en/DB/DB__3D/0023C3DP020.px"
"..La Union b/","Poverty Incidence among Population Estimate (%)","2009","29.28809","","2026-07-09T11-45-08-76271f5a60e0","https://openstat.psa.gov.ph/PXWeb/pxweb/en/DB/DB__3D/0023C3DP020.px"
"..La Union b/","Poverty Incidence among Population Estimate (%)","2012","18.49658","","2026-07-09T11-45-08-76271f5a60e0","https://openstat.psa.gov.ph/PXWeb/pxweb/en/DB/DB__3D/0023C3DP020.px"
"..La Union b/","Poverty Incidence among Population Estimate (%)","2015","12.17574","","2026-07-09T11-45-08-76271f5a60e0","https://openstat.psa.gov.ph/PXWeb/pxweb/en/DB/DB__3D/0023C3DP020.px"
"..La Union b/","Coefficient of Variation","1991","","..","2026-07-09T11-45-08-76271f5a60e0","https://openstat.psa.gov.ph/PXWeb/pxweb/en/DB/DB__3D/0023C3DP020.px"
"..La Union b/","Coefficient of Variation","2006","15.65909","","2026-07-09T11-45-08-76271f5a60e0","https://openstat.psa.gov.ph/PXWeb/pxweb/en/DB/DB__3D/0023C3DP020.px"
"..La Union b/","Coefficient of Variation","2009","18.23046","","2026-07-09T11-45-08-76271f5a60e0","https://openstat.psa.gov.ph/PXWeb/pxweb/en/DB/DB__3D/0023C3DP020.px"
"..La Union b/","Coefficient of Variation","2012","18.44378","","2026-07-09T11-45-08-76271f5a60e0","https://openstat.psa.gov.ph/PXWeb/pxweb/en/DB/DB__3D/0023C3DP020.px"
"..La Union b/","Coefficient of Variation","2015","29.77202","","2026-07-09T11-45-08-76271f5a60e0","https://openstat.psa.gov.ph/PXWeb/pxweb/en/DB/DB__3D/0023C3DP020.px"
"..La Union b/","Magnitude of Poor Population Estimate","1991","","..","2026-07-09T11-45-08-76271f5a60e0","https://openstat.psa.gov.ph/PXWeb/pxweb/en/DB/DB__3D/0023C3DP020.px"
"..La Union b/","Magnitude of Poor Population Estimate","2006","183041.7","","2026-07-09T11-45-08-76271f5a60e0","https://openstat.psa.gov.ph/PXWeb/pxweb/en/DB/DB__3D/0023C3DP020.px"
"..La Union b/","Magnitude of Poor Population Estimate","2009","217782.1","","2026-07-09T11-45-08-76271f5a60e0","https://openstat.psa.gov.ph/PXWeb/pxweb/en/DB/DB__3D/0023C3DP020.px"
"..La Union b/","Magnitude of Poor Population Estimate","2012","134234.4","","2026-07-09T11-45-08-76271f5a60e0","https://openstat.psa.gov.ph/PXWeb/pxweb/en/DB/DB__3D/0023C3DP020.px"
"..La Union b/","Magnitude of Poor Population Estimate","2015","111951.6","","2026-07-09T11-45-08-76271f5a60e0","https://openstat.psa.gov.ph/PXWeb/pxweb/en/DB/DB__3D/0023C3DP020.px"
"..Pangasinan","Annual Per Capita Poverty Threshold  (in Pesos)","1991","","..","2026-07-09T11-45-08-76271f5a60e0","https://openstat.psa.gov.ph/PXWeb/pxweb/en/DB/DB__3D/0023C3DP020.px"
"..Pangasinan","Annual Per Capita Poverty Threshold  (in Pesos)","2006","13860.3848126521","","2026-07-09T11-45-08-76271f5a60e0","https://openstat.psa.gov.ph/PXWeb/pxweb/en/DB/DB__3D/0023C3DP020.px"
"..Pangasinan","Annual Per Capita Poverty Threshold  (in Pesos)","2009","17042.5175426035","","2026-07-09T11-45-08-76271f5a60e0","https://openstat.psa.gov.ph/PXWeb/pxweb/en/DB/DB__3D/0023C3DP020.px"
"..Pangasinan","Annual Per Capita Poverty Threshold  (in Pesos)","2012","17949.2382836131","","2026-07-09T11-45-08-76271f5a60e0","https://openstat.psa.gov.ph/PXWeb/pxweb/en/DB/DB__3D/0023C3DP020.px"
"..Pangasinan","Annual Per Capita Poverty Threshold  (in Pesos)","2015","20444","","2026-07-09T11-45-08-76271f5a60e0","https://openstat.psa.gov.ph/PXWeb/pxweb/en/DB/DB__3D/0023C3DP020.px"
"..Pangasinan","Poverty Incidence among Population Estimate (%)","1991","","..","2026-07-09T11-45-08-76271f5a60e0","https://openstat.psa.gov.ph/PXWeb/pxweb/en/DB/DB__3D/0023C3DP020.px"
"..Pangasinan","Poverty Incidence among Population Estimate (%)","2006","28.6682","","2026-07-09T11-45-08-76271f5a60e0","https://openstat.psa.gov.ph/PXWeb/pxweb/en/DB/DB__3D/0023C3DP020.px"
"..Pangasinan","Poverty Incidence among Population Estimate (%)","2009","22.27119","","2026-07-09T11-45-08-76271f5a60e0","https://openstat.psa.gov.ph/PXWeb/pxweb/en/DB/DB__3D/0023C3DP020.px"
"..Pangasinan","Poverty Incidence among Population Estimate (%)","2012","20.37179","","2026-07-09T11-45-08-76271f5a60e0","https://openstat.psa.gov.ph/PXWeb/pxweb/en/DB/DB__3D/0023C3DP020.px"
"..Pangasinan","Poverty Incidence among Population Estimate (%)","2015","15.26508","","2026-07-09T11-45-08-76271f5a60e0","https://openstat.psa.gov.ph/PXWeb/pxweb/en/DB/DB__3D/0023C3DP020.px"
"..Pangasinan","Coefficient of Variation","1991","","..","2026-07-09T11-45-08-76271f5a60e0","https://openstat.psa.gov.ph/PXWeb/pxweb/en/DB/DB__3D/0023C3DP020.px"
"..Pangasinan","Coefficient of Variation","2006","7.87993","","2026-07-09T11-45-08-76271f5a60e0","https://openstat.psa.gov.ph/PXWeb/pxweb/en/DB/DB__3D/0023C3DP020.px"
"..Pangasinan","Coefficient of Variation","2009","8.916133","","2026-07-09T11-45-08-76271f5a60e0","https://openstat.psa.gov.ph/PXWeb/pxweb/en/DB/DB__3D/0023C3DP020.px"
"..Pangasinan","Coefficient of Variation","2012","8.983302","","2026-07-09T11-45-08-76271f5a60e0","https://openstat.psa.gov.ph/PXWeb/pxweb/en/DB/DB__3D/0023C3DP020.px"
"..Pangasinan","Coefficient of Variation","2015","13.707","","2026-07-09T11-45-08-76271f5a60e0","https://openstat.psa.gov.ph/PXWeb/pxweb/en/DB/DB__3D/0023C3DP020.px"
"..Pangasinan","Magnitude of Poor Population Estimate","1991","","..","2026-07-09T11-45-08-76271f5a60e0","https://openstat.psa.gov.ph/PXWeb/pxweb/en/DB/DB__3D/0023C3DP020.px"
"..Pangasinan","Magnitude of Poor Population Estimate","2006","768315.4","","2026-07-09T11-45-08-76271f5a60e0","https://openstat.psa.gov.ph/PXWeb/pxweb/en/DB/DB__3D/0023C3DP020.px"
"..Pangasinan","Magnitude of Poor Population Estimate","2009","600931.3","","2026-07-09T11-45-08-76271f5a60e0","https://openstat.psa.gov.ph/PXWeb/pxweb/en/DB/DB__3D/0023C3DP020.px"
"..Pangasinan","Magnitude of Poor Population Estimate","2012","582208.5","","2026-07-09T11-45-08-76271f5a60e0","https://openstat.psa.gov.ph/PXWeb/pxweb/en/DB/DB__3D/0023C3DP020.px"
"..Pangasinan","Magnitude of Poor Population Estimate","2015","439701.1","","2026-07-09T11-45-08-76271f5a60e0","https://openstat.psa.gov.ph/PXWeb/pxweb/en/DB/DB__3D/0023C3DP020.px"
"Region II","Annual Per Capita Poverty Threshold  (in Pesos)","1991","6524.8293361225","","2026-07-09T11-45-08-76271f5a60e0","https://openstat.psa.gov.ph/PXWeb/pxweb/en/DB/DB__3D/0023C3DP020.px"
"Region II","Annual Per Capita Poverty Threshold  (in Pesos)","2006","13944.3325049634","","2026-07-09T11-45-08-76271f5a60e0","https://openstat.psa.gov.ph/PXWeb/pxweb/en/DB/DB__3D/0023C3DP020.px"
"Region II","Annual Per Capita Poverty Threshold  (in Pesos)","2009","17330.2593826267","","2026-07-09T11-45-08-76271f5a60e0","https://openstat.psa.gov.ph/PXWeb/pxweb/en/DB/DB__3D/0023C3DP020.px"
"Region II","Annual Per Capita Poverty Threshold  (in Pesos)","2012","19124.8044937788","","2026-07-09T11-45-08-76271f5a60e0","https://openstat.psa.gov.ph/PXWeb/pxweb/en/DB/DB__3D/0023C3DP020.px"
"Region II","Annual Per Capita Poverty Threshold  (in Pesos)","2015","21860","","2026-07-09T11-45-08-76271f5a60e0","https://openstat.psa.gov.ph/PXWeb/pxweb/en/DB/DB__3D/0023C3DP020.px"
"Region II","Poverty Incidence among Population Estimate (%)","1991","42.78482","","2026-07-09T11-45-08-76271f5a60e0","https://openstat.psa.gov.ph/PXWeb/pxweb/en/DB/DB__3D/0023C3DP020.px"
"Region II","Poverty Incidence among Population Estimate (%)","2006","26.837","","2026-07-09T11-45-08-76271f5a60e0","https://openstat.psa.gov.ph/PXWeb/pxweb/en/DB/DB__3D/0023C3DP020.px"
"Region II","Poverty Incidence among Population Estimate (%)","2009","25.50237","","2026-07-09T11-45-08-76271f5a60e0","https://openstat.psa.gov.ph/PXWeb/pxweb/en/DB/DB__3D/0023C3DP020.px"
"Region II","Poverty Incidence among Population Estimate (%)","2012","22.1353","","2026-07-09T11-45-08-76271f5a60e0","https://openstat.psa.gov.ph/PXWeb/pxweb/en/DB/DB__3D/0023C3DP020.px"
"Region II","Poverty Incidence among Population Estimate (%)","2015","15.82708","","2026-07-09T11-45-08-76271f5a60e0","https://openstat.psa.gov.ph/PXWeb/pxweb/en/DB/DB__3D/0023C3DP020.px"
"Region II","Coefficient of Variation","1991","7.625573","","2026-07-09T11-45-08-76271f5a60e0","https://openstat.psa.gov.ph/PXWeb/pxweb/en/DB/DB__3D/0023C3DP020.px"
"Region II","Coefficient of Variation","2006","6.745972","","2026-07-09T11-45-08-76271f5a60e0","https://openstat.psa.gov.ph/PXWeb/pxweb/en/DB/DB__3D/0023C3DP020.px"
"Region II","Coefficient of Variation","2009","7.255885","","2026-07-09T11-45-08-76271f5a60e0","https://openstat.psa.gov.ph/PXWeb/pxweb/en/DB/DB__3D/0023C3DP020.px"
"Region II","Coefficient of Variation","2012","8.963861","","2026-07-09T11-45-08-76271f5a60e0","https://openstat.psa.gov.ph/PXWeb/pxweb/en/DB/DB__3D/0023C3DP020.px"
"Region II","Coefficient of Variation","2015","9.859117","","2026-07-09T11-45-08-76271f5a60e0","https://openstat.psa.gov.ph/PXWeb/pxweb/en/DB/DB__3D/0023C3DP020.px"
"Region II","Magnitude of Poor Population Estimate","1991","1028542","","2026-07-09T11-45-08-76271f5a60e0","https://openstat.psa.gov.ph/PXWeb/pxweb/en/DB/DB__3D/0023C3DP020.px"
"Region II","Magnitude of Poor Population Estimate","2006","814424.8","","2026-07-09T11-45-08-76271f5a60e0","https://openstat.psa.gov.ph/PXWeb/pxweb/en/DB/DB__3D/0023C3DP020.px"
"Region II","Magnitude of Poor Population Estimate","2009","790985.2","","2026-07-09T11-45-08-76271f5a60e0","https://openstat.psa.gov.ph/PXWeb/pxweb/en/DB/DB__3D/0023C3DP020.px"
"Region II","Magnitude of Poor Population Estimate","2012","716754","","2026-07-09T11-45-08-76271f5a60e0","https://openstat.psa.gov.ph/PXWeb/pxweb/en/DB/DB__3D/0023C3DP020.px"
"Region II","Magnitude of Poor Population Estimate","2015","553615.5","","2026-07-09T11-45-08-76271f5a60e0","https://openstat.psa.gov.ph/PXWeb/pxweb/en/DB/DB__3D/0023C3DP020.px"
"..Batanes c/","Annual Per Capita Poverty Threshold  (in Pesos)","1991","","..","2026-07-09T11-45-08-76271f5a60e0","https://openstat.psa.gov.ph/PXWeb/pxweb/en/DB/DB__3D/0023C3DP020.px"
"..Batanes c/","Annual Per Capita Poverty Threshold  (in Pesos)","2006","17507.9765143921","","2026-07-09T11-45-08-76271f5a60e0","https://openstat.psa.gov.ph/PXWeb/pxweb/en/DB/DB__3D/0023C3DP020.px"
"..Batanes c/","Annual Per Capita Poverty Threshold  (in Pesos)","2009","21775.5549190892","","2026-07-09T11-45-08-76271f5a60e0","https://openstat.psa.gov.ph/PXWeb/pxweb/en/DB/DB__3D/0023C3DP020.px"
"..Batanes c/","Annual Per Capita Poverty Threshold  (in Pesos)","2012","24692.5676643277","","2026-07-09T11-45-08-76271f5a60e0","https://openstat.psa.gov.ph/PXWeb/pxweb/en/DB/DB__3D/0023C3DP020.px"
"..Batanes c/","Annual Per Capita Poverty Threshold  (in Pesos)","2015","29118","","2026-07-09T11-45-08-76271f5a60e0","https://openstat.psa.gov.ph/PXWeb/pxweb/en/DB/DB__3D/0023C3DP020.px"
"..Batanes c/","Poverty Incidence among Population Estimate (%)","1991","","..","2026-07-09T11-45-08-76271f5a60e0","https://openstat.psa.gov.ph/PXWeb/pxweb/en/DB/DB__3D/0023C3DP020.px"
"..Batanes c/","Poverty Incidence among Population Estimate (%)","2006","16.55629","","2026-07-09T11-45-08-76271f5a60e0","https://openstat.psa.gov.ph/PXWeb/pxweb/en/DB/DB__3D/0023C3DP020.px"
"..Batanes c/","Poverty Incidence among Population Estimate (%)","2009","14.4","","2026-07-09T11-45-08-76271f5a60e0","https://openstat.psa.gov.ph/PXWeb/pxweb/en/DB/DB__3D/0023C3DP020.px"
"..Batanes c/","Poverty Incidence among Population Estimate (%)","2012","33.33333","","2026-07-09T11-45-08-76271f5a60e0","https://openstat.psa.gov.ph/PXWeb/pxweb/en/DB/DB__3D/0023C3DP020.px"
"..Batanes c/","Poverty Incidence among Population Estimate (%)","2015","0","","2026-07-09T11-45-08-76271f5a60e0","https://openstat.psa.gov.ph/PXWeb/pxweb/en/DB/DB__3D/0023C3DP020.px"
"..Batanes c/","Coefficient of Variation","1991","","..","2026-07-09T11-45-08-76271f5a60e0","https://openstat.psa.gov.ph/PXWeb/pxweb/en/DB/DB__3D/0023C3DP020.px"
"..Batanes c/","Coefficient of Variation","2006","","..","2026-07-09T11-45-08-76271f5a60e0","https://openstat.psa.gov.ph/PXWeb/pxweb/en/DB/DB__3D/0023C3DP020.px"
"..Batanes c/","Coefficient of Variation","2009","","..","2026-07-09T11-45-08-76271f5a60e0","https://openstat.psa.gov.ph/PXWeb/pxweb/en/DB/DB__3D/0023C3DP020.px"
"..Batanes c/","Coefficient of Variation","2012","","..","2026-07-09T11-45-08-76271f5a60e0","https://openstat.psa.gov.ph/PXWeb/pxweb/en/DB/DB__3D/0023C3DP020.px"
"..Batanes c/","Coefficient of Variation","2015","","..","2026-07-09T11-45-08-76271f5a60e0","https://openstat.psa.gov.ph/PXWeb/pxweb/en/DB/DB__3D/0023C3DP020.px"
"..Batanes c/","Magnitude of Poor Population Estimate","1991","","..","2026-07-09T11-45-08-76271f5a60e0","https://openstat.psa.gov.ph/PXWeb/pxweb/en/DB/DB__3D/0023C3DP020.px"
"..Batanes c/","Magnitude of Poor Population Estimate","2006","3574.992","","2026-07-09T11-45-08-76271f5a60e0","https://openstat.psa.gov.ph/PXWeb/pxweb/en/DB/DB__3D/0023C3DP020.px"
"..Batanes c/","Magnitude of Poor Population Estimate","2009","3091.5","","2026-07-09T11-45-08-76271f5a60e0","https://openstat.psa.gov.ph/PXWeb/pxweb/en/DB/DB__3D/0023C3DP020.px"
"..Batanes c/","Magnitude of Poor Population Estimate","2012","4380.303","","2026-07-09T11-45-08-76271f5a60e0","https://openstat.psa.gov.ph/PXWeb/pxweb/en/DB/DB__3D/0023C3DP020.px"
"..Batanes c/","Magnitude of Poor Population Estimate","2015","0","","2026-07-09T11-45-08-76271f5a60e0","https://openstat.psa.gov.ph/PXWeb/pxweb/en/DB/DB__3D/0023C3DP020.px"
"..Cagayan","Annual Per Capita Poverty Threshold  (in Pesos)","1991","","..","2026-07-09T11-45-08-76271f5a60e0","https://openstat.psa.gov.ph/PXWeb/pxweb/en/DB/DB__3D/0023C3DP020.px"
"..Cagayan","Annual Per Capita Poverty Threshold  (in Pesos)","2006","14354.9477302019","","2026-07-09T11-45-08-76271f5a60e0","https://openstat.psa.gov.ph/PXWeb/pxweb/en/DB/DB__3D/0023C3DP020.px"
"..Cagayan","Annual Per Capita Poverty Threshold  (in Pesos)","2009","17865.8253603503","","2026-07-09T11-45-08-76271f5a60e0","https://openstat.psa.gov.ph/PXWeb/pxweb/en/DB/DB__3D/0023C3DP020.px"
"..Cagayan","Annual Per Capita Poverty Threshold  (in Pesos)","2012","18740.8751767028","","2026-07-09T11-45-08-76271f5a60e0","https://openstat.psa.gov.ph/PXWeb/pxweb/en/DB/DB__3D/0023C3DP020.px"
"..Cagayan","Annual Per Capita Poverty Threshold  (in Pesos)","2015","21094","","2026-07-09T11-45-08-76271f5a60e0","https://openstat.psa.gov.ph/PXWeb/pxweb/en/DB/DB__3D/0023C3DP020.px"
"..Cagayan","Poverty Incidence among Population Estimate (%)","1991","","..","2026-07-09T11-45-08-76271f5a60e0","https://openstat.psa.gov.ph/PXWeb/pxweb/en/DB/DB__3D/0023C3DP020.px"
"..Cagayan","Poverty Incidence among Population Estimate (%)","2006","29.62794","","2026-07-09T11-45-08-76271f5a60e0","https://openstat.psa.gov.ph/PXWeb/pxweb/en/DB/DB__3D/0023C3DP020.px"
"..Cagayan","Poverty Incidence among Population Estimate (%)","2009","27.7518","","2026-07-09T11-45-08-76271f5a60e0","https://openstat.psa.gov.ph/PXWeb/pxweb/en/DB/DB__3D/0023C3DP020.px"
"..Cagayan","Poverty Incidence among Population Estimate (%)","2012","19.70833","","2026-07-09T11-45-08-76271f5a60e0","https://openstat.psa.gov.ph/PXWeb/pxweb/en/DB/DB__3D/0023C3DP020.px"
"..Cagayan","Poverty Incidence among Population Estimate (%)","2015","15.8624","","2026-07-09T11-45-08-76271f5a60e0","https://openstat.psa.gov.ph/PXWeb/pxweb/en/DB/DB__3D/0023C3DP020.px"
"..Cagayan","Coefficient of Variation","1991","","..","2026-07-09T11-45-08-76271f5a60e0","https://openstat.psa.gov.ph/PXWeb/pxweb/en/DB/DB__3D/0023C3DP020.px"
"..Cagayan","Coefficient of Variation","2006","10.61619","","2026-07-09T11-45-08-76271f5a60e0","https://openstat.psa.gov.ph/PXWeb/pxweb/en/DB/DB__3D/0023C3DP020.px"
"..Cagayan","Coefficient of Variation","2009","10.6881","","2026-07-09T11-45-08-76271f5a60e0","https://openstat.psa.gov.ph/PXWeb/pxweb/en/DB/DB__3D/0023C3DP020.px"
"..Cagayan","Coefficient of Variation","2012","11.62979","","2026-07-09T11-45-08-76271f5a60e0","https://openstat.psa.gov.ph/PXWeb/pxweb/en/DB/DB__3D/0023C3DP020.px"
"..Cagayan","Coefficient of Variation","2015","16.90945","","2026-07-09T11-45-08-76271f5a60e0","https://openstat.psa.gov.ph/PXWeb/pxweb/en/DB/DB__3D/0023C3DP020.px"
"..Cagayan","Magnitude of Poor Population Estimate","1991","","..","2026-07-09T11-45-08-76271f5a60e0","https://openstat.psa.gov.ph/PXWeb/pxweb/en/DB/DB__3D/0023C3DP020.px"
"..Cagayan","Magnitude of Poor Population Estimate","2006","314232.6","","2026-07-09T11-45-08-76271f5a60e0","https://openstat.psa.gov.ph/PXWeb/pxweb/en/DB/DB__3D/0023C3DP020.px"
"..Cagayan","Magnitude of Poor Population Estimate","2009","295591.3","","2026-07-09T11-45-08-76271f5a60e0","https://openstat.psa.gov.ph/PXWeb/pxweb/en/DB/DB__3D/0023C3DP020.px"
"..Cagayan","Magnitude of Poor Population Estimate","2012","219078.4","","2026-07-09T11-45-08-76271f5a60e0","https://openstat.psa.gov.ph/PXWeb/pxweb/en/DB/DB__3D/0023C3DP020.px"
"..Cagayan","Magnitude of Poor Population Estimate","2015","189581.2","","2026-07-09T11-45-08-76271f5a60e0","https://openstat.psa.gov.ph/PXWeb/pxweb/en/DB/DB__3D/0023C3DP020.px"
"..Isabela","Annual Per Capita Poverty Threshold  (in Pesos)","1991","","..","2026-07-09T11-45-08-76271f5a60e0","https://openstat.psa.gov.ph/PXWeb/pxweb/en/DB/DB__3D/0023C3DP020.px"
"..Isabela","Annual Per Capita Poverty Threshold  (in Pesos)","2006","13702.0915525994","","2026-07-09T11-45-08-76271f5a60e0","https://openstat.psa.gov.ph/PXWeb/pxweb/en/DB/DB__3D/0023C3DP020.px"
"..Isabela","Annual Per Capita Poverty Threshold  (in Pesos)","2009","17057.2738832179","","2026-07-09T11-45-08-76271f5a60e0","https://openstat.psa.gov.ph/PXWeb/pxweb/en/DB/DB__3D/0023C3DP020.px"
"..Isabela","Annual Per Capita Poverty Threshold  (in Pesos)","2012","19400.0782937427","","2026-07-09T11-45-08-76271f5a60e0","https://openstat.psa.gov.ph/PXWeb/pxweb/en/DB/DB__3D/0023C3DP020.px"
"..Isabela","Annual Per Capita Poverty Threshold  (in Pesos)","2015","22547","","2026-07-09T11-45-08-76271f5a60e0","https://openstat.psa.gov.ph/PXWeb/pxweb/en/DB/DB__3D/0023C3DP020.px"
"..Isabela","Poverty Incidence among Population Estimate (%)","1991","","..","2026-07-09T11-45-08-76271f5a60e0","https://openstat.psa.gov.ph/PXWeb/pxweb/en/DB/DB__3D/0023C3DP020.px"
"..Isabela","Poverty Incidence among Population Estimate (%)","2006","29.64447","","2026-07-09T11-45-08-76271f5a60e0","https://openstat.psa.gov.ph/PXWeb/pxweb/en/DB/DB__3D/0023C3DP020.px"
"..Isabela","Poverty Incidence among Population Estimate (%)","2009","28.90226","","2026-07-09T11-45-08-76271f5a60e0","https://openstat.psa.gov.ph/PXWeb/pxweb/en/DB/DB__3D/0023C3DP020.px"
"..Isabela","Poverty Incidence among Population Estimate (%)","2012","24.37012","","2026-07-09T11-45-08-76271f5a60e0","https://openstat.psa.gov.ph/PXWeb/pxweb/en/DB/DB__3D/0023C3DP020.px"
"..Isabela","Poverty Incidence among Population Estimate (%)","2015","15.20537","","2026-07-09T11-45-08-76271f5a60e0","https://openstat.psa.gov.ph/PXWeb/pxweb/en/DB/DB__3D/0023C3DP020.px"
"..Isabela","Coefficient of Variation","1991","","..","2026-07-09T11-45-08-76271f5a60e0","https://openstat.psa.gov.ph/PXWeb/pxweb/en/DB/DB__3D/0023C3DP020.px"
"..Isabela","Coefficient of Variation","2006","8.898983","","2026-07-09T11-45-08-76271f5a60e0","https://openstat.psa.gov.ph/PXWeb/pxweb/en/DB/DB__3D/0023C3DP020.px"
"..Isabela","Coefficient of Variation","2009","9.735555","","2026-07-09T11-45-08-76271f5a60e0","https://openstat.psa.gov.ph/PXWeb/pxweb/en/DB/DB__3D/0023C3DP020.px"
"..Isabela","Coefficient of Variation","2012","10.07458","","2026-07-09T11-45-08-76271f5a60e0","https://openstat.psa.gov.ph/PXWeb/pxweb/en/DB/DB__3D/0023C3DP020.px"
"..Isabela","Coefficient of Variation","2015","16.18342","","2026-07-09T11-45-08-76271f5a60e0","https://openstat.psa.gov.ph/PXWeb/pxweb/en/DB/DB__3D/0023C3DP020.px"
"..Isabela","Magnitude of Poor Population Estimate","1991","","..","2026-07-09T11-45-08-76271f5a60e0","https://openstat.psa.gov.ph/PXWeb/pxweb/en/DB/DB__3D/0023C3DP020.px"
"..Isabela","Magnitude of Poor Population Estimate","2006","413904.7","","2026-07-09T11-45-08-76271f5a60e0","https://openstat.psa.gov.ph/PXWeb/pxweb/en/DB/DB__3D/0023C3DP020.px"
"..Isabela","Magnitude of Poor Population Estimate","2009","407960.4","","2026-07-09T11-45-08-76271f5a60e0","https://openstat.psa.gov.ph/PXWeb/pxweb/en/DB/DB__3D/0023C3DP020.px"
"..Isabela","Magnitude of Poor Population Estimate","2012","365024.4","","2026-07-09T11-45-08-76271f5a60e0","https://openstat.psa.gov.ph/PXWeb/pxweb/en/DB/DB__3D/0023C3DP020.px"
"..Isabela","Magnitude of Poor Population Estimate","2015","259183","","2026-07-09T11-45-08-76271f5a60e0","https://openstat.psa.gov.ph/PXWeb/pxweb/en/DB/DB__3D/0023C3DP020.px"
"..Nueva Vizcaya","Annual Per Capita Poverty Threshold  (in Pesos)","1991","","..","2026-07-09T11-45-08-76271f5a60e0","https://openstat.psa.gov.ph/PXWeb/pxweb/en/DB/DB__3D/0023C3DP020.px"
"..Nueva Vizcaya","Annual Per Capita Poverty Threshold  (in Pesos)","2006","13401.7313475584","","2026-07-09T11-45-08-76271f5a60e0","https://openstat.psa.gov.ph/PXWeb/pxweb/en/DB/DB__3D/0023C3DP020.px"
"..Nueva Vizcaya","Annual Per Capita Poverty Threshold  (in Pesos)","2009","16724.9231047264","","2026-07-09T11-45-08-76271f5a60e0","https://openstat.psa.gov.ph/PXWeb/pxweb/en/DB/DB__3D/0023C3DP020.px"
"..Nueva Vizcaya","Annual Per Capita Poverty Threshold  (in Pesos)","2012","18708.6577619468","","2026-07-09T11-45-08-76271f5a60e0","https://openstat.psa.gov.ph/PXWeb/pxweb/en/DB/DB__3D/0023C3DP020.px"
"..Nueva Vizcaya","Annual Per Capita Poverty Threshold  (in Pesos)","2015","22174","","2026-07-09T11-45-08-76271f5a60e0","https://openstat.psa.gov.ph/PXWeb/pxweb/en/DB/DB__3D/0023C3DP020.px"
"..Nueva Vizcaya","Poverty Incidence among Population Estimate (%)","1991","","..","2026-07-09T11-45-08-76271f5a60e0","https://openstat.psa.gov.ph/PXWeb/pxweb/en/DB/DB__3D/0023C3DP020.px"
"..Nueva Vizcaya","Poverty Incidence among Population Estimate (%)","2006","14.9704","","2026-07-09T11-45-08-76271f5a60e0","https://openstat.psa.gov.ph/PXWeb/pxweb/en/DB/DB__3D/0023C3DP020.px"
"..Nueva Vizcaya","Poverty Incidence among Population Estimate (%)","2009","13.25752","","2026-07-09T11-45-08-76271f5a60e0","https://openstat.psa.gov.ph/PXWeb/pxweb/en/DB/DB__3D/0023C3DP020.px"
"..Nueva Vizcaya","Poverty Incidence among Population Estimate (%)","2012","20.67043","","2026-07-09T11-45-08-76271f5a60e0","https://openstat.psa.gov.ph/PXWeb/pxweb/en/DB/DB__3D/0023C3DP020.px"
"..Nueva Vizcaya","Poverty Incidence among Population Estimate (%)","2015","13.63982","","2026-07-09T11-45-08-76271f5a60e0","https://openstat.psa.gov.ph/PXWeb/pxweb/en/DB/DB__3D/0023C3DP020.px"
"..Nueva Vizcaya","Coefficient of Variation","1991","","..","2026-07-09T11-45-08-76271f5a60e0","https://openstat.psa.gov.ph/PXWeb/pxweb/en/DB/DB__3D/0023C3DP020.px"
"..Nueva Vizcaya","Coefficient of Variation","2006","28.61944","","2026-07-09T11-45-08-76271f5a60e0","https://openstat.psa.gov.ph/PXWeb/pxweb/en/DB/DB__3D/0023C3DP020.px"
"..Nueva Vizcaya","Coefficient of Variation","2009","30.41831","","2026-07-09T11-45-08-76271f5a60e0","https://openstat.psa.gov.ph/PXWeb/pxweb/en/DB/DB__3D/0023C3DP020.px"
"..Nueva Vizcaya","Coefficient of Variation","2012","50.68941","","2026-07-09T11-45-08-76271f5a60e0","https://openstat.psa.gov.ph/PXWeb/pxweb/en/DB/DB__3D/0023C3DP020.px"
"..Nueva Vizcaya","Coefficient of Variation","2015","19.80422","","2026-07-09T11-45-08-76271f5a60e0","https://openstat.psa.gov.ph/PXWeb/pxweb/en/DB/DB__3D/0023C3DP020.px"
"..Nueva Vizcaya","Magnitude of Poor Population Estimate","1991","","..","2026-07-09T11-45-08-76271f5a60e0","https://openstat.psa.gov.ph/PXWeb/pxweb/en/DB/DB__3D/0023C3DP020.px"
"..Nueva Vizcaya","Magnitude of Poor Population Estimate","2006","57577.22","","2026-07-09T11-45-08-76271f5a60e0","https://openstat.psa.gov.ph/PXWeb/pxweb/en/DB/DB__3D/0023C3DP020.px"
"..Nueva Vizcaya","Magnitude of Poor Population Estimate","2009","55077","","2026-07-09T11-45-08-76271f5a60e0","https://openstat.psa.gov.ph/PXWeb/pxweb/en/DB/DB__3D/0023C3DP020.px"
"..Nueva Vizcaya","Magnitude of Poor Population Estimate","2012","86968.06","","2026-07-09T11-45-08-76271f5a60e0","https://openstat.psa.gov.ph/PXWeb/pxweb/en/DB/DB__3D/0023C3DP020.px"
"..Nueva Vizcaya","Magnitude of Poor Population Estimate","2015","51745.63","","2026-07-09T11-45-08-76271f5a60e0","https://openstat.psa.gov.ph/PXWeb/pxweb/en/DB/DB__3D/0023C3DP020.px"
"..Quirino","Annual Per Capita Poverty Threshold  (in Pesos)","1991","","..","2026-07-09T11-45-08-76271f5a60e0","https://openstat.psa.gov.ph/PXWeb/pxweb/en/DB/DB__3D/0023C3DP020.px"
"..Quirino","Annual Per Capita Poverty Threshold  (in Pesos)","2006","13182.64069884","","2026-07-09T11-45-08-76271f5a60e0","https://openstat.psa.gov.ph/PXWeb/pxweb/en/DB/DB__3D/0023C3DP020.px"
"..Quirino","Annual Per Capita Poverty Threshold  (in Pesos)","2009","16395.9043391093","","2026-07-09T11-45-08-76271f5a60e0","https://openstat.psa.gov.ph/PXWeb/pxweb/en/DB/DB__3D/0023C3DP020.px"
"..Quirino","Annual Per Capita Poverty Threshold  (in Pesos)","2012","19014.2059286839","","2026-07-09T11-45-08-76271f5a60e0","https://openstat.psa.gov.ph/PXWeb/pxweb/en/DB/DB__3D/0023C3DP020.px"
"..Quirino","Annual Per Capita Poverty Threshold  (in Pesos)","2015","20941","","2026-07-09T11-45-08-76271f5a60e0","https://openstat.psa.gov.ph/PXWeb/pxweb/en/DB/DB__3D/0023C3DP020.px"
"..Quirino","Poverty Incidence among Population Estimate (%)","1991","","..","2026-07-09T11-45-08-76271f5a60e0","https://openstat.psa.gov.ph/PXWeb/pxweb/en/DB/DB__3D/0023C3DP020.px"
"..Quirino","Poverty Incidence among Population Estimate (%)","2006","14.64044","","2026-07-09T11-45-08-76271f5a60e0","https://openstat.psa.gov.ph/PXWeb/pxweb/en/DB/DB__3D/0023C3DP020.px"
"..Quirino","Poverty Incidence among Population Estimate (%)","2009","15.56127","","2026-07-09T11-45-08-76271f5a60e0","https://openstat.psa.gov.ph/PXWeb/pxweb/en/DB/DB__3D/0023C3DP020.px"
"..Quirino","Poverty Incidence among Population Estimate (%)","2012","21.2089","","2026-07-09T11-45-08-76271f5a60e0","https://openstat.psa.gov.ph/PXWeb/pxweb/en/DB/DB__3D/0023C3DP020.px"
"..Quirino","Poverty Incidence among Population Estimate (%)","2015","26.50261","","2026-07-09T11-45-08-76271f5a60e0","https://openstat.psa.gov.ph/PXWeb/pxweb/en/DB/DB__3D/0023C3DP020.px"
"..Quirino","Coefficient of Variation","1991","","..","2026-07-09T11-45-08-76271f5a60e0","https://openstat.psa.gov.ph/PXWeb/pxweb/en/DB/DB__3D/0023C3DP020.px"
"..Quirino","Coefficient of Variation","2006","44.31089","","2026-07-09T11-45-08-76271f5a60e0","https://openstat.psa.gov.ph/PXWeb/pxweb/en/DB/DB__3D/0023C3DP020.px"
"..Quirino","Coefficient of Variation","2009","30.32534","","2026-07-09T11-45-08-76271f5a60e0","https://openstat.psa.gov.ph/PXWeb/pxweb/en/DB/DB__3D/0023C3DP020.px"
"..Quirino","Coefficient of Variation","2012","22.47117","","2026-07-09T11-45-08-76271f5a60e0","https://openstat.psa.gov.ph/PXWeb/pxweb/en/DB/DB__3D/0023C3DP020.px"
"..Quirino","Coefficient of Variation","2015","16.42648","","2026-07-09T11-45-08-76271f5a60e0","https://openstat.psa.gov.ph/PXWeb/pxweb/en/DB/DB__3D/0023C3DP020.px"
"..Quirino","Magnitude of Poor Population Estimate","1991","","..","2026-07-09T11-45-08-76271f5a60e0","https://openstat.psa.gov.ph/PXWeb/pxweb/en/DB/DB__3D/0023C3DP020.px"
"..Quirino","Magnitude of Poor Population Estimate","2006","25135.36","","2026-07-09T11-45-08-76271f5a60e0","https://openstat.psa.gov.ph/PXWeb/pxweb/en/DB/DB__3D/0023C3DP020.px"
"..Quirino","Magnitude of Poor Population Estimate","2009","29265.04","","2026-07-09T11-45-08-76271f5a60e0","https://openstat.psa.gov.ph/PXWeb/pxweb/en/DB/DB__3D/0023C3DP020.px"
"..Quirino","Magnitude of Poor Population Estimate","2012","41302.91","","2026-07-09T11-45-08-76271f5a60e0","https://openstat.psa.gov.ph/PXWeb/pxweb/en/DB/DB__3D/0023C3DP020.px"
"..Quirino","Magnitude of Poor Population Estimate","2015","53105.77","","2026-07-09T11-45-08-76271f5a60e0","https://openstat.psa.gov.ph/PXWeb/pxweb/en/DB/DB__3D/0023C3DP020.px"
"Region III","Annual Per Capita Poverty Threshold  (in Pesos)","1991","6635.1556633015","","2026-07-09T11-45-08-76271f5a60e0","https://openstat.psa.gov.ph/PXWeb/pxweb/en/DB/DB__3D/0023C3DP020.px"
"Region III","Annual Per Capita Poverty Threshold  (in Pesos)","2006","14422.2728076527","","2026-07-09T11-45-08-76271f5a60e0","https://openstat.psa.gov.ph/PXWeb/pxweb/en/DB/DB__3D/0023C3DP020.px"
"Region III","Annual Per Capita Poverty Threshold  (in Pesos)","2009","18188.3605182426","","2026-07-09T11-45-08-76271f5a60e0","https://openstat.psa.gov.ph/PXWeb/pxweb/en/DB/DB__3D/0023C3DP020.px"
"Region III","Annual Per Capita Poverty Threshold  (in Pesos)","2012","20070.8808208049","","2026-07-09T11-45-08-76271f5a60e0","https://openstat.psa.gov.ph/PXWeb/pxweb/en/DB/DB__3D/0023C3DP020.px"
"Region III","Annual Per Capita Poverty Threshold  (in Pesos)","2015","23200","","2026-07-09T11-45-08-76271f5a60e0","https://openstat.psa.gov.ph/PXWeb/pxweb/en/DB/DB__3D/0023C3DP020.px"
"Region III","Poverty Incidence among Population Estimate (%)","1991","21.14338","","2026-07-09T11-45-08-76271f5a60e0","https://openstat.psa.gov.ph/PXWeb/pxweb/en/DB/DB__3D/0023C3DP020.px"
"Region III","Poverty Incidence among Population Estimate (%)","2006","13.07735","","2026-07-09T11-45-08-76271f5a60e0","https://openstat.psa.gov.ph/PXWeb/pxweb/en/DB/DB__3D/0023C3DP020.px"
"Region III","Poverty Incidence among Population Estimate (%)","2009","13.68875","","2026-07-09T11-45-08-76271f5a60e0","https://openstat.psa.gov.ph/PXWeb/pxweb/en/DB/DB__3D/0023C3DP020.px"
"Region III","Poverty Incidence among Population Estimate (%)","2012","12.94896","","2026-07-09T11-45-08-76271f5a60e0","https://openstat.psa.gov.ph/PXWeb/pxweb/en/DB/DB__3D/0023C3DP020.px"
"Region III","Poverty Incidence among Population Estimate (%)","2015","11.19094","","2026-07-09T11-45-08-76271f5a60e0","https://openstat.psa.gov.ph/PXWeb/pxweb/en/DB/DB__3D/0023C3DP020.px"
"Region III","Coefficient of Variation","1991","7.505526","","2026-07-09T11-45-08-76271f5a60e0","https://openstat.psa.gov.ph/PXWeb/pxweb/en/DB/DB__3D/0023C3DP020.px"
"Region III","Coefficient of Variation","2006","7.391019","","2026-07-09T11-45-08-76271f5a60e0","https://openstat.psa.gov.ph/PXWeb/pxweb/en/DB/DB__3D/0023C3DP020.px"
"Region III","Coefficient of Variation","2009","7.015639","","2026-07-09T11-45-08-76271f5a60e0","https://openstat.psa.gov.ph/PXWeb/pxweb/en/DB/DB__3D/0023C3DP020.px"
"Region III","Coefficient of Variation","2012","7.919447","","2026-07-09T11-45-08-76271f5a60e0","https://openstat.psa.gov.ph/PXWeb/pxweb/en/DB/DB__3D/0023C3DP020.px"
"Region III","Coefficient of Variation","2015","12.20464","","2026-07-09T11-45-08-76271f5a60e0","https://openstat.psa.gov.ph/PXWeb/pxweb/en/DB/DB__3D/0023C3DP020.px"
"Region III","Magnitude of Poor Population Estimate","1991","1381300","","2026-07-09T11-45-08-76271f5a60e0","https://openstat.psa.gov.ph/PXWeb/pxweb/en/DB/DB__3D/0023C3DP020.px"
"Region III","Magnitude of Poor Population Estimate","2006","1217921","","2026-07-09T11-45-08-76271f5a60e0","https://openstat.psa.gov.ph/PXWeb/pxweb/en/DB/DB__3D/0023C3DP020.px"
"Region III","Magnitude of Poor Population Estimate","2009","1329044","","2026-07-09T11-45-08-76271f5a60e0","https://openstat.psa.gov.ph/PXWeb/pxweb/en/DB/DB__3D/0023C3DP020.px"
"Region III","Magnitude of Poor Population Estimate","2012","1340361","","2026-07-09T11-45-08-76271f5a60e0","https://openstat.psa.gov.ph/PXWeb/pxweb/en/DB/DB__3D/0023C3DP020.px"
"Region III","Magnitude of Poor Population Estimate","2015","1242071","","2026-07-09T11-45-08-76271f5a60e0","https://openstat.psa.gov.ph/PXWeb/pxweb/en/DB/DB__3D/0023C3DP020.px"
"..Aurora c/","Annual Per Capita Poverty Threshold  (in Pesos)","1991","","..","2026-07-09T11-45-08-76271f5a60e0","https://openstat.psa.gov.ph/PXWeb/pxweb/en/DB/DB__3D/0023C3DP020.px"
"..Aurora c/","Annual Per Capita Poverty Threshold  (in Pesos)","2006","11883.0774738651","","2026-07-09T11-45-08-76271f5a60e0","https://openstat.psa.gov.ph/PXWeb/pxweb/en/DB/DB__3D/0023C3DP020.px"
"..Aurora c/","Annual Per Capita Poverty Threshold  (in Pesos)","2009","14978.619504511","","2026-07-09T11-45-08-76271f5a60e0","https://openstat.psa.gov.ph/PXWeb/pxweb/en/DB/DB__3D/0023C3DP020.px"
"..Aurora c/","Annual Per Capita Poverty Threshold  (in Pesos)","2012","18465.9601890305","","2026-07-09T11-45-08-76271f5a60e0","https://openstat.psa.gov.ph/PXWeb/pxweb/en/DB/DB__3D/0023C3DP020.px"
"..Aurora c/","Annual Per Capita Poverty Threshold  (in Pesos)","2015","20458","","2026-07-09T11-45-08-76271f5a60e0","https://openstat.psa.gov.ph/PXWeb/pxweb/en/DB/DB__3D/0023C3DP020.px"
"..Aurora c/","Poverty Incidence among Population Estimate (%)","1991","","..","2026-07-09T11-45-08-76271f5a60e0","https://openstat.psa.gov.ph/PXWeb/pxweb/en/DB/DB__3D/0023C3DP020.px"
"..Aurora c/","Poverty Incidence among Population Estimate (%)","2006","30.45797","","2026-07-09T11-45-08-76271f5a60e0","https://openstat.psa.gov.ph/PXWeb/pxweb/en/DB/DB__3D/0023C3DP020.px"
"..Aurora c/","Poverty Incidence among Population Estimate (%)","2009","18.18819","","2026-07-09T11-45-08-76271f5a60e0","https://openstat.psa.gov.ph/PXWeb/pxweb/en/DB/DB__3D/0023C3DP020.px"
"..Aurora c/","Poverty Incidence among Population Estimate (%)","2012","30.83171","","2026-07-09T11-45-08-76271f5a60e0","https://openstat.psa.gov.ph/PXWeb/pxweb/en/DB/DB__3D/0023C3DP020.px"
"..Aurora c/","Poverty Incidence among Population Estimate (%)","2015","26.27443","","2026-07-09T11-45-08-76271f5a60e0","https://openstat.psa.gov.ph/PXWeb/pxweb/en/DB/DB__3D/0023C3DP020.px"
"..Aurora c/","Coefficient of Variation","1991","","..","2026-07-09T11-45-08-76271f5a60e0","https://openstat.psa.gov.ph/PXWeb/pxweb/en/DB/DB__3D/0023C3DP020.px"
"..Aurora c/","Coefficient of Variation","2006","42.45183","","2026-07-09T11-45-08-76271f5a60e0","https://openstat.psa.gov.ph/PXWeb/pxweb/en/DB/DB__3D/0023C3DP020.px"
"..Aurora c/","Coefficient of Variation","2009","50.44894","","2026-07-09T11-45-08-76271f5a60e0","https://openstat.psa.gov.ph/PXWeb/pxweb/en/DB/DB__3D/0023C3DP020.px"
"..Aurora c/","Coefficient of Variation","2012","33.19962","","2026-07-09T11-45-08-76271f5a60e0","https://openstat.psa.gov.ph/PXWeb/pxweb/en/DB/DB__3D/0023C3DP020.px"
"..Aurora c/","Coefficient of Variation","2015","","..","2026-07-09T11-45-08-76271f5a60e0","https://openstat.psa.gov.ph/PXWeb/pxweb/en/DB/DB__3D/0023C3DP020.px"
"..Aurora c/","Magnitude of Poor Population Estimate","1991","","..","2026-07-09T11-45-08-76271f5a60e0","https://openstat.psa.gov.ph/PXWeb/pxweb/en/DB/DB__3D/0023C3DP020.px"
"..Aurora c/","Magnitude of Poor Population Estimate","2006","53281.73","","2026-07-09T11-45-08-76271f5a60e0","https://openstat.psa.gov.ph/PXWeb/pxweb/en/DB/DB__3D/0023C3DP020.px"
"..Aurora c/","Magnitude of Poor Population Estimate","2009","31279.3","","2026-07-09T11-45-08-76271f5a60e0","https://openstat.psa.gov.ph/PXWeb/pxweb/en/DB/DB__3D/0023C3DP020.px"
"..Aurora c/","Magnitude of Poor Population Estimate","2012","60075.07","","2026-07-09T11-45-08-76271f5a60e0","https://openstat.psa.gov.ph/PXWeb/pxweb/en/DB/DB__3D/0023C3DP020.px"
"..Aurora c/","Magnitude of Poor Population Estimate","2015","57619.06","","2026-07-09T11-45-08-76271f5a60e0","https://openstat.psa.gov.ph/PXWeb/pxweb/en/DB/DB__3D/0023C3DP020.px"
"..Bataan b/","Annual Per Capita Poverty Threshold  (in Pesos)","1991","","..","2026-07-09T11-45-08-76271f5a60e0","https://openstat.psa.gov.ph/PXWeb/pxweb/en/DB/DB__3D/0023C3DP020.px"
"..Bataan b/","Annual Per Capita Poverty Threshold  (in Pesos)","2006","13862.2439973554","","2026-07-09T11-45-08-76271f5a60e0","https://openstat.psa.gov.ph/PXWeb/pxweb/en/DB/DB__3D/0023C3DP020.px"
"..Bataan b/","Annual Per Capita Poverty Threshold  (in Pesos)","2009","17643.2449870306","","2026-07-09T11-45-08-76271f5a60e0","https://openstat.psa.gov.ph/PXWeb/pxweb/en/DB/DB__3D/0023C3DP020.px"
"..Bataan b/","Annual Per Capita Poverty Threshold  (in Pesos)","2012","19383.4271761338","","2026-07-09T11-45-08-76271f5a60e0","https://openstat.psa.gov.ph/PXWeb/pxweb/en/DB/DB__3D/0023C3DP020.px"
"..Bataan b/","Annual Per Capita Poverty Threshold  (in Pesos)","2015","24770","","2026-07-09T11-45-08-76271f5a60e0","https://openstat.psa.gov.ph/PXWeb/pxweb/en/DB/DB__3D/0023C3DP020.px"
"..Bataan b/","Poverty Incidence among Population Estimate (%)","1991","","..","2026-07-09T11-45-08-76271f5a60e0","https://openstat.psa.gov.ph/PXWeb/pxweb/en/DB/DB__3D/0023C3DP020.px"
"..Bataan b/","Poverty Incidence among Population Estimate (%)","2006","9.6993","","2026-07-09T11-45-08-76271f5a60e0","https://openstat.psa.gov.ph/PXWeb/pxweb/en/DB/DB__3D/0023C3DP020.px"
"..Bataan b/","Poverty Incidence among Population Estimate (%)","2009","7.73396","","2026-07-09T11-45-08-76271f5a60e0","https://openstat.psa.gov.ph/PXWeb/pxweb/en/DB/DB__3D/0023C3DP020.px"
"..Bataan b/","Poverty Incidence among Population Estimate (%)","2012","7.11549","","2026-07-09T11-45-08-76271f5a60e0","https://openstat.psa.gov.ph/PXWeb/pxweb/en/DB/DB__3D/0023C3DP020.px"
"..Bataan b/","Poverty Incidence among Population Estimate (%)","2015","2.02835","","2026-07-09T11-45-08-76271f5a60e0","https://openstat.psa.gov.ph/PXWeb/pxweb/en/DB/DB__3D/0023C3DP020.px"
"..Bataan b/","Coefficient of Variation","1991","","..","2026-07-09T11-45-08-76271f5a60e0","https://openstat.psa.gov.ph/PXWeb/pxweb/en/DB/DB__3D/0023C3DP020.px"
"..Bataan b/","Coefficient of Variation","2006","21.50721","","2026-07-09T11-45-08-76271f5a60e0","https://openstat.psa.gov.ph/PXWeb/pxweb/en/DB/DB__3D/0023C3DP020.px"
"..Bataan b/","Coefficient of Variation","2009","23.76587","","2026-07-09T11-45-08-76271f5a60e0","https://openstat.psa.gov.ph/PXWeb/pxweb/en/DB/DB__3D/0023C3DP020.px"
"..Bataan b/","Coefficient of Variation","2012","29.07527","","2026-07-09T11-45-08-76271f5a60e0","https://openstat.psa.gov.ph/PXWeb/pxweb/en/DB/DB__3D/0023C3DP020.px"
"..Bataan b/","Coefficient of Variation","2015","74.32056","","2026-07-09T11-45-08-76271f5a60e0","https://openstat.psa.gov.ph/PXWeb/pxweb/en/DB/DB__3D/0023C3DP020.px"
"..Bataan b/","Magnitude of Poor Population Estimate","1991","","..","2026-07-09T11-45-08-76271f5a60e0","https://openstat.psa.gov.ph/PXWeb/pxweb/en/DB/DB__3D/0023C3DP020.px"
"..Bataan b/","Magnitude of Poor Population Estimate","2006","57937.05","","2026-07-09T11-45-08-76271f5a60e0","https://openstat.psa.gov.ph/PXWeb/pxweb/en/DB/DB__3D/0023C3DP020.px"
"..Bataan b/","Magnitude of Poor Population Estimate","2009","51032.79","","2026-07-09T11-45-08-76271f5a60e0","https://openstat.psa.gov.ph/PXWeb/pxweb/en/DB/DB__3D/0023C3DP020.px"
"..Bataan b/","Magnitude of Poor Population Estimate","2012","46555.4","","2026-07-09T11-45-08-76271f5a60e0","https://openstat.psa.gov.ph/PXWeb/pxweb/en/DB/DB__3D/0023C3DP020.px"
"..Bataan b/","Magnitude of Poor Population Estimate","2015","14793.34","","2026-07-09T11-45-08-76271f5a60e0","https://openstat.psa.gov.ph/PXWeb/pxweb/en/DB/DB__3D/0023C3DP020.px"
"..Bulacan b/","Annual Per Capita Poverty Threshold  (in Pesos)","1991","","..","2026-07-09T11-45-08-76271f5a60e0","https://openstat.psa.gov.ph/PXWeb/pxweb/en/DB/DB__3D/0023C3DP020.px"
"..Bulacan b/","Annual Per Capita Poverty Threshold  (in Pesos)","2006","14671.0871149049","","2026-07-09T11-45-08-76271f5a60e0","https://openstat.psa.gov.ph/PXWeb/pxweb/en/DB/DB__3D/0023C3DP020.px"
"..Bulacan b/","Annual Per Capita Poverty Threshold  (in Pesos)","2009","18434.3020330925","","2026-07-09T11-45-08-76271f5a60e0","https://openstat.psa.gov.ph/PXWeb/pxweb/en/DB/DB__3D/0023C3DP020.px"
"..Bulacan b/","Annual Per Capita Poverty Threshold  (in Pesos)","2012","19909.591985482","","2026-07-09T11-45-08-76271f5a60e0","https://openstat.psa.gov.ph/PXWeb/pxweb/en/DB/DB__3D/0023C3DP020.px"
"..Bulacan b/","Annual Per Capita Poverty Threshold  (in Pesos)","2015","21989","","2026-07-09T11-45-08-76271f5a60e0","https://openstat.psa.gov.ph/PXWeb/pxweb/en/DB/DB__3D/0023C3DP020.px"
"..Bulacan b/","Poverty Incidence among Population Estimate (%)","1991","","..","2026-07-09T11-45-08-76271f5a60e0","https://openstat.psa.gov.ph/PXWeb/pxweb/en/DB/DB__3D/0023C3DP020.px"
"..Bulacan b/","Poverty Incidence among Population Estimate (%)","2006","7.27042","","2026-07-09T11-45-08-76271f5a60e0","https://openstat.psa.gov.ph/PXWeb/pxweb/en/DB/DB__3D/0023C3DP020.px"
"..Bulacan b/","Poverty Incidence among Population Estimate (%)","2009","6.89983","","2026-07-09T11-45-08-76271f5a60e0","https://openstat.psa.gov.ph/PXWeb/pxweb/en/DB/DB__3D/0023C3DP020.px"
"..Bulacan b/","Poverty Incidence among Population Estimate (%)","2012","7.30876","","2026-07-09T11-45-08-76271f5a60e0","https://openstat.psa.gov.ph/PXWeb/pxweb/en/DB/DB__3D/0023C3DP020.px"
"..Bulacan b/","Poverty Incidence among Population Estimate (%)","2015","4.46333","","2026-07-09T11-45-08-76271f5a60e0","https://openstat.psa.gov.ph/PXWeb/pxweb/en/DB/DB__3D/0023C3DP020.px"
"..Bulacan b/","Coefficient of Variation","1991","","..","2026-07-09T11-45-08-76271f5a60e0","https://openstat.psa.gov.ph/PXWeb/pxweb/en/DB/DB__3D/0023C3DP020.px"
"..Bulacan b/","Coefficient of Variation","2006","15.67841","","2026-07-09T11-45-08-76271f5a60e0","https://openstat.psa.gov.ph/PXWeb/pxweb/en/DB/DB__3D/0023C3DP020.px"
"..Bulacan b/","Coefficient of Variation","2009","13.98973","","2026-07-09T11-45-08-76271f5a60e0","https://openstat.psa.gov.ph/PXWeb/pxweb/en/DB/DB__3D/0023C3DP020.px"
"..Bulacan b/","Coefficient of Variation","2012","18.35622","","2026-07-09T11-45-08-76271f5a60e0","https://openstat.psa.gov.ph/PXWeb/pxweb/en/DB/DB__3D/0023C3DP020.px"
"..Bulacan b/","Coefficient of Variation","2015","30.22881","","2026-07-09T11-45-08-76271f5a60e0","https://openstat.psa.gov.ph/PXWeb/pxweb/en/DB/DB__3D/0023C3DP020.px"
"..Bulacan b/","Magnitude of Poor Population Estimate","1991","","..","2026-07-09T11-45-08-76271f5a60e0","https://openstat.psa.gov.ph/PXWeb/pxweb/en/DB/DB__3D/0023C3DP020.px"
"..Bulacan b/","Magnitude of Poor Population Estimate","2006","192860.8","","2026-07-09T11-45-08-76271f5a60e0","https://openstat.psa.gov.ph/PXWeb/pxweb/en/DB/DB__3D/0023C3DP020.px"
"..Bulacan b/","Magnitude of Poor Population Estimate","2009","193819.2","","2026-07-09T11-45-08-76271f5a60e0","https://openstat.psa.gov.ph/PXWeb/pxweb/en/DB/DB__3D/0023C3DP020.px"
"..Bulacan b/","Magnitude of Poor Population Estimate","2012","227670","","2026-07-09T11-45-08-76271f5a60e0","https://openstat.psa.gov.ph/PXWeb/pxweb/en/DB/DB__3D/0023C3DP020.px"
"..Bulacan b/","Magnitude of Poor Population Estimate","2015","151491.2","","2026-07-09T11-45-08-76271f5a60e0","https://openstat.psa.gov.ph/PXWeb/pxweb/en/DB/DB__3D/0023C3DP020.px"
"..Nueva Ecija","Annual Per Capita Poverty Threshold  (in Pesos)","1991","","..","2026-07-09T11-45-08-76271f5a60e0","https://openstat.psa.gov.ph/PXWeb/pxweb/en/DB/DB__3D/0023C3DP020.px"
"..Nueva Ecija","Annual Per Capita Poverty Threshold  (in Pesos)","2006","14857.4191557146","","2026-07-09T11-45-08-76271f5a60e0","https://openstat.psa.gov.ph/PXWeb/pxweb/en/DB/DB__3D/0023C3DP020.px"
"..Nueva Ecija","Annual Per Capita Poverty Threshold  (in Pesos)","2009","18731.9685321565","","2026-07-09T11-45-08-76271f5a60e0","https://openstat.psa.gov.ph/PXWeb/pxweb/en/DB/DB__3D/0023C3DP020.px"
"..Nueva Ecija","Annual Per Capita Poverty Threshold  (in Pesos)","2012","20846.7230308467","","2026-07-09T11-45-08-76271f5a60e0","https://openstat.psa.gov.ph/PXWeb/pxweb/en/DB/DB__3D/0023C3DP020.px"
"..Nueva Ecija","Annual Per Capita Poverty Threshold  (in Pesos)","2015","23403","","2026-07-09T11-45-08-76271f5a60e0","https://openstat.psa.gov.ph/PXWeb/pxweb/en/DB/DB__3D/0023C3DP020.px"
"..Nueva Ecija","Poverty Incidence among Population Estimate (%)","1991","","..","2026-07-09T11-45-08-76271f5a60e0","https://openstat.psa.gov.ph/PXWeb/pxweb/en/DB/DB__3D/0023C3DP020.px"
"..Nueva Ecija","Poverty Incidence among Population Estimate (%)","2006","26.50782","","2026-07-09T11-45-08-76271f5a60e0","https://openstat.psa.gov.ph/PXWeb/pxweb/en/DB/DB__3D/0023C3DP020.px"
"..Nueva Ecija","Poverty Incidence among Population Estimate (%)","2009","29.87856","","2026-07-09T11-45-08-76271f5a60e0","https://openstat.psa.gov.ph/PXWeb/pxweb/en/DB/DB__3D/0023C3DP020.px"
"..Nueva Ecija","Poverty Incidence among Population Estimate (%)","2012","25.1958","","2026-07-09T11-45-08-76271f5a60e0","https://openstat.psa.gov.ph/PXWeb/pxweb/en/DB/DB__3D/0023C3DP020.px"
"..Nueva Ecija","Poverty Incidence among Population Estimate (%)","2015","22.55037","","2026-07-09T11-45-08-76271f5a60e0","https://openstat.psa.gov.ph/PXWeb/pxweb/en/DB/DB__3D/0023C3DP020.px"
"..Nueva Ecija","Coefficient of Variation","1991","","..","2026-07-09T11-45-08-76271f5a60e0","https://openstat.psa.gov.ph/PXWeb/pxweb/en/DB/DB__3D/0023C3DP020.px"
"..Nueva Ecija","Coefficient of Variation","2006","10.08754","","2026-07-09T11-45-08-76271f5a60e0","https://openstat.psa.gov.ph/PXWeb/pxweb/en/DB/DB__3D/0023C3DP020.px"
"..Nueva Ecija","Coefficient of Variation","2009","8.818584","","2026-07-09T11-45-08-76271f5a60e0","https://openstat.psa.gov.ph/PXWeb/pxweb/en/DB/DB__3D/0023C3DP020.px"
"..Nueva Ecija","Coefficient of Variation","2012","10.55894","","2026-07-09T11-45-08-76271f5a60e0","https://openstat.psa.gov.ph/PXWeb/pxweb/en/DB/DB__3D/0023C3DP020.px"
"..Nueva Ecija","Coefficient of Variation","2015","13.0456","","2026-07-09T11-45-08-76271f5a60e0","https://openstat.psa.gov.ph/PXWeb/pxweb/en/DB/DB__3D/0023C3DP020.px"
"..Nueva Ecija","Magnitude of Poor Population Estimate","1991","","..","2026-07-09T11-45-08-76271f5a60e0","https://openstat.psa.gov.ph/PXWeb/pxweb/en/DB/DB__3D/0023C3DP020.px"
"..Nueva Ecija","Magnitude of Poor Population Estimate","2006","469218.9","","2026-07-09T11-45-08-76271f5a60e0","https://openstat.psa.gov.ph/PXWeb/pxweb/en/DB/DB__3D/0023C3DP020.px"
"..Nueva Ecija","Magnitude of Poor Population Estimate","2009","560167.2","","2026-07-09T11-45-08-76271f5a60e0","https://openstat.psa.gov.ph/PXWeb/pxweb/en/DB/DB__3D/0023C3DP020.px"
"..Nueva Ecija","Magnitude of Poor Population Estimate","2012","488807.9","","2026-07-09T11-45-08-76271f5a60e0","https://openstat.psa.gov.ph/PXWeb/pxweb/en/DB/DB__3D/0023C3DP020.px"
"..Nueva Ecija","Magnitude of Poor Population Estimate","2015","547711.3","","2026-07-09T11-45-08-76271f5a60e0","https://openstat.psa.gov.ph/PXWeb/pxweb/en/DB/DB__3D/0023C3DP020.px"
"..Pampanga b/","Annual Per Capita Poverty Threshold  (in Pesos)","1991","","..","2026-07-09T11-45-08-76271f5a60e0","https://openstat.psa.gov.ph/PXWeb/pxweb/en/DB/DB__3D/0023C3DP020.px"
"..Pampanga b/","Annual Per Capita Poverty Threshold  (in Pesos)","2006","14220.657892378","","2026-07-09T11-45-08-76271f5a60e0","https://openstat.psa.gov.ph/PXWeb/pxweb/en/DB/DB__3D/0023C3DP020.px"
"..Pampanga b/","Annual Per Capita Poverty Threshold  (in Pesos)","2009","17399.1213955964","","2026-07-09T11-45-08-76271f5a60e0","https://openstat.psa.gov.ph/PXWeb/pxweb/en/DB/DB__3D/0023C3DP020.px"
"..Pampanga b/","Annual Per Capita Poverty Threshold  (in Pesos)","2012","19162.832238591","","2026-07-09T11-45-08-76271f5a60e0","https://openstat.psa.gov.ph/PXWeb/pxweb/en/DB/DB__3D/0023C3DP020.px"
"..Pampanga b/","Annual Per Capita Poverty Threshold  (in Pesos)","2015","22474","","2026-07-09T11-45-08-76271f5a60e0","https://openstat.psa.gov.ph/PXWeb/pxweb/en/DB/DB__3D/0023C3DP020.px"
"..Pampanga b/","Poverty Incidence among Population Estimate (%)","1991","","..","2026-07-09T11-45-08-76271f5a60e0","https://openstat.psa.gov.ph/PXWeb/pxweb/en/DB/DB__3D/0023C3DP020.px"
"..Pampanga b/","Poverty Incidence among Population Estimate (%)","2006","2.69092","","2026-07-09T11-45-08-76271f5a60e0","https://openstat.psa.gov.ph/PXWeb/pxweb/en/DB/DB__3D/0023C3DP020.px"
"..Pampanga b/","Poverty Incidence among Population Estimate (%)","2009","6.8704","","2026-07-09T11-45-08-76271f5a60e0","https://openstat.psa.gov.ph/PXWeb/pxweb/en/DB/DB__3D/0023C3DP020.px"
"..Pampanga b/","Poverty Incidence among Population Estimate (%)","2012","7.58104","","2026-07-09T11-45-08-76271f5a60e0","https://openstat.psa.gov.ph/PXWeb/pxweb/en/DB/DB__3D/0023C3DP020.px"
"..Pampanga b/","Poverty Incidence among Population Estimate (%)","2015","4.9355","","2026-07-09T11-45-08-76271f5a60e0","https://openstat.psa.gov.ph/PXWeb/pxweb/en/DB/DB__3D/0023C3DP020.px"
"..Pampanga b/","Coefficient of Variation","1991","","..","2026-07-09T11-45-08-76271f5a60e0","https://openstat.psa.gov.ph/PXWeb/pxweb/en/DB/DB__3D/0023C3DP020.px"
"..Pampanga b/","Coefficient of Variation","2006","26.48755","","2026-07-09T11-45-08-76271f5a60e0","https://openstat.psa.gov.ph/PXWeb/pxweb/en/DB/DB__3D/0023C3DP020.px"
"..Pampanga b/","Coefficient of Variation","2009","19.85116","","2026-07-09T11-45-08-76271f5a60e0","https://openstat.psa.gov.ph/PXWeb/pxweb/en/DB/DB__3D/0023C3DP020.px"
"..Pampanga b/","Coefficient of Variation","2012","20.61316","","2026-07-09T11-45-08-76271f5a60e0","https://openstat.psa.gov.ph/PXWeb/pxweb/en/DB/DB__3D/0023C3DP020.px"
"..Pampanga b/","Coefficient of Variation","2015","26.6664","","2026-07-09T11-45-08-76271f5a60e0","https://openstat.psa.gov.ph/PXWeb/pxweb/en/DB/DB__3D/0023C3DP020.px"
"..Pampanga b/","Magnitude of Poor Population Estimate","1991","","..","2026-07-09T11-45-08-76271f5a60e0","https://openstat.psa.gov.ph/PXWeb/pxweb/en/DB/DB__3D/0023C3DP020.px"
"..Pampanga b/","Magnitude of Poor Population Estimate","2006","59464.5","","2026-07-09T11-45-08-76271f5a60e0","https://openstat.psa.gov.ph/PXWeb/pxweb/en/DB/DB__3D/0023C3DP020.px"
"..Pampanga b/","Magnitude of Poor Population Estimate","2009","154742.2","","2026-07-09T11-45-08-76271f5a60e0","https://openstat.psa.gov.ph/PXWeb/pxweb/en/DB/DB__3D/0023C3DP020.px"
"..Pampanga b/","Magnitude of Poor Population Estimate","2012","181395.9","","2026-07-09T11-45-08-76271f5a60e0","https://openstat.psa.gov.ph/PXWeb/pxweb/en/DB/DB__3D/0023C3DP020.px"
"..Pampanga b/","Magnitude of Poor Population Estimate","2015","114510.7","","2026-07-09T11-45-08-76271f5a60e0","https://openstat.psa.gov.ph/PXWeb/pxweb/en/DB/DB__3D/0023C3DP020.px"
"..Tarlac","Annual Per Capita Poverty Threshold  (in Pesos)","1991","","..","2026-07-09T11-45-08-76271f5a60e0","https://openstat.psa.gov.ph/PXWeb/pxweb/en/DB/DB__3D/0023C3DP020.px"
"..Tarlac","Annual Per Capita Poverty Threshold  (in Pesos)","2006","13958.4976401641","","2026-07-09T11-45-08-76271f5a60e0","https://openstat.psa.gov.ph/PXWeb/pxweb/en/DB/DB__3D/0023C3DP020.px"
"..Tarlac","Annual Per Capita Poverty Threshold  (in Pesos)","2009","17558.6752552302","","2026-07-09T11-45-08-76271f5a60e0","https://openstat.psa.gov.ph/PXWeb/pxweb/en/DB/DB__3D/0023C3DP020.px"
"..Tarlac","Annual Per Capita Poverty Threshold  (in Pesos)","2012","18810.2102285976","","2026-07-09T11-45-08-76271f5a60e0","https://openstat.psa.gov.ph/PXWeb/pxweb/en/DB/DB__3D/0023C3DP020.px"
"..Tarlac","Annual Per Capita Poverty Threshold  (in Pesos)","2015","23008","","2026-07-09T11-45-08-76271f5a60e0","https://openstat.psa.gov.ph/PXWeb/pxweb/en/DB/DB__3D/0023C3DP020.px"
"..Tarlac","Poverty Incidence among Population Estimate (%)","1991","","..","2026-07-09T11-45-08-76271f5a60e0","https://openstat.psa.gov.ph/PXWeb/pxweb/en/DB/DB__3D/0023C3DP020.px"
"..Tarlac","Poverty Incidence among Population Estimate (%)","2006","18.1486","","2026-07-09T11-45-08-76271f5a60e0","https://openstat.psa.gov.ph/PXWeb/pxweb/en/DB/DB__3D/0023C3DP020.px"
"..Tarlac","Poverty Incidence among Population Estimate (%)","2009","17.49554","","2026-07-09T11-45-08-76271f5a60e0","https://openstat.psa.gov.ph/PXWeb/pxweb/en/DB/DB__3D/0023C3DP020.px"
"..Tarlac","Poverty Incidence among Population Estimate (%)","2012","16.55709","","2026-07-09T11-45-08-76271f5a60e0","https://openstat.psa.gov.ph/PXWeb/pxweb/en/DB/DB__3D/0023C3DP020.px"
"..Tarlac","Poverty Incidence among Population Estimate (%)","2015","18.13584","","2026-07-09T11-45-08-76271f5a60e0","https://openstat.psa.gov.ph/PXWeb/pxweb/en/DB/DB__3D/0023C3DP020.px"
"..Tarlac","Coefficient of Variation","1991","","..","2026-07-09T11-45-08-76271f5a60e0","https://openstat.psa.gov.ph/PXWeb/pxweb/en/DB/DB__3D/0023C3DP020.px"
"..Tarlac","Coefficient of Variation","2006","15.41974","","2026-07-09T11-45-08-76271f5a60e0","https://openstat.psa.gov.ph/PXWeb/pxweb/en/DB/DB__3D/0023C3DP020.px"
"..Tarlac","Coefficient of Variation","2009","15.28308","","2026-07-09T11-45-08-76271f5a60e0","https://openstat.psa.gov.ph/PXWeb/pxweb/en/DB/DB__3D/0023C3DP020.px"
"..Tarlac","Coefficient of Variation","2012","14.91999","","2026-07-09T11-45-08-76271f5a60e0","https://openstat.psa.gov.ph/PXWeb/pxweb/en/DB/DB__3D/0023C3DP020.px"
"..Tarlac","Coefficient of Variation","2015","16.98733","","2026-07-09T11-45-08-76271f5a60e0","https://openstat.psa.gov.ph/PXWeb/pxweb/en/DB/DB__3D/0023C3DP020.px"
"..Tarlac","Magnitude of Poor Population Estimate","1991","","..","2026-07-09T11-45-08-76271f5a60e0","https://openstat.psa.gov.ph/PXWeb/pxweb/en/DB/DB__3D/0023C3DP020.px"
"..Tarlac","Magnitude of Poor Population Estimate","2006","217962.7","","2026-07-09T11-45-08-76271f5a60e0","https://openstat.psa.gov.ph/PXWeb/pxweb/en/DB/DB__3D/0023C3DP020.px"
"..Tarlac","Magnitude of Poor Population Estimate","2009","213182.7","","2026-07-09T11-45-08-76271f5a60e0","https://openstat.psa.gov.ph/PXWeb/pxweb/en/DB/DB__3D/0023C3DP020.px"
"..Tarlac","Magnitude of Poor Population Estimate","2012","214197.4","","2026-07-09T11-45-08-76271f5a60e0","https://openstat.psa.gov.ph/PXWeb/pxweb/en/DB/DB__3D/0023C3DP020.px"
"..Tarlac","Magnitude of Poor Population Estimate","2015","252470.5","","2026-07-09T11-45-08-76271f5a60e0","https://openstat.psa.gov.ph/PXWeb/pxweb/en/DB/DB__3D/0023C3DP020.px"
"..Zambales b/","Annual Per Capita Poverty Threshold  (in Pesos)","1991","","..","2026-07-09T11-45-08-76271f5a60e0","https://openstat.psa.gov.ph/PXWeb/pxweb/en/DB/DB__3D/0023C3DP020.px"
"..Zambales b/","Annual Per Capita Poverty Threshold  (in Pesos)","2006","14579.8106703588","","2026-07-09T11-45-08-76271f5a60e0","https://openstat.psa.gov.ph/PXWeb/pxweb/en/DB/DB__3D/0023C3DP020.px"
"..Zambales b/","Annual Per Capita Poverty Threshold  (in Pesos)","2009","18447.9667874303","","2026-07-09T11-45-08-76271f5a60e0","https://openstat.psa.gov.ph/PXWeb/pxweb/en/DB/DB__3D/0023C3DP020.px"
"..Zambales b/","Annual Per Capita Poverty Threshold  (in Pesos)","2012","21884.5615488887","","2026-07-09T11-45-08-76271f5a60e0","https://openstat.psa.gov.ph/PXWeb/pxweb/en/DB/DB__3D/0023C3DP020.px"
"..Zambales b/","Annual Per Capita Poverty Threshold  (in Pesos)","2015","26473","","2026-07-09T11-45-08-76271f5a60e0","https://openstat.psa.gov.ph/PXWeb/pxweb/en/DB/DB__3D/0023C3DP020.px"
"..Zambales b/","Poverty Incidence among Population Estimate (%)","1991","","..","2026-07-09T11-45-08-76271f5a60e0","https://openstat.psa.gov.ph/PXWeb/pxweb/en/DB/DB__3D/0023C3DP020.px"
"..Zambales b/","Poverty Incidence among Population Estimate (%)","2006","23.63706","","2026-07-09T11-45-08-76271f5a60e0","https://openstat.psa.gov.ph/PXWeb/pxweb/en/DB/DB__3D/0023C3DP020.px"
"..Zambales b/","Poverty Incidence among Population Estimate (%)","2009","17.27533","","2026-07-09T11-45-08-76271f5a60e0","https://openstat.psa.gov.ph/PXWeb/pxweb/en/DB/DB__3D/0023C3DP020.px"
"..Zambales b/","Poverty Incidence among Population Estimate (%)","2012","15.99814","","2026-07-09T11-45-08-76271f5a60e0","https://openstat.psa.gov.ph/PXWeb/pxweb/en/DB/DB__3D/0023C3DP020.px"
"..Zambales b/","Poverty Incidence among Population Estimate (%)","2015","16.82359","","2026-07-09T11-45-08-76271f5a60e0","https://openstat.psa.gov.ph/PXWeb/pxweb/en/DB/DB__3D/0023C3DP020.px"
"..Zambales b/","Coefficient of Variation","1991","","..","2026-07-09T11-45-08-76271f5a60e0","https://openstat.psa.gov.ph/PXWeb/pxweb/en/DB/DB__3D/0023C3DP020.px"
"..Zambales b/","Coefficient of Variation","2006","18.61728","","2026-07-09T11-45-08-76271f5a60e0","https://openstat.psa.gov.ph/PXWeb/pxweb/en/DB/DB__3D/0023C3DP020.px"
"..Zambales b/","Coefficient of Variation","2009","16.90812","","2026-07-09T11-45-08-76271f5a60e0","https://openstat.psa.gov.ph/PXWeb/pxweb/en/DB/DB__3D/0023C3DP020.px"
"..Zambales b/","Coefficient of Variation","2012","34.49594","","2026-07-09T11-45-08-76271f5a60e0","https://openstat.psa.gov.ph/PXWeb/pxweb/en/DB/DB__3D/0023C3DP020.px"
"..Zambales b/","Coefficient of Variation","2015","20.65743","","2026-07-09T11-45-08-76271f5a60e0","https://openstat.psa.gov.ph/PXWeb/pxweb/en/DB/DB__3D/0023C3DP020.px"
"..Zambales b/","Magnitude of Poor Population Estimate","1991","","..","2026-07-09T11-45-08-76271f5a60e0","https://openstat.psa.gov.ph/PXWeb/pxweb/en/DB/DB__3D/0023C3DP020.px"
"..Zambales b/","Magnitude of Poor Population Estimate","2006","167195.2","","2026-07-09T11-45-08-76271f5a60e0","https://openstat.psa.gov.ph/PXWeb/pxweb/en/DB/DB__3D/0023C3DP020.px"
"..Zambales b/","Magnitude of Poor Population Estimate","2009","124820.8","","2026-07-09T11-45-08-76271f5a60e0","https://openstat.psa.gov.ph/PXWeb/pxweb/en/DB/DB__3D/0023C3DP020.px"
"..Zambales b/","Magnitude of Poor Population Estimate","2012","121659.7","","2026-07-09T11-45-08-76271f5a60e0","https://openstat.psa.gov.ph/PXWeb/pxweb/en/DB/DB__3D/0023C3DP020.px"
"..Zambales b/","Magnitude of Poor Population Estimate","2015","103474.8","","2026-07-09T11-45-08-76271f5a60e0","https://openstat.psa.gov.ph/PXWeb/pxweb/en/DB/DB__3D/0023C3DP020.px"
"Region IV-A","Annual Per Capita Poverty Threshold  (in Pesos)","1991","6408.8276458804","","2026-07-09T11-45-08-76271f5a60e0","https://openstat.psa.gov.ph/PXWeb/pxweb/en/DB/DB__3D/0023C3DP020.px"
"Region IV-A","Annual Per Capita Poverty Threshold  (in Pesos)","2006","13240.7471580398","","2026-07-09T11-45-08-76271f5a60e0","https://openstat.psa.gov.ph/PXWeb/pxweb/en/DB/DB__3D/0023C3DP020.px"
"Region IV-A","Annual Per Capita Poverty Threshold  (in Pesos)","2009","17032.7413806152","","2026-07-09T11-45-08-76271f5a60e0","https://openstat.psa.gov.ph/PXWeb/pxweb/en/DB/DB__3D/0023C3DP020.px"
"Region IV-A","Annual Per Capita Poverty Threshold  (in Pesos)","2012","19136.6963402383","","2026-07-09T11-45-08-76271f5a60e0","https://openstat.psa.gov.ph/PXWeb/pxweb/en/DB/DB__3D/0023C3DP020.px"
"Region IV-A","Annual Per Capita Poverty Threshold  (in Pesos)","2015","22121","","2026-07-09T11-45-08-76271f5a60e0","https://openstat.psa.gov.ph/PXWeb/pxweb/en/DB/DB__3D/0023C3DP020.px"
"Region IV-A","Poverty Incidence among Population Estimate (%)","1991","22.73936","","2026-07-09T11-45-08-76271f5a60e0","https://openstat.psa.gov.ph/PXWeb/pxweb/en/DB/DB__3D/0023C3DP020.px"
"Region IV-A","Poverty Incidence among Population Estimate (%)","2006","10.27424","","2026-07-09T11-45-08-76271f5a60e0","https://openstat.psa.gov.ph/PXWeb/pxweb/en/DB/DB__3D/0023C3DP020.px"
"Region IV-A","Poverty Incidence among Population Estimate (%)","2009","11.91638","","2026-07-09T11-45-08-76271f5a60e0","https://openstat.psa.gov.ph/PXWeb/pxweb/en/DB/DB__3D/0023C3DP020.px"
"Region IV-A","Poverty Incidence among Population Estimate (%)","2012","10.92033","","2026-07-09T11-45-08-76271f5a60e0","https://openstat.psa.gov.ph/PXWeb/pxweb/en/DB/DB__3D/0023C3DP020.px"
"Region IV-A","Poverty Incidence among Population Estimate (%)","2015","9.11692","","2026-07-09T11-45-08-76271f5a60e0","https://openstat.psa.gov.ph/PXWeb/pxweb/en/DB/DB__3D/0023C3DP020.px"
"Region IV-A","Coefficient of Variation","1991","6.988897","","2026-07-09T11-45-08-76271f5a60e0","https://openstat.psa.gov.ph/PXWeb/pxweb/en/DB/DB__3D/0023C3DP020.px"
"Region IV-A","Coefficient of Variation","2006","8.980639","","2026-07-09T11-45-08-76271f5a60e0","https://openstat.psa.gov.ph/PXWeb/pxweb/en/DB/DB__3D/0023C3DP020.px"
"Region IV-A","Coefficient of Variation","2009","8.689479","","2026-07-09T11-45-08-76271f5a60e0","https://openstat.psa.gov.ph/PXWeb/pxweb/en/DB/DB__3D/0023C3DP020.px"
"Region IV-A","Coefficient of Variation","2012","8.875907","","2026-07-09T11-45-08-76271f5a60e0","https://openstat.psa.gov.ph/PXWeb/pxweb/en/DB/DB__3D/0023C3DP020.px"
"Region IV-A","Coefficient of Variation","2015","14.53304","","2026-07-09T11-45-08-76271f5a60e0","https://openstat.psa.gov.ph/PXWeb/pxweb/en/DB/DB__3D/0023C3DP020.px"
"Region IV-A","Magnitude of Poor Population Estimate","1991","1458036","","2026-07-09T11-45-08-76271f5a60e0","https://openstat.psa.gov.ph/PXWeb/pxweb/en/DB/DB__3D/0023C3DP020.px"
"Region IV-A","Magnitude of Poor Population Estimate","2006","1140958","","2026-07-09T11-45-08-76271f5a60e0","https://openstat.psa.gov.ph/PXWeb/pxweb/en/DB/DB__3D/0023C3DP020.px"
"Region IV-A","Magnitude of Poor Population Estimate","2009","1419975","","2026-07-09T11-45-08-76271f5a60e0","https://openstat.psa.gov.ph/PXWeb/pxweb/en/DB/DB__3D/0023C3DP020.px"
"Region IV-A","Magnitude of Poor Population Estimate","2012","1425774","","2026-07-09T11-45-08-76271f5a60e0","https://openstat.psa.gov.ph/PXWeb/pxweb/en/DB/DB__3D/0023C3DP020.px"
"Region IV-A","Magnitude of Poor Population Estimate","2015","1287966","","2026-07-09T11-45-08-76271f5a60e0","https://openstat.psa.gov.ph/PXWeb/pxweb/en/DB/DB__3D/0023C3DP020.px"
"..Batangas","Annual Per Capita Poverty Threshold  (in Pesos)","1991","","..","2026-07-09T11-45-08-76271f5a60e0","https://openstat.psa.gov.ph/PXWeb/pxweb/en/DB/DB__3D/0023C3DP020.px"
"..Batangas","Annual Per Capita Poverty Threshold  (in Pesos)","2006","13734.8248505894","","2026-07-09T11-45-08-76271f5a60e0","https://openstat.psa.gov.ph/PXWeb/pxweb/en/DB/DB__3D/0023C3DP020.px"
"..Batangas","Annual Per Capita Poverty Threshold  (in Pesos)","2009","17360.4119175818","","2026-07-09T11-45-08-76271f5a60e0","https://openstat.psa.gov.ph/PXWeb/pxweb/en/DB/DB__3D/0023C3DP020.px"
"..Batangas","Annual Per Capita Poverty Threshold  (in Pesos)","2012","19436.9070563463","","2026-07-09T11-45-08-76271f5a60e0","https://openstat.psa.gov.ph/PXWeb/pxweb/en/DB/DB__3D/0023C3DP020.px"
"..Batangas","Annual Per Capita Poverty Threshold  (in Pesos)","2015","21767","","2026-07-09T11-45-08-76271f5a60e0","https://openstat.psa.gov.ph/PXWeb/pxweb/en/DB/DB__3D/0023C3DP020.px"
"..Batangas","Poverty Incidence among Population Estimate (%)","1991","","..","2026-07-09T11-45-08-76271f5a60e0","https://openstat.psa.gov.ph/PXWeb/pxweb/en/DB/DB__3D/0023C3DP020.px"
"..Batangas","Poverty Incidence among Population Estimate (%)","2006","14.40764","","2026-07-09T11-45-08-76271f5a60e0","https://openstat.psa.gov.ph/PXWeb/pxweb/en/DB/DB__3D/0023C3DP020.px"
"..Batangas","Poverty Incidence among Population Estimate (%)","2009","17.07889","","2026-07-09T11-45-08-76271f5a60e0","https://openstat.psa.gov.ph/PXWeb/pxweb/en/DB/DB__3D/0023C3DP020.px"
"..Batangas","Poverty Incidence among Population Estimate (%)","2012","19.03506","","2026-07-09T11-45-08-76271f5a60e0","https://openstat.psa.gov.ph/PXWeb/pxweb/en/DB/DB__3D/0023C3DP020.px"
"..Batangas","Poverty Incidence among Population Estimate (%)","2015","9.29592","","2026-07-09T11-45-08-76271f5a60e0","https://openstat.psa.gov.ph/PXWeb/pxweb/en/DB/DB__3D/0023C3DP020.px"
"..Batangas","Coefficient of Variation","1991","","..","2026-07-09T11-45-08-76271f5a60e0","https://openstat.psa.gov.ph/PXWeb/pxweb/en/DB/DB__3D/0023C3DP020.px"
"..Batangas","Coefficient of Variation","2006","12.39783","","2026-07-09T11-45-08-76271f5a60e0","https://openstat.psa.gov.ph/PXWeb/pxweb/en/DB/DB__3D/0023C3DP020.px"
"..Batangas","Coefficient of Variation","2009","17.45666","","2026-07-09T11-45-08-76271f5a60e0","https://openstat.psa.gov.ph/PXWeb/pxweb/en/DB/DB__3D/0023C3DP020.px"
"..Batangas","Coefficient of Variation","2012","14.39659","","2026-07-09T11-45-08-76271f5a60e0","https://openstat.psa.gov.ph/PXWeb/pxweb/en/DB/DB__3D/0023C3DP020.px"
"..Batangas","Coefficient of Variation","2015","19.10193","","2026-07-09T11-45-08-76271f5a60e0","https://openstat.psa.gov.ph/PXWeb/pxweb/en/DB/DB__3D/0023C3DP020.px"
"..Batangas","Magnitude of Poor Population Estimate","1991","","..","2026-07-09T11-45-08-76271f5a60e0","https://openstat.psa.gov.ph/PXWeb/pxweb/en/DB/DB__3D/0023C3DP020.px"
"..Batangas","Magnitude of Poor Population Estimate","2006","301261","","2026-07-09T11-45-08-76271f5a60e0","https://openstat.psa.gov.ph/PXWeb/pxweb/en/DB/DB__3D/0023C3DP020.px"
"..Batangas","Magnitude of Poor Population Estimate","2009","374372.7","","2026-07-09T11-45-08-76271f5a60e0","https://openstat.psa.gov.ph/PXWeb/pxweb/en/DB/DB__3D/0023C3DP020.px"
"..Batangas","Magnitude of Poor Population Estimate","2012","452808.1","","2026-07-09T11-45-08-76271f5a60e0","https://openstat.psa.gov.ph/PXWeb/pxweb/en/DB/DB__3D/0023C3DP020.px"
"..Batangas","Magnitude of Poor Population Estimate","2015","254131.6","","2026-07-09T11-45-08-76271f5a60e0","https://openstat.psa.gov.ph/PXWeb/pxweb/en/DB/DB__3D/0023C3DP020.px"
"..Cavite b/","Annual Per Capita Poverty Threshold  (in Pesos)","1991","","..","2026-07-09T11-45-08-76271f5a60e0","https://openstat.psa.gov.ph/PXWeb/pxweb/en/DB/DB__3D/0023C3DP020.px"
"..Cavite b/","Annual Per Capita Poverty Threshold  (in Pesos)","2006","13343.2231396019","","2026-07-09T11-45-08-76271f5a60e0","https://openstat.psa.gov.ph/PXWeb/pxweb/en/DB/DB__3D/0023C3DP020.px"
"..Cavite b/","Annual Per Capita Poverty Threshold  (in Pesos)","2009","16676.786653295","","2026-07-09T11-45-08-76271f5a60e0","https://openstat.psa.gov.ph/PXWeb/pxweb/en/DB/DB__3D/0023C3DP020.px"
"..Cavite b/","Annual Per Capita Poverty Threshold  (in Pesos)","2012","19948.0218147215","","2026-07-09T11-45-08-76271f5a60e0","https://openstat.psa.gov.ph/PXWeb/pxweb/en/DB/DB__3D/0023C3DP020.px"
"..Cavite b/","Annual Per Capita Poverty Threshold  (in Pesos)","2015","24882","","2026-07-09T11-45-08-76271f5a60e0","https://openstat.psa.gov.ph/PXWeb/pxweb/en/DB/DB__3D/0023C3DP020.px"
"..Cavite b/","Poverty Incidence among Population Estimate (%)","1991","","..","2026-07-09T11-45-08-76271f5a60e0","https://openstat.psa.gov.ph/PXWeb/pxweb/en/DB/DB__3D/0023C3DP020.px"
"..Cavite b/","Poverty Incidence among Population Estimate (%)","2006","1.83736","","2026-07-09T11-45-08-76271f5a60e0","https://openstat.psa.gov.ph/PXWeb/pxweb/en/DB/DB__3D/0023C3DP020.px"
"..Cavite b/","Poverty Incidence among Population Estimate (%)","2009","3.16015","","2026-07-09T11-45-08-76271f5a60e0","https://openstat.psa.gov.ph/PXWeb/pxweb/en/DB/DB__3D/0023C3DP020.px"
"..Cavite b/","Poverty Incidence among Population Estimate (%)","2012","3.41172","","2026-07-09T11-45-08-76271f5a60e0","https://openstat.psa.gov.ph/PXWeb/pxweb/en/DB/DB__3D/0023C3DP020.px"
"..Cavite b/","Poverty Incidence among Population Estimate (%)","2015","6.84741","","2026-07-09T11-45-08-76271f5a60e0","https://openstat.psa.gov.ph/PXWeb/pxweb/en/DB/DB__3D/0023C3DP020.px"
"..Cavite b/","Coefficient of Variation","1991","","..","2026-07-09T11-45-08-76271f5a60e0","https://openstat.psa.gov.ph/PXWeb/pxweb/en/DB/DB__3D/0023C3DP020.px"
"..Cavite b/","Coefficient of Variation","2006","41.06566","","2026-07-09T11-45-08-76271f5a60e0","https://openstat.psa.gov.ph/PXWeb/pxweb/en/DB/DB__3D/0023C3DP020.px"
"..Cavite b/","Coefficient of Variation","2009","23.48145","","2026-07-09T11-45-08-76271f5a60e0","https://openstat.psa.gov.ph/PXWeb/pxweb/en/DB/DB__3D/0023C3DP020.px"
"..Cavite b/","Coefficient of Variation","2012","32.38891","","2026-07-09T11-45-08-76271f5a60e0","https://openstat.psa.gov.ph/PXWeb/pxweb/en/DB/DB__3D/0023C3DP020.px"
"..Cavite b/","Coefficient of Variation","2015","22.29885","","2026-07-09T11-45-08-76271f5a60e0","https://openstat.psa.gov.ph/PXWeb/pxweb/en/DB/DB__3D/0023C3DP020.px"
"..Cavite b/","Magnitude of Poor Population Estimate","1991","","..","2026-07-09T11-45-08-76271f5a60e0","https://openstat.psa.gov.ph/PXWeb/pxweb/en/DB/DB__3D/0023C3DP020.px"
"..Cavite b/","Magnitude of Poor Population Estimate","2006","49510.65","","2026-07-09T11-45-08-76271f5a60e0","https://openstat.psa.gov.ph/PXWeb/pxweb/en/DB/DB__3D/0023C3DP020.px"
"..Cavite b/","Magnitude of Poor Population Estimate","2009","93696.56","","2026-07-09T11-45-08-76271f5a60e0","https://openstat.psa.gov.ph/PXWeb/pxweb/en/DB/DB__3D/0023C3DP020.px"
"..Cavite b/","Magnitude of Poor Population Estimate","2012","113359.3","","2026-07-09T11-45-08-76271f5a60e0","https://openstat.psa.gov.ph/PXWeb/pxweb/en/DB/DB__3D/0023C3DP020.px"
"..Cavite b/","Magnitude of Poor Population Estimate","2015","233843.8","","2026-07-09T11-45-08-76271f5a60e0","https://openstat.psa.gov.ph/PXWeb/pxweb/en/DB/DB__3D/0023C3DP020.px"
"..Laguna b/","Annual Per Capita Poverty Threshold  (in Pesos)","1991","","..","2026-07-09T11-45-08-76271f5a60e0","https://openstat.psa.gov.ph/PXWeb/pxweb/en/DB/DB__3D/0023C3DP020.px"
"..Laguna b/","Annual Per Capita Poverty Threshold  (in Pesos)","2006","13637.2603068082","","2026-07-09T11-45-08-76271f5a60e0","https://openstat.psa.gov.ph/PXWeb/pxweb/en/DB/DB__3D/0023C3DP020.px"
"..Laguna b/","Annual Per Capita Poverty Threshold  (in Pesos)","2009","17412.4687469706","","2026-07-09T11-45-08-76271f5a60e0","https://openstat.psa.gov.ph/PXWeb/pxweb/en/DB/DB__3D/0023C3DP020.px"
"..Laguna b/","Annual Per Capita Poverty Threshold  (in Pesos)","2012","19857.1189287268","","2026-07-09T11-45-08-76271f5a60e0","https://openstat.psa.gov.ph/PXWeb/pxweb/en/DB/DB__3D/0023C3DP020.px"
"..Laguna b/","Annual Per Capita Poverty Threshold  (in Pesos)","2015","21770","","2026-07-09T11-45-08-76271f5a60e0","https://openstat.psa.gov.ph/PXWeb/pxweb/en/DB/DB__3D/0023C3DP020.px"
"..Laguna b/","Poverty Incidence among Population Estimate (%)","1991","","..","2026-07-09T11-45-08-76271f5a60e0","https://openstat.psa.gov.ph/PXWeb/pxweb/en/DB/DB__3D/0023C3DP020.px"
"..Laguna b/","Poverty Incidence among Population Estimate (%)","2006","5.53364","","2026-07-09T11-45-08-76271f5a60e0","https://openstat.psa.gov.ph/PXWeb/pxweb/en/DB/DB__3D/0023C3DP020.px"
"..Laguna b/","Poverty Incidence among Population Estimate (%)","2009","8.37337","","2026-07-09T11-45-08-76271f5a60e0","https://openstat.psa.gov.ph/PXWeb/pxweb/en/DB/DB__3D/0023C3DP020.px"
"..Laguna b/","Poverty Incidence among Population Estimate (%)","2012","6.39343","","2026-07-09T11-45-08-76271f5a60e0","https://openstat.psa.gov.ph/PXWeb/pxweb/en/DB/DB__3D/0023C3DP020.px"
"..Laguna b/","Poverty Incidence among Population Estimate (%)","2015","5.43347","","2026-07-09T11-45-08-76271f5a60e0","https://openstat.psa.gov.ph/PXWeb/pxweb/en/DB/DB__3D/0023C3DP020.px"
"..Laguna b/","Coefficient of Variation","1991","","..","2026-07-09T11-45-08-76271f5a60e0","https://openstat.psa.gov.ph/PXWeb/pxweb/en/DB/DB__3D/0023C3DP020.px"
"..Laguna b/","Coefficient of Variation","2006","19.57439","","2026-07-09T11-45-08-76271f5a60e0","https://openstat.psa.gov.ph/PXWeb/pxweb/en/DB/DB__3D/0023C3DP020.px"
"..Laguna b/","Coefficient of Variation","2009","19.77162","","2026-07-09T11-45-08-76271f5a60e0","https://openstat.psa.gov.ph/PXWeb/pxweb/en/DB/DB__3D/0023C3DP020.px"
"..Laguna b/","Coefficient of Variation","2012","25.7978","","2026-07-09T11-45-08-76271f5a60e0","https://openstat.psa.gov.ph/PXWeb/pxweb/en/DB/DB__3D/0023C3DP020.px"
"..Laguna b/","Coefficient of Variation","2015","28.78016","","2026-07-09T11-45-08-76271f5a60e0","https://openstat.psa.gov.ph/PXWeb/pxweb/en/DB/DB__3D/0023C3DP020.px"
"..Laguna b/","Magnitude of Poor Population Estimate","1991","","..","2026-07-09T11-45-08-76271f5a60e0","https://openstat.psa.gov.ph/PXWeb/pxweb/en/DB/DB__3D/0023C3DP020.px"
"..Laguna b/","Magnitude of Poor Population Estimate","2006","135048.4","","2026-07-09T11-45-08-76271f5a60e0","https://openstat.psa.gov.ph/PXWeb/pxweb/en/DB/DB__3D/0023C3DP020.px"
"..Laguna b/","Magnitude of Poor Population Estimate","2009","217883","","2026-07-09T11-45-08-76271f5a60e0","https://openstat.psa.gov.ph/PXWeb/pxweb/en/DB/DB__3D/0023C3DP020.px"
"..Laguna b/","Magnitude of Poor Population Estimate","2012","183129.2","","2026-07-09T11-45-08-76271f5a60e0","https://openstat.psa.gov.ph/PXWeb/pxweb/en/DB/DB__3D/0023C3DP020.px"
"..Laguna b/","Magnitude of Poor Population Estimate","2015","181506.6","","2026-07-09T11-45-08-76271f5a60e0","https://openstat.psa.gov.ph/PXWeb/pxweb/en/DB/DB__3D/0023C3DP020.px"
"..Quezon b/","Annual Per Capita Poverty Threshold  (in Pesos)","1991","","..","2026-07-09T11-45-08-76271f5a60e0","https://openstat.psa.gov.ph/PXWeb/pxweb/en/DB/DB__3D/0023C3DP020.px"
"..Quezon b/","Annual Per Capita Poverty Threshold  (in Pesos)","2006","12784.0634830802","","2026-07-09T11-45-08-76271f5a60e0","https://openstat.psa.gov.ph/PXWeb/pxweb/en/DB/DB__3D/0023C3DP020.px"
"..Quezon b/","Annual Per Capita Poverty Threshold  (in Pesos)","2009","16180.8268052475","","2026-07-09T11-45-08-76271f5a60e0","https://openstat.psa.gov.ph/PXWeb/pxweb/en/DB/DB__3D/0023C3DP020.px"
"..Quezon b/","Annual Per Capita Poverty Threshold  (in Pesos)","2012","18080.6347024057","","2026-07-09T11-45-08-76271f5a60e0","https://openstat.psa.gov.ph/PXWeb/pxweb/en/DB/DB__3D/0023C3DP020.px"
"..Quezon b/","Annual Per Capita Poverty Threshold  (in Pesos)","2015","20515","","2026-07-09T11-45-08-76271f5a60e0","https://openstat.psa.gov.ph/PXWeb/pxweb/en/DB/DB__3D/0023C3DP020.px"
"..Quezon b/","Poverty Incidence among Population Estimate (%)","1991","","..","2026-07-09T11-45-08-76271f5a60e0","https://openstat.psa.gov.ph/PXWeb/pxweb/en/DB/DB__3D/0023C3DP020.px"
"..Quezon b/","Poverty Incidence among Population Estimate (%)","2006","33.48078","","2026-07-09T11-45-08-76271f5a60e0","https://openstat.psa.gov.ph/PXWeb/pxweb/en/DB/DB__3D/0023C3DP020.px"
"..Quezon b/","Poverty Incidence among Population Estimate (%)","2009","29.82902","","2026-07-09T11-45-08-76271f5a60e0","https://openstat.psa.gov.ph/PXWeb/pxweb/en/DB/DB__3D/0023C3DP020.px"
"..Quezon b/","Poverty Incidence among Population Estimate (%)","2012","27.5423","","2026-07-09T11-45-08-76271f5a60e0","https://openstat.psa.gov.ph/PXWeb/pxweb/en/DB/DB__3D/0023C3DP020.px"
"..Quezon b/","Poverty Incidence among Population Estimate (%)","2015","22.71061","","2026-07-09T11-45-08-76271f5a60e0","https://openstat.psa.gov.ph/PXWeb/pxweb/en/DB/DB__3D/0023C3DP020.px"
"..Quezon b/","Coefficient of Variation","1991","","..","2026-07-09T11-45-08-76271f5a60e0","https://openstat.psa.gov.ph/PXWeb/pxweb/en/DB/DB__3D/0023C3DP020.px"
"..Quezon b/","Coefficient of Variation","2006","10.20413","","2026-07-09T11-45-08-76271f5a60e0","https://openstat.psa.gov.ph/PXWeb/pxweb/en/DB/DB__3D/0023C3DP020.px"
"..Quezon b/","Coefficient of Variation","2009","10.84188","","2026-07-09T11-45-08-76271f5a60e0","https://openstat.psa.gov.ph/PXWeb/pxweb/en/DB/DB__3D/0023C3DP020.px"
"..Quezon b/","Coefficient of Variation","2012","10.90098","","2026-07-09T11-45-08-76271f5a60e0","https://openstat.psa.gov.ph/PXWeb/pxweb/en/DB/DB__3D/0023C3DP020.px"
"..Quezon b/","Coefficient of Variation","2015","25.15225","","2026-07-09T11-45-08-76271f5a60e0","https://openstat.psa.gov.ph/PXWeb/pxweb/en/DB/DB__3D/0023C3DP020.px"
"..Quezon b/","Magnitude of Poor Population Estimate","1991","","..","2026-07-09T11-45-08-76271f5a60e0","https://openstat.psa.gov.ph/PXWeb/pxweb/en/DB/DB__3D/0023C3DP020.px"
"..Quezon b/","Magnitude of Poor Population Estimate","2006","585684.3","","2026-07-09T11-45-08-76271f5a60e0","https://openstat.psa.gov.ph/PXWeb/pxweb/en/DB/DB__3D/0023C3DP020.px"
"..Quezon b/","Magnitude of Poor Population Estimate","2009","529495.4","","2026-07-09T11-45-08-76271f5a60e0","https://openstat.psa.gov.ph/PXWeb/pxweb/en/DB/DB__3D/0023C3DP020.px"
"..Quezon b/","Magnitude of Poor Population Estimate","2012","517177","","2026-07-09T11-45-08-76271f5a60e0","https://openstat.psa.gov.ph/PXWeb/pxweb/en/DB/DB__3D/0023C3DP020.px"
"..Quezon b/","Magnitude of Poor Population Estimate","2015","482294.7","","2026-07-09T11-45-08-76271f5a60e0","https://openstat.psa.gov.ph/PXWeb/pxweb/en/DB/DB__3D/0023C3DP020.px"
"..Rizal b/","Annual Per Capita Poverty Threshold  (in Pesos)","1991","","..","2026-07-09T11-45-08-76271f5a60e0","https://openstat.psa.gov.ph/PXWeb/pxweb/en/DB/DB__3D/0023C3DP020.px"
"..Rizal b/","Annual Per Capita Poverty Threshold  (in Pesos)","2006","14525.17989733","","2026-07-09T11-45-08-76271f5a60e0","https://openstat.psa.gov.ph/PXWeb/pxweb/en/DB/DB__3D/0023C3DP020.px"
"..Rizal b/","Annual Per Capita Poverty Threshold  (in Pesos)","2009","18397.0042233637","","2026-07-09T11-45-08-76271f5a60e0","https://openstat.psa.gov.ph/PXWeb/pxweb/en/DB/DB__3D/0023C3DP020.px"
"..Rizal b/","Annual Per Capita Poverty Threshold  (in Pesos)","2012","20306.3823734605","","2026-07-09T11-45-08-76271f5a60e0","https://openstat.psa.gov.ph/PXWeb/pxweb/en/DB/DB__3D/0023C3DP020.px"
"..Rizal b/","Annual Per Capita Poverty Threshold  (in Pesos)","2015","24198","","2026-07-09T11-45-08-76271f5a60e0","https://openstat.psa.gov.ph/PXWeb/pxweb/en/DB/DB__3D/0023C3DP020.px"
"..Rizal b/","Poverty Incidence among Population Estimate (%)","1991","","..","2026-07-09T11-45-08-76271f5a60e0","https://openstat.psa.gov.ph/PXWeb/pxweb/en/DB/DB__3D/0023C3DP020.px"
"..Rizal b/","Poverty Incidence among Population Estimate (%)","2006","3.26137","","2026-07-09T11-45-08-76271f5a60e0","https://openstat.psa.gov.ph/PXWeb/pxweb/en/DB/DB__3D/0023C3DP020.px"
"..Rizal b/","Poverty Incidence among Population Estimate (%)","2009","8.58634","","2026-07-09T11-45-08-76271f5a60e0","https://openstat.psa.gov.ph/PXWeb/pxweb/en/DB/DB__3D/0023C3DP020.px"
"..Rizal b/","Poverty Incidence among Population Estimate (%)","2012","6.0974","","2026-07-09T11-45-08-76271f5a60e0","https://openstat.psa.gov.ph/PXWeb/pxweb/en/DB/DB__3D/0023C3DP020.px"
"..Rizal b/","Poverty Incidence among Population Estimate (%)","2015","5.41692","","2026-07-09T11-45-08-76271f5a60e0","https://openstat.psa.gov.ph/PXWeb/pxweb/en/DB/DB__3D/0023C3DP020.px"
"..Rizal b/","Coefficient of Variation","1991","","..","2026-07-09T11-45-08-76271f5a60e0","https://openstat.psa.gov.ph/PXWeb/pxweb/en/DB/DB__3D/0023C3DP020.px"
"..Rizal b/","Coefficient of Variation","2006","26.0554","","2026-07-09T11-45-08-76271f5a60e0","https://openstat.psa.gov.ph/PXWeb/pxweb/en/DB/DB__3D/0023C3DP020.px"
"..Rizal b/","Coefficient of Variation","2009","20.20426","","2026-07-09T11-45-08-76271f5a60e0","https://openstat.psa.gov.ph/PXWeb/pxweb/en/DB/DB__3D/0023C3DP020.px"
"..Rizal b/","Coefficient of Variation","2012","25.70292","","2026-07-09T11-45-08-76271f5a60e0","https://openstat.psa.gov.ph/PXWeb/pxweb/en/DB/DB__3D/0023C3DP020.px"
"..Rizal b/","Coefficient of Variation","2015","28.64877","","2026-07-09T11-45-08-76271f5a60e0","https://openstat.psa.gov.ph/PXWeb/pxweb/en/DB/DB__3D/0023C3DP020.px"
"..Rizal b/","Magnitude of Poor Population Estimate","1991","","..","2026-07-09T11-45-08-76271f5a60e0","https://openstat.psa.gov.ph/PXWeb/pxweb/en/DB/DB__3D/0023C3DP020.px"
"..Rizal b/","Magnitude of Poor Population Estimate","2006","69453.54","","2026-07-09T11-45-08-76271f5a60e0","https://openstat.psa.gov.ph/PXWeb/pxweb/en/DB/DB__3D/0023C3DP020.px"
"..Rizal b/","Magnitude of Poor Population Estimate","2009","204527.7","","2026-07-09T11-45-08-76271f5a60e0","https://openstat.psa.gov.ph/PXWeb/pxweb/en/DB/DB__3D/0023C3DP020.px"
"..Rizal b/","Magnitude of Poor Population Estimate","2012","159300.3","","2026-07-09T11-45-08-76271f5a60e0","https://openstat.psa.gov.ph/PXWeb/pxweb/en/DB/DB__3D/0023C3DP020.px"
"..Rizal b/","Magnitude of Poor Population Estimate","2015","136189.3","","2026-07-09T11-45-08-76271f5a60e0","https://openstat.psa.gov.ph/PXWeb/pxweb/en/DB/DB__3D/0023C3DP020.px"
"Region IV-B","Annual Per Capita Poverty Threshold  (in Pesos)","1991","5753.0465671007","","2026-07-09T11-45-08-76271f5a60e0","https://openstat.psa.gov.ph/PXWeb/pxweb/en/DB/DB__3D/0023C3DP020.px"
"Region IV-B","Annual Per Capita Poverty Threshold  (in Pesos)","2006","12644.9959486115","","2026-07-09T11-45-08-76271f5a60e0","https://openstat.psa.gov.ph/PXWeb/pxweb/en/DB/DB__3D/0023C3DP020.px"
"Region IV-B","Annual Per Capita Poverty Threshold  (in Pesos)","2009","15613.2650413282","","2026-07-09T11-45-08-76271f5a60e0","https://openstat.psa.gov.ph/PXWeb/pxweb/en/DB/DB__3D/0023C3DP020.px"
"Region IV-B","Annual Per Capita Poverty Threshold  (in Pesos)","2012","17292.4075187721","","2026-07-09T11-45-08-76271f5a60e0","https://openstat.psa.gov.ph/PXWeb/pxweb/en/DB/DB__3D/0023C3DP020.px"
"Region IV-B","Annual Per Capita Poverty Threshold  (in Pesos)","2015","20224","","2026-07-09T11-45-08-76271f5a60e0","https://openstat.psa.gov.ph/PXWeb/pxweb/en/DB/DB__3D/0023C3DP020.px"
"Region IV-B","Poverty Incidence among Population Estimate (%)","1991","44.36899","","2026-07-09T11-45-08-76271f5a60e0","https://openstat.psa.gov.ph/PXWeb/pxweb/en/DB/DB__3D/0023C3DP020.px"
"Region IV-B","Poverty Incidence among Population Estimate (%)","2006","40.60386","","2026-07-09T11-45-08-76271f5a60e0","https://openstat.psa.gov.ph/PXWeb/pxweb/en/DB/DB__3D/0023C3DP020.px"
"Region IV-B","Poverty Incidence among Population Estimate (%)","2009","34.54446","","2026-07-09T11-45-08-76271f5a60e0","https://openstat.psa.gov.ph/PXWeb/pxweb/en/DB/DB__3D/0023C3DP020.px"
"Region IV-B","Poverty Incidence among Population Estimate (%)","2012","31.01747","","2026-07-09T11-45-08-76271f5a60e0","https://openstat.psa.gov.ph/PXWeb/pxweb/en/DB/DB__3D/0023C3DP020.px"
"Region IV-B","Poverty Incidence among Population Estimate (%)","2015","24.41401","","2026-07-09T11-45-08-76271f5a60e0","https://openstat.psa.gov.ph/PXWeb/pxweb/en/DB/DB__3D/0023C3DP020.px"
"Region IV-B","Coefficient of Variation","1991","7.924718","","2026-07-09T11-45-08-76271f5a60e0","https://openstat.psa.gov.ph/PXWeb/pxweb/en/DB/DB__3D/0023C3DP020.px"
"Region IV-B","Coefficient of Variation","2006","6.578595","","2026-07-09T11-45-08-76271f5a60e0","https://openstat.psa.gov.ph/PXWeb/pxweb/en/DB/DB__3D/0023C3DP020.px"
"Region IV-B","Coefficient of Variation","2009","7.277466","","2026-07-09T11-45-08-76271f5a60e0","https://openstat.psa.gov.ph/PXWeb/pxweb/en/DB/DB__3D/0023C3DP020.px"
"Region IV-B","Coefficient of Variation","2012","9.480724","","2026-07-09T11-45-08-76271f5a60e0","https://openstat.psa.gov.ph/PXWeb/pxweb/en/DB/DB__3D/0023C3DP020.px"
"Region IV-B","Coefficient of Variation","2015","15.46389","","2026-07-09T11-45-08-76271f5a60e0","https://openstat.psa.gov.ph/PXWeb/pxweb/en/DB/DB__3D/0023C3DP020.px"
"Region IV-B","Magnitude of Poor Population Estimate","1991","820158","","2026-07-09T11-45-08-76271f5a60e0","https://openstat.psa.gov.ph/PXWeb/pxweb/en/DB/DB__3D/0023C3DP020.px"
"Region IV-B","Magnitude of Poor Population Estimate","2006","1047968","","2026-07-09T11-45-08-76271f5a60e0","https://openstat.psa.gov.ph/PXWeb/pxweb/en/DB/DB__3D/0023C3DP020.px"
"Region IV-B","Magnitude of Poor Population Estimate","2009","921622.3","","2026-07-09T11-45-08-76271f5a60e0","https://openstat.psa.gov.ph/PXWeb/pxweb/en/DB/DB__3D/0023C3DP020.px"
"Region IV-B","Magnitude of Poor Population Estimate","2012","876237.9","","2026-07-09T11-45-08-76271f5a60e0","https://openstat.psa.gov.ph/PXWeb/pxweb/en/DB/DB__3D/0023C3DP020.px"
"Region IV-B","Magnitude of Poor Population Estimate","2015","754222.1","","2026-07-09T11-45-08-76271f5a60e0","https://openstat.psa.gov.ph/PXWeb/pxweb/en/DB/DB__3D/0023C3DP020.px"
"..Marinduque","Annual Per Capita Poverty Threshold  (in Pesos)","1991","","..","2026-07-09T11-45-08-76271f5a60e0","https://openstat.psa.gov.ph/PXWeb/pxweb/en/DB/DB__3D/0023C3DP020.px"
"..Marinduque","Annual Per Capita Poverty Threshold  (in Pesos)","2006","12909.0011456394","","2026-07-09T11-45-08-76271f5a60e0","https://openstat.psa.gov.ph/PXWeb/pxweb/en/DB/DB__3D/0023C3DP020.px"
"..Marinduque","Annual Per Capita Poverty Threshold  (in Pesos)","2009","15678.2328512101","","2026-07-09T11-45-08-76271f5a60e0","https://openstat.psa.gov.ph/PXWeb/pxweb/en/DB/DB__3D/0023C3DP020.px"
"..Marinduque","Annual Per Capita Poverty Threshold  (in Pesos)","2012","17179.6935414578","","2026-07-09T11-45-08-76271f5a60e0","https://openstat.psa.gov.ph/PXWeb/pxweb/en/DB/DB__3D/0023C3DP020.px"
"..Marinduque","Annual Per Capita Poverty Threshold  (in Pesos)","2015","19722","","2026-07-09T11-45-08-76271f5a60e0","https://openstat.psa.gov.ph/PXWeb/pxweb/en/DB/DB__3D/0023C3DP020.px"
"..Marinduque","Poverty Incidence among Population Estimate (%)","1991","","..","2026-07-09T11-45-08-76271f5a60e0","https://openstat.psa.gov.ph/PXWeb/pxweb/en/DB/DB__3D/0023C3DP020.px"
"..Marinduque","Poverty Incidence among Population Estimate (%)","2006","40.51097","","2026-07-09T11-45-08-76271f5a60e0","https://openstat.psa.gov.ph/PXWeb/pxweb/en/DB/DB__3D/0023C3DP020.px"
"..Marinduque","Poverty Incidence among Population Estimate (%)","2009","33.58429","","2026-07-09T11-45-08-76271f5a60e0","https://openstat.psa.gov.ph/PXWeb/pxweb/en/DB/DB__3D/0023C3DP020.px"
"..Marinduque","Poverty Incidence among Population Estimate (%)","2012","32.91193","","2026-07-09T11-45-08-76271f5a60e0","https://openstat.psa.gov.ph/PXWeb/pxweb/en/DB/DB__3D/0023C3DP020.px"
"..Marinduque","Poverty Incidence among Population Estimate (%)","2015","16.24202","","2026-07-09T11-45-08-76271f5a60e0","https://openstat.psa.gov.ph/PXWeb/pxweb/en/DB/DB__3D/0023C3DP020.px"
"..Marinduque","Coefficient of Variation","1991","","..","2026-07-09T11-45-08-76271f5a60e0","https://openstat.psa.gov.ph/PXWeb/pxweb/en/DB/DB__3D/0023C3DP020.px"
"..Marinduque","Coefficient of Variation","2006","14.96238","","2026-07-09T11-45-08-76271f5a60e0","https://openstat.psa.gov.ph/PXWeb/pxweb/en/DB/DB__3D/0023C3DP020.px"
"..Marinduque","Coefficient of Variation","2009","14.38839","","2026-07-09T11-45-08-76271f5a60e0","https://openstat.psa.gov.ph/PXWeb/pxweb/en/DB/DB__3D/0023C3DP020.px"
"..Marinduque","Coefficient of Variation","2012","15.31549","","2026-07-09T11-45-08-76271f5a60e0","https://openstat.psa.gov.ph/PXWeb/pxweb/en/DB/DB__3D/0023C3DP020.px"
"..Marinduque","Coefficient of Variation","2015","15.30171","","2026-07-09T11-45-08-76271f5a60e0","https://openstat.psa.gov.ph/PXWeb/pxweb/en/DB/DB__3D/0023C3DP020.px"
"..Marinduque","Magnitude of Poor Population Estimate","1991","","..","2026-07-09T11-45-08-76271f5a60e0","https://openstat.psa.gov.ph/PXWeb/pxweb/en/DB/DB__3D/0023C3DP020.px"
"..Marinduque","Magnitude of Poor Population Estimate","2006","89747.46","","2026-07-09T11-45-08-76271f5a60e0","https://openstat.psa.gov.ph/PXWeb/pxweb/en/DB/DB__3D/0023C3DP020.px"
"..Marinduque","Magnitude of Poor Population Estimate","2009","74517.05","","2026-07-09T11-45-08-76271f5a60e0","https://openstat.psa.gov.ph/PXWeb/pxweb/en/DB/DB__3D/0023C3DP020.px"
"..Marinduque","Magnitude of Poor Population Estimate","2012","73737.62","","2026-07-09T11-45-08-76271f5a60e0","https://openstat.psa.gov.ph/PXWeb/pxweb/en/DB/DB__3D/0023C3DP020.px"
"..Marinduque","Magnitude of Poor Population Estimate","2015","52450.23","","2026-07-09T11-45-08-76271f5a60e0","https://openstat.psa.gov.ph/PXWeb/pxweb/en/DB/DB__3D/0023C3DP020.px"
"..Occidental Mindoro b/","Annual Per Capita Poverty Threshold  (in Pesos)","1991","","..","2026-07-09T11-45-08-76271f5a60e0","https://openstat.psa.gov.ph/PXWeb/pxweb/en/DB/DB__3D/0023C3DP020.px"
"..Occidental Mindoro b/","Annual Per Capita Poverty Threshold  (in Pesos)","2006","12725.3670356413","","2026-07-09T11-45-08-76271f5a60e0","https://openstat.psa.gov.ph/PXWeb/pxweb/en/DB/DB__3D/0023C3DP020.px"
"..Occidental Mindoro b/","Annual Per Capita Poverty Threshold  (in Pesos)","2009","15936.6710563495","","2026-07-09T11-45-08-76271f5a60e0","https://openstat.psa.gov.ph/PXWeb/pxweb/en/DB/DB__3D/0023C3DP020.px"
"..Occidental Mindoro b/","Annual Per Capita Poverty Threshold  (in Pesos)","2012","17411.6155437544","","2026-07-09T11-45-08-76271f5a60e0","https://openstat.psa.gov.ph/PXWeb/pxweb/en/DB/DB__3D/0023C3DP020.px"
"..Occidental Mindoro b/","Annual Per Capita Poverty Threshold  (in Pesos)","2015","19994","","2026-07-09T11-45-08-76271f5a60e0","https://openstat.psa.gov.ph/PXWeb/pxweb/en/DB/DB__3D/0023C3DP020.px"
"..Occidental Mindoro b/","Poverty Incidence among Population Estimate (%)","1991","","..","2026-07-09T11-45-08-76271f5a60e0","https://openstat.psa.gov.ph/PXWeb/pxweb/en/DB/DB__3D/0023C3DP020.px"
"..Occidental Mindoro b/","Poverty Incidence among Population Estimate (%)","2006","43.16533","","2026-07-09T11-45-08-76271f5a60e0","https://openstat.psa.gov.ph/PXWeb/pxweb/en/DB/DB__3D/0023C3DP020.px"
"..Occidental Mindoro b/","Poverty Incidence among Population Estimate (%)","2009","35.88486","","2026-07-09T11-45-08-76271f5a60e0","https://openstat.psa.gov.ph/PXWeb/pxweb/en/DB/DB__3D/0023C3DP020.px"
"..Occidental Mindoro b/","Poverty Incidence among Population Estimate (%)","2012","38.09529","","2026-07-09T11-45-08-76271f5a60e0","https://openstat.psa.gov.ph/PXWeb/pxweb/en/DB/DB__3D/0023C3DP020.px"
"..Occidental Mindoro b/","Poverty Incidence among Population Estimate (%)","2015","41.24669","","2026-07-09T11-45-08-76271f5a60e0","https://openstat.psa.gov.ph/PXWeb/pxweb/en/DB/DB__3D/0023C3DP020.px"
"..Occidental Mindoro b/","Coefficient of Variation","1991","","..","2026-07-09T11-45-08-76271f5a60e0","https://openstat.psa.gov.ph/PXWeb/pxweb/en/DB/DB__3D/0023C3DP020.px"
"..Occidental Mindoro b/","Coefficient of Variation","2006","17.01501","","2026-07-09T11-45-08-76271f5a60e0","https://openstat.psa.gov.ph/PXWeb/pxweb/en/DB/DB__3D/0023C3DP020.px"
"..Occidental Mindoro b/","Coefficient of Variation","2009","15.58769","","2026-07-09T11-45-08-76271f5a60e0","https://openstat.psa.gov.ph/PXWeb/pxweb/en/DB/DB__3D/0023C3DP020.px"
"..Occidental Mindoro b/","Coefficient of Variation","2012","20.0316","","2026-07-09T11-45-08-76271f5a60e0","https://openstat.psa.gov.ph/PXWeb/pxweb/en/DB/DB__3D/0023C3DP020.px"
"..Occidental Mindoro b/","Coefficient of Variation","2015","30.37806","","2026-07-09T11-45-08-76271f5a60e0","https://openstat.psa.gov.ph/PXWeb/pxweb/en/DB/DB__3D/0023C3DP020.px"
"..Occidental Mindoro b/","Magnitude of Poor Population Estimate","1991","","..","2026-07-09T11-45-08-76271f5a60e0","https://openstat.psa.gov.ph/PXWeb/pxweb/en/DB/DB__3D/0023C3DP020.px"
"..Occidental Mindoro b/","Magnitude of Poor Population Estimate","2006","186535.7","","2026-07-09T11-45-08-76271f5a60e0","https://openstat.psa.gov.ph/PXWeb/pxweb/en/DB/DB__3D/0023C3DP020.px"
"..Occidental Mindoro b/","Magnitude of Poor Population Estimate","2009","157180.1","","2026-07-09T11-45-08-76271f5a60e0","https://openstat.psa.gov.ph/PXWeb/pxweb/en/DB/DB__3D/0023C3DP020.px"
"..Occidental Mindoro b/","Magnitude of Poor Population Estimate","2012","181631.4","","2026-07-09T11-45-08-76271f5a60e0","https://openstat.psa.gov.ph/PXWeb/pxweb/en/DB/DB__3D/0023C3DP020.px"
"..Occidental Mindoro b/","Magnitude of Poor Population Estimate","2015","208434.7","","2026-07-09T11-45-08-76271f5a60e0","https://openstat.psa.gov.ph/PXWeb/pxweb/en/DB/DB__3D/0023C3DP020.px"
"..Oriental Mindoro","Annual Per Capita Poverty Threshold  (in Pesos)","1991","","..","2026-07-09T11-45-08-76271f5a60e0","https://openstat.psa.gov.ph/PXWeb/pxweb/en/DB/DB__3D/0023C3DP020.px"
"..Oriental Mindoro","Annual Per Capita Poverty Threshold  (in Pesos)","2006","13395.9407449975","","2026-07-09T11-45-08-76271f5a60e0","https://openstat.psa.gov.ph/PXWeb/pxweb/en/DB/DB__3D/0023C3DP020.px"
"..Oriental Mindoro","Annual Per Capita Poverty Threshold  (in Pesos)","2009","16710.4856884308","","2026-07-09T11-45-08-76271f5a60e0","https://openstat.psa.gov.ph/PXWeb/pxweb/en/DB/DB__3D/0023C3DP020.px"
"..Oriental Mindoro","Annual Per Capita Poverty Threshold  (in Pesos)","2012","17414.7184596471","","2026-07-09T11-45-08-76271f5a60e0","https://openstat.psa.gov.ph/PXWeb/pxweb/en/DB/DB__3D/0023C3DP020.px"
"..Oriental Mindoro","Annual Per Capita Poverty Threshold  (in Pesos)","2015","20410","","2026-07-09T11-45-08-76271f5a60e0","https://openstat.psa.gov.ph/PXWeb/pxweb/en/DB/DB__3D/0023C3DP020.px"
"..Oriental Mindoro","Poverty Incidence among Population Estimate (%)","1991","","..","2026-07-09T11-45-08-76271f5a60e0","https://openstat.psa.gov.ph/PXWeb/pxweb/en/DB/DB__3D/0023C3DP020.px"
"..Oriental Mindoro","Poverty Incidence among Population Estimate (%)","2006","43.66973","","2026-07-09T11-45-08-76271f5a60e0","https://openstat.psa.gov.ph/PXWeb/pxweb/en/DB/DB__3D/0023C3DP020.px"
"..Oriental Mindoro","Poverty Incidence among Population Estimate (%)","2009","36.07987","","2026-07-09T11-45-08-76271f5a60e0","https://openstat.psa.gov.ph/PXWeb/pxweb/en/DB/DB__3D/0023C3DP020.px"
"..Oriental Mindoro","Poverty Incidence among Population Estimate (%)","2012","29.32625","","2026-07-09T11-45-08-76271f5a60e0","https://openstat.psa.gov.ph/PXWeb/pxweb/en/DB/DB__3D/0023C3DP020.px"
"..Oriental Mindoro","Poverty Incidence among Population Estimate (%)","2015","21.55039","","2026-07-09T11-45-08-76271f5a60e0","https://openstat.psa.gov.ph/PXWeb/pxweb/en/DB/DB__3D/0023C3DP020.px"
"..Oriental Mindoro","Coefficient of Variation","1991","","..","2026-07-09T11-45-08-76271f5a60e0","https://openstat.psa.gov.ph/PXWeb/pxweb/en/DB/DB__3D/0023C3DP020.px"
"..Oriental Mindoro","Coefficient of Variation","2006","9.463004","","2026-07-09T11-45-08-76271f5a60e0","https://openstat.psa.gov.ph/PXWeb/pxweb/en/DB/DB__3D/0023C3DP020.px"
"..Oriental Mindoro","Coefficient of Variation","2009","9.297244","","2026-07-09T11-45-08-76271f5a60e0","https://openstat.psa.gov.ph/PXWeb/pxweb/en/DB/DB__3D/0023C3DP020.px"
"..Oriental Mindoro","Coefficient of Variation","2012","15.48499","","2026-07-09T11-45-08-76271f5a60e0","https://openstat.psa.gov.ph/PXWeb/pxweb/en/DB/DB__3D/0023C3DP020.px"
"..Oriental Mindoro","Coefficient of Variation","2015","17.83082","","2026-07-09T11-45-08-76271f5a60e0","https://openstat.psa.gov.ph/PXWeb/pxweb/en/DB/DB__3D/0023C3DP020.px"
"..Oriental Mindoro","Magnitude of Poor Population Estimate","1991","","..","2026-07-09T11-45-08-76271f5a60e0","https://openstat.psa.gov.ph/PXWeb/pxweb/en/DB/DB__3D/0023C3DP020.px"
"..Oriental Mindoro","Magnitude of Poor Population Estimate","2006","328846.5","","2026-07-09T11-45-08-76271f5a60e0","https://openstat.psa.gov.ph/PXWeb/pxweb/en/DB/DB__3D/0023C3DP020.px"
"..Oriental Mindoro","Magnitude of Poor Population Estimate","2009","280088.1","","2026-07-09T11-45-08-76271f5a60e0","https://openstat.psa.gov.ph/PXWeb/pxweb/en/DB/DB__3D/0023C3DP020.px"
"..Oriental Mindoro","Magnitude of Poor Population Estimate","2012","238371.6","","2026-07-09T11-45-08-76271f5a60e0","https://openstat.psa.gov.ph/PXWeb/pxweb/en/DB/DB__3D/0023C3DP020.px"
"..Oriental Mindoro","Magnitude of Poor Population Estimate","2015","180670.4","","2026-07-09T11-45-08-76271f5a60e0","https://openstat.psa.gov.ph/PXWeb/pxweb/en/DB/DB__3D/0023C3DP020.px"
"..Palawan b/","Annual Per Capita Poverty Threshold  (in Pesos)","1991","","..","2026-07-09T11-45-08-76271f5a60e0","https://openstat.psa.gov.ph/PXWeb/pxweb/en/DB/DB__3D/0023C3DP020.px"
"..Palawan b/","Annual Per Capita Poverty Threshold  (in Pesos)","2006","11520.6838747858","","2026-07-09T11-45-08-76271f5a60e0","https://openstat.psa.gov.ph/PXWeb/pxweb/en/DB/DB__3D/0023C3DP020.px"
"..Palawan b/","Annual Per Capita Poverty Threshold  (in Pesos)","2009","14418.1583336829","","2026-07-09T11-45-08-76271f5a60e0","https://openstat.psa.gov.ph/PXWeb/pxweb/en/DB/DB__3D/0023C3DP020.px"
"..Palawan b/","Annual Per Capita Poverty Threshold  (in Pesos)","2012","16696.169165923","","2026-07-09T11-45-08-76271f5a60e0","https://openstat.psa.gov.ph/PXWeb/pxweb/en/DB/DB__3D/0023C3DP020.px"
"..Palawan b/","Annual Per Capita Poverty Threshold  (in Pesos)","2015","19435","","2026-07-09T11-45-08-76271f5a60e0","https://openstat.psa.gov.ph/PXWeb/pxweb/en/DB/DB__3D/0023C3DP020.px"
"..Palawan b/","Poverty Incidence among Population Estimate (%)","1991","","..","2026-07-09T11-45-08-76271f5a60e0","https://openstat.psa.gov.ph/PXWeb/pxweb/en/DB/DB__3D/0023C3DP020.px"
"..Palawan b/","Poverty Incidence among Population Estimate (%)","2006","35.17707","","2026-07-09T11-45-08-76271f5a60e0","https://openstat.psa.gov.ph/PXWeb/pxweb/en/DB/DB__3D/0023C3DP020.px"
"..Palawan b/","Poverty Incidence among Population Estimate (%)","2009","30.8715","","2026-07-09T11-45-08-76271f5a60e0","https://openstat.psa.gov.ph/PXWeb/pxweb/en/DB/DB__3D/0023C3DP020.px"
"..Palawan b/","Poverty Incidence among Population Estimate (%)","2012","26.38115","","2026-07-09T11-45-08-76271f5a60e0","https://openstat.psa.gov.ph/PXWeb/pxweb/en/DB/DB__3D/0023C3DP020.px"
"..Palawan b/","Poverty Incidence among Population Estimate (%)","2015","16.9753","","2026-07-09T11-45-08-76271f5a60e0","https://openstat.psa.gov.ph/PXWeb/pxweb/en/DB/DB__3D/0023C3DP020.px"
"..Palawan b/","Coefficient of Variation","1991","","..","2026-07-09T11-45-08-76271f5a60e0","https://openstat.psa.gov.ph/PXWeb/pxweb/en/DB/DB__3D/0023C3DP020.px"
"..Palawan b/","Coefficient of Variation","2006","15.6379","","2026-07-09T11-45-08-76271f5a60e0","https://openstat.psa.gov.ph/PXWeb/pxweb/en/DB/DB__3D/0023C3DP020.px"
"..Palawan b/","Coefficient of Variation","2009","18.37812","","2026-07-09T11-45-08-76271f5a60e0","https://openstat.psa.gov.ph/PXWeb/pxweb/en/DB/DB__3D/0023C3DP020.px"
"..Palawan b/","Coefficient of Variation","2012","22.39427","","2026-07-09T11-45-08-76271f5a60e0","https://openstat.psa.gov.ph/PXWeb/pxweb/en/DB/DB__3D/0023C3DP020.px"
"..Palawan b/","Coefficient of Variation","2015","23.34553","","2026-07-09T11-45-08-76271f5a60e0","https://openstat.psa.gov.ph/PXWeb/pxweb/en/DB/DB__3D/0023C3DP020.px"
"..Palawan b/","Magnitude of Poor Population Estimate","1991","","..","2026-07-09T11-45-08-76271f5a60e0","https://openstat.psa.gov.ph/PXWeb/pxweb/en/DB/DB__3D/0023C3DP020.px"
"..Palawan b/","Magnitude of Poor Population Estimate","2006","317398.9","","2026-07-09T11-45-08-76271f5a60e0","https://openstat.psa.gov.ph/PXWeb/pxweb/en/DB/DB__3D/0023C3DP020.px"
"..Palawan b/","Magnitude of Poor Population Estimate","2009","297455.5","","2026-07-09T11-45-08-76271f5a60e0","https://openstat.psa.gov.ph/PXWeb/pxweb/en/DB/DB__3D/0023C3DP020.px"
"..Palawan b/","Magnitude of Poor Population Estimate","2012","277505.8","","2026-07-09T11-45-08-76271f5a60e0","https://openstat.psa.gov.ph/PXWeb/pxweb/en/DB/DB__3D/0023C3DP020.px"
"..Palawan b/","Magnitude of Poor Population Estimate","2015","179894.9","","2026-07-09T11-45-08-76271f5a60e0","https://openstat.psa.gov.ph/PXWeb/pxweb/en/DB/DB__3D/0023C3DP020.px"
"..Romblon","Annual Per Capita Poverty Threshold  (in Pesos)","1991","","..","2026-07-09T11-45-08-76271f5a60e0","https://openstat.psa.gov.ph/PXWeb/pxweb/en/DB/DB__3D/0023C3DP020.px"
"..Romblon","Annual Per Capita Poverty Threshold  (in Pesos)","2006","12810.9107833309","","2026-07-09T11-45-08-76271f5a60e0","https://openstat.psa.gov.ph/PXWeb/pxweb/en/DB/DB__3D/0023C3DP020.px"
"..Romblon","Annual Per Capita Poverty Threshold  (in Pesos)","2009","15546.5129600458","","2026-07-09T11-45-08-76271f5a60e0","https://openstat.psa.gov.ph/PXWeb/pxweb/en/DB/DB__3D/0023C3DP020.px"
"..Romblon","Annual Per Capita Poverty Threshold  (in Pesos)","2012","18463.5829872548","","2026-07-09T11-45-08-76271f5a60e0","https://openstat.psa.gov.ph/PXWeb/pxweb/en/DB/DB__3D/0023C3DP020.px"
"..Romblon","Annual Per Capita Poverty Threshold  (in Pesos)","2015","21601","","2026-07-09T11-45-08-76271f5a60e0","https://openstat.psa.gov.ph/PXWeb/pxweb/en/DB/DB__3D/0023C3DP020.px"
"..Romblon","Poverty Incidence among Population Estimate (%)","1991","","..","2026-07-09T11-45-08-76271f5a60e0","https://openstat.psa.gov.ph/PXWeb/pxweb/en/DB/DB__3D/0023C3DP020.px"
"..Romblon","Poverty Incidence among Population Estimate (%)","2006","46.12495","","2026-07-09T11-45-08-76271f5a60e0","https://openstat.psa.gov.ph/PXWeb/pxweb/en/DB/DB__3D/0023C3DP020.px"
"..Romblon","Poverty Incidence among Population Estimate (%)","2009","41.90058","","2026-07-09T11-45-08-76271f5a60e0","https://openstat.psa.gov.ph/PXWeb/pxweb/en/DB/DB__3D/0023C3DP020.px"
"..Romblon","Poverty Incidence among Population Estimate (%)","2012","40.4718","","2026-07-09T11-45-08-76271f5a60e0","https://openstat.psa.gov.ph/PXWeb/pxweb/en/DB/DB__3D/0023C3DP020.px"
"..Romblon","Poverty Incidence among Population Estimate (%)","2015","36.58368","","2026-07-09T11-45-08-76271f5a60e0","https://openstat.psa.gov.ph/PXWeb/pxweb/en/DB/DB__3D/0023C3DP020.px"
"..Romblon","Coefficient of Variation","1991","","..","2026-07-09T11-45-08-76271f5a60e0","https://openstat.psa.gov.ph/PXWeb/pxweb/en/DB/DB__3D/0023C3DP020.px"
"..Romblon","Coefficient of Variation","2006","7.482042","","2026-07-09T11-45-08-76271f5a60e0","https://openstat.psa.gov.ph/PXWeb/pxweb/en/DB/DB__3D/0023C3DP020.px"
"..Romblon","Coefficient of Variation","2009","12.85832","","2026-07-09T11-45-08-76271f5a60e0","https://openstat.psa.gov.ph/PXWeb/pxweb/en/DB/DB__3D/0023C3DP020.px"
"..Romblon","Coefficient of Variation","2012","12.69108","","2026-07-09T11-45-08-76271f5a60e0","https://openstat.psa.gov.ph/PXWeb/pxweb/en/DB/DB__3D/0023C3DP020.px"
"..Romblon","Coefficient of Variation","2015","17.6","","2026-07-09T11-45-08-76271f5a60e0","https://openstat.psa.gov.ph/PXWeb/pxweb/en/DB/DB__3D/0023C3DP020.px"
"..Romblon","Magnitude of Poor Population Estimate","1991","","..","2026-07-09T11-45-08-76271f5a60e0","https://openstat.psa.gov.ph/PXWeb/pxweb/en/DB/DB__3D/0023C3DP020.px"
"..Romblon","Magnitude of Poor Population Estimate","2006","125439.8","","2026-07-09T11-45-08-76271f5a60e0","https://openstat.psa.gov.ph/PXWeb/pxweb/en/DB/DB__3D/0023C3DP020.px"
"..Romblon","Magnitude of Poor Population Estimate","2009","112381.6","","2026-07-09T11-45-08-76271f5a60e0","https://openstat.psa.gov.ph/PXWeb/pxweb/en/DB/DB__3D/0023C3DP020.px"
"..Romblon","Magnitude of Poor Population Estimate","2012","104991.5","","2026-07-09T11-45-08-76271f5a60e0","https://openstat.psa.gov.ph/PXWeb/pxweb/en/DB/DB__3D/0023C3DP020.px"
"..Romblon","Magnitude of Poor Population Estimate","2015","132771.9","","2026-07-09T11-45-08-76271f5a60e0","https://openstat.psa.gov.ph/PXWeb/pxweb/en/DB/DB__3D/0023C3DP020.px"
"Region V","Annual Per Capita Poverty Threshold  (in Pesos)","1991","5806.9788476174","","2026-07-09T11-45-08-76271f5a60e0","https://openstat.psa.gov.ph/PXWeb/pxweb/en/DB/DB__3D/0023C3DP020.px"
"Region V","Annual Per Capita Poverty Threshold  (in Pesos)","2006","13239.9161115525","","2026-07-09T11-45-08-76271f5a60e0","https://openstat.psa.gov.ph/PXWeb/pxweb/en/DB/DB__3D/0023C3DP020.px"
"Region V","Annual Per Capita Poverty Threshold  (in Pesos)","2009","16888.3471763496","","2026-07-09T11-45-08-76271f5a60e0","https://openstat.psa.gov.ph/PXWeb/pxweb/en/DB/DB__3D/0023C3DP020.px"
"Region V","Annual Per Capita Poverty Threshold  (in Pesos)","2012","18257.014212905","","2026-07-09T11-45-08-76271f5a60e0","https://openstat.psa.gov.ph/PXWeb/pxweb/en/DB/DB__3D/0023C3DP020.px"
"Region V","Annual Per Capita Poverty Threshold  (in Pesos)","2015","21476","","2026-07-09T11-45-08-76271f5a60e0","https://openstat.psa.gov.ph/PXWeb/pxweb/en/DB/DB__3D/0023C3DP020.px"
"Region V","Poverty Incidence among Population Estimate (%)","1991","54.47918","","2026-07-09T11-45-08-76271f5a60e0","https://openstat.psa.gov.ph/PXWeb/pxweb/en/DB/DB__3D/0023C3DP020.px"
"Region V","Poverty Incidence among Population Estimate (%)","2006","44.22975","","2026-07-09T11-45-08-76271f5a60e0","https://openstat.psa.gov.ph/PXWeb/pxweb/en/DB/DB__3D/0023C3DP020.px"
"Region V","Poverty Incidence among Population Estimate (%)","2009","44.2068","","2026-07-09T11-45-08-76271f5a60e0","https://openstat.psa.gov.ph/PXWeb/pxweb/en/DB/DB__3D/0023C3DP020.px"
"Region V","Poverty Incidence among Population Estimate (%)","2012","41.05572","","2026-07-09T11-45-08-76271f5a60e0","https://openstat.psa.gov.ph/PXWeb/pxweb/en/DB/DB__3D/0023C3DP020.px"
"Region V","Poverty Incidence among Population Estimate (%)","2015","36.01424","","2026-07-09T11-45-08-76271f5a60e0","https://openstat.psa.gov.ph/PXWeb/pxweb/en/DB/DB__3D/0023C3DP020.px"
"Region V","Coefficient of Variation","1991","5.037914","","2026-07-09T11-45-08-76271f5a60e0","https://openstat.psa.gov.ph/PXWeb/pxweb/en/DB/DB__3D/0023C3DP020.px"
"Region V","Coefficient of Variation","2006","4.097291","","2026-07-09T11-45-08-76271f5a60e0","https://openstat.psa.gov.ph/PXWeb/pxweb/en/DB/DB__3D/0023C3DP020.px"
"Region V","Coefficient of Variation","2009","4.39115","","2026-07-09T11-45-08-76271f5a60e0","https://openstat.psa.gov.ph/PXWeb/pxweb/en/DB/DB__3D/0023C3DP020.px"
"Region V","Coefficient of Variation","2012","5.558653","","2026-07-09T11-45-08-76271f5a60e0","https://openstat.psa.gov.ph/PXWeb/pxweb/en/DB/DB__3D/0023C3DP020.px"
"Region V","Coefficient of Variation","2015","6.757352","","2026-07-09T11-45-08-76271f5a60e0","https://openstat.psa.gov.ph/PXWeb/pxweb/en/DB/DB__3D/0023C3DP020.px"
"Region V","Magnitude of Poor Population Estimate","1991","2450496","","2026-07-09T11-45-08-76271f5a60e0","https://openstat.psa.gov.ph/PXWeb/pxweb/en/DB/DB__3D/0023C3DP020.px"
"Region V","Magnitude of Poor Population Estimate","2006","2280000","","2026-07-09T11-45-08-76271f5a60e0","https://openstat.psa.gov.ph/PXWeb/pxweb/en/DB/DB__3D/0023C3DP020.px"
"Region V","Magnitude of Poor Population Estimate","2009","2338850","","2026-07-09T11-45-08-76271f5a60e0","https://openstat.psa.gov.ph/PXWeb/pxweb/en/DB/DB__3D/0023C3DP020.px"
"Region V","Magnitude of Poor Population Estimate","2012","2276848","","2026-07-09T11-45-08-76271f5a60e0","https://openstat.psa.gov.ph/PXWeb/pxweb/en/DB/DB__3D/0023C3DP020.px"
"Region V","Magnitude of Poor Population Estimate","2015","2172415","","2026-07-09T11-45-08-76271f5a60e0","https://openstat.psa.gov.ph/PXWeb/pxweb/en/DB/DB__3D/0023C3DP020.px"
"..Albay","Annual Per Capita Poverty Threshold  (in Pesos)","1991","","..","2026-07-09T11-45-08-76271f5a60e0","https://openstat.psa.gov.ph/PXWeb/pxweb/en/DB/DB__3D/0023C3DP020.px"
"..Albay","Annual Per Capita Poverty Threshold  (in Pesos)","2006","13412.6939794481","","2026-07-09T11-45-08-76271f5a60e0","https://openstat.psa.gov.ph/PXWeb/pxweb/en/DB/DB__3D/0023C3DP020.px"
"..Albay","Annual Per Capita Poverty Threshold  (in Pesos)","2009","17097.6489210678","","2026-07-09T11-45-08-76271f5a60e0","https://openstat.psa.gov.ph/PXWeb/pxweb/en/DB/DB__3D/0023C3DP020.px"
"..Albay","Annual Per Capita Poverty Threshold  (in Pesos)","2012","18609.5306744726","","2026-07-09T11-45-08-76271f5a60e0","https://openstat.psa.gov.ph/PXWeb/pxweb/en/DB/DB__3D/0023C3DP020.px"
"..Albay","Annual Per Capita Poverty Threshold  (in Pesos)","2015","22081","","2026-07-09T11-45-08-76271f5a60e0","https://openstat.psa.gov.ph/PXWeb/pxweb/en/DB/DB__3D/0023C3DP020.px"
"..Albay","Poverty Incidence among Population Estimate (%)","1991","","..","2026-07-09T11-45-08-76271f5a60e0","https://openstat.psa.gov.ph/PXWeb/pxweb/en/DB/DB__3D/0023C3DP020.px"
"..Albay","Poverty Incidence among Population Estimate (%)","2006","36.43167","","2026-07-09T11-45-08-76271f5a60e0","https://openstat.psa.gov.ph/PXWeb/pxweb/en/DB/DB__3D/0023C3DP020.px"
"..Albay","Poverty Incidence among Population Estimate (%)","2009","36.70886","","2026-07-09T11-45-08-76271f5a60e0","https://openstat.psa.gov.ph/PXWeb/pxweb/en/DB/DB__3D/0023C3DP020.px"
"..Albay","Poverty Incidence among Population Estimate (%)","2012","40.95874","","2026-07-09T11-45-08-76271f5a60e0","https://openstat.psa.gov.ph/PXWeb/pxweb/en/DB/DB__3D/0023C3DP020.px"
"..Albay","Poverty Incidence among Population Estimate (%)","2015","25.20525","","2026-07-09T11-45-08-76271f5a60e0","https://openstat.psa.gov.ph/PXWeb/pxweb/en/DB/DB__3D/0023C3DP020.px"
"..Albay","Coefficient of Variation","1991","","..","2026-07-09T11-45-08-76271f5a60e0","https://openstat.psa.gov.ph/PXWeb/pxweb/en/DB/DB__3D/0023C3DP020.px"
"..Albay","Coefficient of Variation","2006","9.430592","","2026-07-09T11-45-08-76271f5a60e0","https://openstat.psa.gov.ph/PXWeb/pxweb/en/DB/DB__3D/0023C3DP020.px"
"..Albay","Coefficient of Variation","2009","11.34754","","2026-07-09T11-45-08-76271f5a60e0","https://openstat.psa.gov.ph/PXWeb/pxweb/en/DB/DB__3D/0023C3DP020.px"
"..Albay","Coefficient of Variation","2012","10.08699","","2026-07-09T11-45-08-76271f5a60e0","https://openstat.psa.gov.ph/PXWeb/pxweb/en/DB/DB__3D/0023C3DP020.px"
"..Albay","Coefficient of Variation","2015","13.59166","","2026-07-09T11-45-08-76271f5a60e0","https://openstat.psa.gov.ph/PXWeb/pxweb/en/DB/DB__3D/0023C3DP020.px"
"..Albay","Magnitude of Poor Population Estimate","1991","","..","2026-07-09T11-45-08-76271f5a60e0","https://openstat.psa.gov.ph/PXWeb/pxweb/en/DB/DB__3D/0023C3DP020.px"
"..Albay","Magnitude of Poor Population Estimate","2006","434478.1","","2026-07-09T11-45-08-76271f5a60e0","https://openstat.psa.gov.ph/PXWeb/pxweb/en/DB/DB__3D/0023C3DP020.px"
"..Albay","Magnitude of Poor Population Estimate","2009","433673.3","","2026-07-09T11-45-08-76271f5a60e0","https://openstat.psa.gov.ph/PXWeb/pxweb/en/DB/DB__3D/0023C3DP020.px"
"..Albay","Magnitude of Poor Population Estimate","2012","511635.5","","2026-07-09T11-45-08-76271f5a60e0","https://openstat.psa.gov.ph/PXWeb/pxweb/en/DB/DB__3D/0023C3DP020.px"
"..Albay","Magnitude of Poor Population Estimate","2015","340305.4","","2026-07-09T11-45-08-76271f5a60e0","https://openstat.psa.gov.ph/PXWeb/pxweb/en/DB/DB__3D/0023C3DP020.px"
"..Camarines Norte b/","Annual Per Capita Poverty Threshold  (in Pesos)","1991","","..","2026-07-09T11-45-08-76271f5a60e0","https://openstat.psa.gov.ph/PXWeb/pxweb/en/DB/DB__3D/0023C3DP020.px"
"..Camarines Norte b/","Annual Per Capita Poverty Threshold  (in Pesos)","2006","13066.3767692499","","2026-07-09T11-45-08-76271f5a60e0","https://openstat.psa.gov.ph/PXWeb/pxweb/en/DB/DB__3D/0023C3DP020.px"
"..Camarines Norte b/","Annual Per Capita Poverty Threshold  (in Pesos)","2009","16675.4751765446","","2026-07-09T11-45-08-76271f5a60e0","https://openstat.psa.gov.ph/PXWeb/pxweb/en/DB/DB__3D/0023C3DP020.px"
"..Camarines Norte b/","Annual Per Capita Poverty Threshold  (in Pesos)","2012","18389.7309146612","","2026-07-09T11-45-08-76271f5a60e0","https://openstat.psa.gov.ph/PXWeb/pxweb/en/DB/DB__3D/0023C3DP020.px"
"..Camarines Norte b/","Annual Per Capita Poverty Threshold  (in Pesos)","2015","22096","","2026-07-09T11-45-08-76271f5a60e0","https://openstat.psa.gov.ph/PXWeb/pxweb/en/DB/DB__3D/0023C3DP020.px"
"..Camarines Norte b/","Poverty Incidence among Population Estimate (%)","1991","","..","2026-07-09T11-45-08-76271f5a60e0","https://openstat.psa.gov.ph/PXWeb/pxweb/en/DB/DB__3D/0023C3DP020.px"
"..Camarines Norte b/","Poverty Incidence among Population Estimate (%)","2006","41.09892","","2026-07-09T11-45-08-76271f5a60e0","https://openstat.psa.gov.ph/PXWeb/pxweb/en/DB/DB__3D/0023C3DP020.px"
"..Camarines Norte b/","Poverty Incidence among Population Estimate (%)","2009","41.78248","","2026-07-09T11-45-08-76271f5a60e0","https://openstat.psa.gov.ph/PXWeb/pxweb/en/DB/DB__3D/0023C3DP020.px"
"..Camarines Norte b/","Poverty Incidence among Population Estimate (%)","2012","28.69515","","2026-07-09T11-45-08-76271f5a60e0","https://openstat.psa.gov.ph/PXWeb/pxweb/en/DB/DB__3D/0023C3DP020.px"
"..Camarines Norte b/","Poverty Incidence among Population Estimate (%)","2015","36.44435","","2026-07-09T11-45-08-76271f5a60e0","https://openstat.psa.gov.ph/PXWeb/pxweb/en/DB/DB__3D/0023C3DP020.px"
"..Camarines Norte b/","Coefficient of Variation","1991","","..","2026-07-09T11-45-08-76271f5a60e0","https://openstat.psa.gov.ph/PXWeb/pxweb/en/DB/DB__3D/0023C3DP020.px"
"..Camarines Norte b/","Coefficient of Variation","2006","15.05991","","2026-07-09T11-45-08-76271f5a60e0","https://openstat.psa.gov.ph/PXWeb/pxweb/en/DB/DB__3D/0023C3DP020.px"
"..Camarines Norte b/","Coefficient of Variation","2009","14.23974","","2026-07-09T11-45-08-76271f5a60e0","https://openstat.psa.gov.ph/PXWeb/pxweb/en/DB/DB__3D/0023C3DP020.px"
"..Camarines Norte b/","Coefficient of Variation","2012","19.53618","","2026-07-09T11-45-08-76271f5a60e0","https://openstat.psa.gov.ph/PXWeb/pxweb/en/DB/DB__3D/0023C3DP020.px"
"..Camarines Norte b/","Coefficient of Variation","2015","20.59247","","2026-07-09T11-45-08-76271f5a60e0","https://openstat.psa.gov.ph/PXWeb/pxweb/en/DB/DB__3D/0023C3DP020.px"
"..Camarines Norte b/","Magnitude of Poor Population Estimate","1991","","..","2026-07-09T11-45-08-76271f5a60e0","https://openstat.psa.gov.ph/PXWeb/pxweb/en/DB/DB__3D/0023C3DP020.px"
"..Camarines Norte b/","Magnitude of Poor Population Estimate","2006","217410.2","","2026-07-09T11-45-08-76271f5a60e0","https://openstat.psa.gov.ph/PXWeb/pxweb/en/DB/DB__3D/0023C3DP020.px"
"..Camarines Norte b/","Magnitude of Poor Population Estimate","2009","227105.4","","2026-07-09T11-45-08-76271f5a60e0","https://openstat.psa.gov.ph/PXWeb/pxweb/en/DB/DB__3D/0023C3DP020.px"
"..Camarines Norte b/","Magnitude of Poor Population Estimate","2012","160390","","2026-07-09T11-45-08-76271f5a60e0","https://openstat.psa.gov.ph/PXWeb/pxweb/en/DB/DB__3D/0023C3DP020.px"
"..Camarines Norte b/","Magnitude of Poor Population Estimate","2015","237712.4","","2026-07-09T11-45-08-76271f5a60e0","https://openstat.psa.gov.ph/PXWeb/pxweb/en/DB/DB__3D/0023C3DP020.px"
"..Camarines Sur","Annual Per Capita Poverty Threshold  (in Pesos)","1991","","..","2026-07-09T11-45-08-76271f5a60e0","https://openstat.psa.gov.ph/PXWeb/pxweb/en/DB/DB__3D/0023C3DP020.px"
"..Camarines Sur","Annual Per Capita Poverty Threshold  (in Pesos)","2006","13492.0874639888","","2026-07-09T11-45-08-76271f5a60e0","https://openstat.psa.gov.ph/PXWeb/pxweb/en/DB/DB__3D/0023C3DP020.px"
"..Camarines Sur","Annual Per Capita Poverty Threshold  (in Pesos)","2009","17222.8467032079","","2026-07-09T11-45-08-76271f5a60e0","https://openstat.psa.gov.ph/PXWeb/pxweb/en/DB/DB__3D/0023C3DP020.px"
"..Camarines Sur","Annual Per Capita Poverty Threshold  (in Pesos)","2012","18716.5996893643","","2026-07-09T11-45-08-76271f5a60e0","https://openstat.psa.gov.ph/PXWeb/pxweb/en/DB/DB__3D/0023C3DP020.px"
"..Camarines Sur","Annual Per Capita Poverty Threshold  (in Pesos)","2015","22154","","2026-07-09T11-45-08-76271f5a60e0","https://openstat.psa.gov.ph/PXWeb/pxweb/en/DB/DB__3D/0023C3DP020.px"
"..Camarines Sur","Poverty Incidence among Population Estimate (%)","1991","","..","2026-07-09T11-45-08-76271f5a60e0","https://openstat.psa.gov.ph/PXWeb/pxweb/en/DB/DB__3D/0023C3DP020.px"
"..Camarines Sur","Poverty Incidence among Population Estimate (%)","2006","47.84862","","2026-07-09T11-45-08-76271f5a60e0","https://openstat.psa.gov.ph/PXWeb/pxweb/en/DB/DB__3D/0023C3DP020.px"
"..Camarines Sur","Poverty Incidence among Population Estimate (%)","2009","47.93634","","2026-07-09T11-45-08-76271f5a60e0","https://openstat.psa.gov.ph/PXWeb/pxweb/en/DB/DB__3D/0023C3DP020.px"
"..Camarines Sur","Poverty Incidence among Population Estimate (%)","2012","41.163","","2026-07-09T11-45-08-76271f5a60e0","https://openstat.psa.gov.ph/PXWeb/pxweb/en/DB/DB__3D/0023C3DP020.px"
"..Camarines Sur","Poverty Incidence among Population Estimate (%)","2015","35.22938","","2026-07-09T11-45-08-76271f5a60e0","https://openstat.psa.gov.ph/PXWeb/pxweb/en/DB/DB__3D/0023C3DP020.px"
"..Camarines Sur","Coefficient of Variation","1991","","..","2026-07-09T11-45-08-76271f5a60e0","https://openstat.psa.gov.ph/PXWeb/pxweb/en/DB/DB__3D/0023C3DP020.px"
"..Camarines Sur","Coefficient of Variation","2006","6.232287","","2026-07-09T11-45-08-76271f5a60e0","https://openstat.psa.gov.ph/PXWeb/pxweb/en/DB/DB__3D/0023C3DP020.px"
"..Camarines Sur","Coefficient of Variation","2009","7.074227","","2026-07-09T11-45-08-76271f5a60e0","https://openstat.psa.gov.ph/PXWeb/pxweb/en/DB/DB__3D/0023C3DP020.px"
"..Camarines Sur","Coefficient of Variation","2012","10.97577","","2026-07-09T11-45-08-76271f5a60e0","https://openstat.psa.gov.ph/PXWeb/pxweb/en/DB/DB__3D/0023C3DP020.px"
"..Camarines Sur","Coefficient of Variation","2015","11.65241","","2026-07-09T11-45-08-76271f5a60e0","https://openstat.psa.gov.ph/PXWeb/pxweb/en/DB/DB__3D/0023C3DP020.px"
"..Camarines Sur","Magnitude of Poor Population Estimate","1991","","..","2026-07-09T11-45-08-76271f5a60e0","https://openstat.psa.gov.ph/PXWeb/pxweb/en/DB/DB__3D/0023C3DP020.px"
"..Camarines Sur","Magnitude of Poor Population Estimate","2006","815084.2","","2026-07-09T11-45-08-76271f5a60e0","https://openstat.psa.gov.ph/PXWeb/pxweb/en/DB/DB__3D/0023C3DP020.px"
"..Camarines Sur","Magnitude of Poor Population Estimate","2009","855073.9","","2026-07-09T11-45-08-76271f5a60e0","https://openstat.psa.gov.ph/PXWeb/pxweb/en/DB/DB__3D/0023C3DP020.px"
"..Camarines Sur","Magnitude of Poor Population Estimate","2012","771983.7","","2026-07-09T11-45-08-76271f5a60e0","https://openstat.psa.gov.ph/PXWeb/pxweb/en/DB/DB__3D/0023C3DP020.px"
"..Camarines Sur","Magnitude of Poor Population Estimate","2015","665164.8","","2026-07-09T11-45-08-76271f5a60e0","https://openstat.psa.gov.ph/PXWeb/pxweb/en/DB/DB__3D/0023C3DP020.px"
"..Catanduanes","Annual Per Capita Poverty Threshold  (in Pesos)","1991","","..","2026-07-09T11-45-08-76271f5a60e0","https://openstat.psa.gov.ph/PXWeb/pxweb/en/DB/DB__3D/0023C3DP020.px"
"..Catanduanes","Annual Per Capita Poverty Threshold  (in Pesos)","2006","13368.9460117428","","2026-07-09T11-45-08-76271f5a60e0","https://openstat.psa.gov.ph/PXWeb/pxweb/en/DB/DB__3D/0023C3DP020.px"
"..Catanduanes","Annual Per Capita Poverty Threshold  (in Pesos)","2009","17056.5516253759","","2026-07-09T11-45-08-76271f5a60e0","https://openstat.psa.gov.ph/PXWeb/pxweb/en/DB/DB__3D/0023C3DP020.px"
"..Catanduanes","Annual Per Capita Poverty Threshold  (in Pesos)","2012","18303.3509952742","","2026-07-09T11-45-08-76271f5a60e0","https://openstat.psa.gov.ph/PXWeb/pxweb/en/DB/DB__3D/0023C3DP020.px"
"..Catanduanes","Annual Per Capita Poverty Threshold  (in Pesos)","2015","21660","","2026-07-09T11-45-08-76271f5a60e0","https://openstat.psa.gov.ph/PXWeb/pxweb/en/DB/DB__3D/0023C3DP020.px"
"..Catanduanes","Poverty Incidence among Population Estimate (%)","1991","","..","2026-07-09T11-45-08-76271f5a60e0","https://openstat.psa.gov.ph/PXWeb/pxweb/en/DB/DB__3D/0023C3DP020.px"
"..Catanduanes","Poverty Incidence among Population Estimate (%)","2006","41.40961","","2026-07-09T11-45-08-76271f5a60e0","https://openstat.psa.gov.ph/PXWeb/pxweb/en/DB/DB__3D/0023C3DP020.px"
"..Catanduanes","Poverty Incidence among Population Estimate (%)","2009","29.10065","","2026-07-09T11-45-08-76271f5a60e0","https://openstat.psa.gov.ph/PXWeb/pxweb/en/DB/DB__3D/0023C3DP020.px"
"..Catanduanes","Poverty Incidence among Population Estimate (%)","2012","33.79586","","2026-07-09T11-45-08-76271f5a60e0","https://openstat.psa.gov.ph/PXWeb/pxweb/en/DB/DB__3D/0023C3DP020.px"
"..Catanduanes","Poverty Incidence among Population Estimate (%)","2015","43.35849","","2026-07-09T11-45-08-76271f5a60e0","https://openstat.psa.gov.ph/PXWeb/pxweb/en/DB/DB__3D/0023C3DP020.px"
"..Catanduanes","Coefficient of Variation","1991","","..","2026-07-09T11-45-08-76271f5a60e0","https://openstat.psa.gov.ph/PXWeb/pxweb/en/DB/DB__3D/0023C3DP020.px"
"..Catanduanes","Coefficient of Variation","2006","24.3531","","2026-07-09T11-45-08-76271f5a60e0","https://openstat.psa.gov.ph/PXWeb/pxweb/en/DB/DB__3D/0023C3DP020.px"
"..Catanduanes","Coefficient of Variation","2009","28.51573","","2026-07-09T11-45-08-76271f5a60e0","https://openstat.psa.gov.ph/PXWeb/pxweb/en/DB/DB__3D/0023C3DP020.px"
"..Catanduanes","Coefficient of Variation","2012","25.94638","","2026-07-09T11-45-08-76271f5a60e0","https://openstat.psa.gov.ph/PXWeb/pxweb/en/DB/DB__3D/0023C3DP020.px"
"..Catanduanes","Coefficient of Variation","2015","2.921044","","2026-07-09T11-45-08-76271f5a60e0","https://openstat.psa.gov.ph/PXWeb/pxweb/en/DB/DB__3D/0023C3DP020.px"
"..Catanduanes","Magnitude of Poor Population Estimate","1991","","..","2026-07-09T11-45-08-76271f5a60e0","https://openstat.psa.gov.ph/PXWeb/pxweb/en/DB/DB__3D/0023C3DP020.px"
"..Catanduanes","Magnitude of Poor Population Estimate","2006","91033.2","","2026-07-09T11-45-08-76271f5a60e0","https://openstat.psa.gov.ph/PXWeb/pxweb/en/DB/DB__3D/0023C3DP020.px"
"..Catanduanes","Magnitude of Poor Population Estimate","2009","65268.12","","2026-07-09T11-45-08-76271f5a60e0","https://openstat.psa.gov.ph/PXWeb/pxweb/en/DB/DB__3D/0023C3DP020.px"
"..Catanduanes","Magnitude of Poor Population Estimate","2012","86574.22","","2026-07-09T11-45-08-76271f5a60e0","https://openstat.psa.gov.ph/PXWeb/pxweb/en/DB/DB__3D/0023C3DP020.px"
"..Catanduanes","Magnitude of Poor Population Estimate","2015","129486.3","","2026-07-09T11-45-08-76271f5a60e0","https://openstat.psa.gov.ph/PXWeb/pxweb/en/DB/DB__3D/0023C3DP020.px"
"..Masbate","Annual Per Capita Poverty Threshold  (in Pesos)","1991","","..","2026-07-09T11-45-08-76271f5a60e0","https://openstat.psa.gov.ph/PXWeb/pxweb/en/DB/DB__3D/0023C3DP020.px"
"..Masbate","Annual Per Capita Poverty Threshold  (in Pesos)","2006","12866.4327652871","","2026-07-09T11-45-08-76271f5a60e0","https://openstat.psa.gov.ph/PXWeb/pxweb/en/DB/DB__3D/0023C3DP020.px"
"..Masbate","Annual Per Capita Poverty Threshold  (in Pesos)","2009","16415.4231705571","","2026-07-09T11-45-08-76271f5a60e0","https://openstat.psa.gov.ph/PXWeb/pxweb/en/DB/DB__3D/0023C3DP020.px"
"..Masbate","Annual Per Capita Poverty Threshold  (in Pesos)","2012","17486.9683517113","","2026-07-09T11-45-08-76271f5a60e0","https://openstat.psa.gov.ph/PXWeb/pxweb/en/DB/DB__3D/0023C3DP020.px"
"..Masbate","Annual Per Capita Poverty Threshold  (in Pesos)","2015","20406","","2026-07-09T11-45-08-76271f5a60e0","https://openstat.psa.gov.ph/PXWeb/pxweb/en/DB/DB__3D/0023C3DP020.px"
"..Masbate","Poverty Incidence among Population Estimate (%)","1991","","..","2026-07-09T11-45-08-76271f5a60e0","https://openstat.psa.gov.ph/PXWeb/pxweb/en/DB/DB__3D/0023C3DP020.px"
"..Masbate","Poverty Incidence among Population Estimate (%)","2006","53.56659","","2026-07-09T11-45-08-76271f5a60e0","https://openstat.psa.gov.ph/PXWeb/pxweb/en/DB/DB__3D/0023C3DP020.px"
"..Masbate","Poverty Incidence among Population Estimate (%)","2009","56.32659","","2026-07-09T11-45-08-76271f5a60e0","https://openstat.psa.gov.ph/PXWeb/pxweb/en/DB/DB__3D/0023C3DP020.px"
"..Masbate","Poverty Incidence among Population Estimate (%)","2012","51.32306","","2026-07-09T11-45-08-76271f5a60e0","https://openstat.psa.gov.ph/PXWeb/pxweb/en/DB/DB__3D/0023C3DP020.px"
"..Masbate","Poverty Incidence among Population Estimate (%)","2015","45.44245","","2026-07-09T11-45-08-76271f5a60e0","https://openstat.psa.gov.ph/PXWeb/pxweb/en/DB/DB__3D/0023C3DP020.px"
"..Masbate","Coefficient of Variation","1991","","..","2026-07-09T11-45-08-76271f5a60e0","https://openstat.psa.gov.ph/PXWeb/pxweb/en/DB/DB__3D/0023C3DP020.px"
"..Masbate","Coefficient of Variation","2006","9.03301","","2026-07-09T11-45-08-76271f5a60e0","https://openstat.psa.gov.ph/PXWeb/pxweb/en/DB/DB__3D/0023C3DP020.px"
"..Masbate","Coefficient of Variation","2009","7.759329","","2026-07-09T11-45-08-76271f5a60e0","https://openstat.psa.gov.ph/PXWeb/pxweb/en/DB/DB__3D/0023C3DP020.px"
"..Masbate","Coefficient of Variation","2012","10.0947","","2026-07-09T11-45-08-76271f5a60e0","https://openstat.psa.gov.ph/PXWeb/pxweb/en/DB/DB__3D/0023C3DP020.px"
"..Masbate","Coefficient of Variation","2015","12.42443","","2026-07-09T11-45-08-76271f5a60e0","https://openstat.psa.gov.ph/PXWeb/pxweb/en/DB/DB__3D/0023C3DP020.px"
"..Masbate","Magnitude of Poor Population Estimate","1991","","..","2026-07-09T11-45-08-76271f5a60e0","https://openstat.psa.gov.ph/PXWeb/pxweb/en/DB/DB__3D/0023C3DP020.px"
"..Masbate","Magnitude of Poor Population Estimate","2006","434050.3","","2026-07-09T11-45-08-76271f5a60e0","https://openstat.psa.gov.ph/PXWeb/pxweb/en/DB/DB__3D/0023C3DP020.px"
"..Masbate","Magnitude of Poor Population Estimate","2009","481921.3","","2026-07-09T11-45-08-76271f5a60e0","https://openstat.psa.gov.ph/PXWeb/pxweb/en/DB/DB__3D/0023C3DP020.px"
"..Masbate","Magnitude of Poor Population Estimate","2012","448333.3","","2026-07-09T11-45-08-76271f5a60e0","https://openstat.psa.gov.ph/PXWeb/pxweb/en/DB/DB__3D/0023C3DP020.px"
"..Masbate","Magnitude of Poor Population Estimate","2015","424567.6","","2026-07-09T11-45-08-76271f5a60e0","https://openstat.psa.gov.ph/PXWeb/pxweb/en/DB/DB__3D/0023C3DP020.px"
"..Sorsogon","Annual Per Capita Poverty Threshold  (in Pesos)","1991","","..","2026-07-09T11-45-08-76271f5a60e0","https://openstat.psa.gov.ph/PXWeb/pxweb/en/DB/DB__3D/0023C3DP020.px"
"..Sorsogon","Annual Per Capita Poverty Threshold  (in Pesos)","2006","12905.1100348227","","2026-07-09T11-45-08-76271f5a60e0","https://openstat.psa.gov.ph/PXWeb/pxweb/en/DB/DB__3D/0023C3DP020.px"
"..Sorsogon","Annual Per Capita Poverty Threshold  (in Pesos)","2009","16484.0358129138","","2026-07-09T11-45-08-76271f5a60e0","https://openstat.psa.gov.ph/PXWeb/pxweb/en/DB/DB__3D/0023C3DP020.px"
"..Sorsogon","Annual Per Capita Poverty Threshold  (in Pesos)","2012","17534.6555921524","","2026-07-09T11-45-08-76271f5a60e0","https://openstat.psa.gov.ph/PXWeb/pxweb/en/DB/DB__3D/0023C3DP020.px"
"..Sorsogon","Annual Per Capita Poverty Threshold  (in Pesos)","2015","20480","","2026-07-09T11-45-08-76271f5a60e0","https://openstat.psa.gov.ph/PXWeb/pxweb/en/DB/DB__3D/0023C3DP020.px"
"..Sorsogon","Poverty Incidence among Population Estimate (%)","1991","","..","2026-07-09T11-45-08-76271f5a60e0","https://openstat.psa.gov.ph/PXWeb/pxweb/en/DB/DB__3D/0023C3DP020.px"
"..Sorsogon","Poverty Incidence among Population Estimate (%)","2006","41.15104","","2026-07-09T11-45-08-76271f5a60e0","https://openstat.psa.gov.ph/PXWeb/pxweb/en/DB/DB__3D/0023C3DP020.px"
"..Sorsogon","Poverty Incidence among Population Estimate (%)","2009","39.28132","","2026-07-09T11-45-08-76271f5a60e0","https://openstat.psa.gov.ph/PXWeb/pxweb/en/DB/DB__3D/0023C3DP020.px"
"..Sorsogon","Poverty Incidence among Population Estimate (%)","2012","40.67276","","2026-07-09T11-45-08-76271f5a60e0","https://openstat.psa.gov.ph/PXWeb/pxweb/en/DB/DB__3D/0023C3DP020.px"
"..Sorsogon","Poverty Incidence among Population Estimate (%)","2015","41.28886","","2026-07-09T11-45-08-76271f5a60e0","https://openstat.psa.gov.ph/PXWeb/pxweb/en/DB/DB__3D/0023C3DP020.px"
"..Sorsogon","Coefficient of Variation","1991","","..","2026-07-09T11-45-08-76271f5a60e0","https://openstat.psa.gov.ph/PXWeb/pxweb/en/DB/DB__3D/0023C3DP020.px"
"..Sorsogon","Coefficient of Variation","2006","10.94132","","2026-07-09T11-45-08-76271f5a60e0","https://openstat.psa.gov.ph/PXWeb/pxweb/en/DB/DB__3D/0023C3DP020.px"
"..Sorsogon","Coefficient of Variation","2009","9.184711","","2026-07-09T11-45-08-76271f5a60e0","https://openstat.psa.gov.ph/PXWeb/pxweb/en/DB/DB__3D/0023C3DP020.px"
"..Sorsogon","Coefficient of Variation","2012","12.45369","","2026-07-09T11-45-08-76271f5a60e0","https://openstat.psa.gov.ph/PXWeb/pxweb/en/DB/DB__3D/0023C3DP020.px"
"..Sorsogon","Coefficient of Variation","2015","17.70801","","2026-07-09T11-45-08-76271f5a60e0","https://openstat.psa.gov.ph/PXWeb/pxweb/en/DB/DB__3D/0023C3DP020.px"
"..Sorsogon","Magnitude of Poor Population Estimate","1991","","..","2026-07-09T11-45-08-76271f5a60e0","https://openstat.psa.gov.ph/PXWeb/pxweb/en/DB/DB__3D/0023C3DP020.px"
"..Sorsogon","Magnitude of Poor Population Estimate","2006","287944.2","","2026-07-09T11-45-08-76271f5a60e0","https://openstat.psa.gov.ph/PXWeb/pxweb/en/DB/DB__3D/0023C3DP020.px"
"..Sorsogon","Magnitude of Poor Population Estimate","2009","275807.9","","2026-07-09T11-45-08-76271f5a60e0","https://openstat.psa.gov.ph/PXWeb/pxweb/en/DB/DB__3D/0023C3DP020.px"
"..Sorsogon","Magnitude of Poor Population Estimate","2012","297931.3","","2026-07-09T11-45-08-76271f5a60e0","https://openstat.psa.gov.ph/PXWeb/pxweb/en/DB/DB__3D/0023C3DP020.px"
"..Sorsogon","Magnitude of Poor Population Estimate","2015","375178.1","","2026-07-09T11-45-08-76271f5a60e0","https://openstat.psa.gov.ph/PXWeb/pxweb/en/DB/DB__3D/0023C3DP020.px"
"Region VI","Annual Per Capita Poverty Threshold  (in Pesos)","1991","5579.6522741712","","2026-07-09T11-45-08-76271f5a60e0","https://openstat.psa.gov.ph/PXWeb/pxweb/en/DB/DB__3D/0023C3DP020.px"
"Region VI","Annual Per Capita Poverty Threshold  (in Pesos)","2006","12684.2547676399","","2026-07-09T11-45-08-76271f5a60e0","https://openstat.psa.gov.ph/PXWeb/pxweb/en/DB/DB__3D/0023C3DP020.px"
"Region VI","Annual Per Capita Poverty Threshold  (in Pesos)","2009","15971.3916124707","","2026-07-09T11-45-08-76271f5a60e0","https://openstat.psa.gov.ph/PXWeb/pxweb/en/DB/DB__3D/0023C3DP020.px"
"Region VI","Annual Per Capita Poverty Threshold  (in Pesos)","2012","18028.9745522067","","2026-07-09T11-45-08-76271f5a60e0","https://openstat.psa.gov.ph/PXWeb/pxweb/en/DB/DB__3D/0023C3DP020.px"
"Region VI","Annual Per Capita Poverty Threshold  (in Pesos)","2015","21070","","2026-07-09T11-45-08-76271f5a60e0","https://openstat.psa.gov.ph/PXWeb/pxweb/en/DB/DB__3D/0023C3DP020.px"
"Region VI","Poverty Incidence among Population Estimate (%)","1991","39.55503","","2026-07-09T11-45-08-76271f5a60e0","https://openstat.psa.gov.ph/PXWeb/pxweb/en/DB/DB__3D/0023C3DP020.px"
"Region VI","Poverty Incidence among Population Estimate (%)","2006","29.0808","","2026-07-09T11-45-08-76271f5a60e0","https://openstat.psa.gov.ph/PXWeb/pxweb/en/DB/DB__3D/0023C3DP020.px"
"Region VI","Poverty Incidence among Population Estimate (%)","2009","30.80037","","2026-07-09T11-45-08-76271f5a60e0","https://openstat.psa.gov.ph/PXWeb/pxweb/en/DB/DB__3D/0023C3DP020.px"
"Region VI","Poverty Incidence among Population Estimate (%)","2012","29.13528","","2026-07-09T11-45-08-76271f5a60e0","https://openstat.psa.gov.ph/PXWeb/pxweb/en/DB/DB__3D/0023C3DP020.px"
"Region VI","Poverty Incidence among Population Estimate (%)","2015","22.43389","","2026-07-09T11-45-08-76271f5a60e0","https://openstat.psa.gov.ph/PXWeb/pxweb/en/DB/DB__3D/0023C3DP020.px"
"Region VI","Coefficient of Variation","1991","4.709223","","2026-07-09T11-45-08-76271f5a60e0","https://openstat.psa.gov.ph/PXWeb/pxweb/en/DB/DB__3D/0023C3DP020.px"
"Region VI","Coefficient of Variation","2006","6.02047","","2026-07-09T11-45-08-76271f5a60e0","https://openstat.psa.gov.ph/PXWeb/pxweb/en/DB/DB__3D/0023C3DP020.px"
"Region VI","Coefficient of Variation","2009","5.874078","","2026-07-09T11-45-08-76271f5a60e0","https://openstat.psa.gov.ph/PXWeb/pxweb/en/DB/DB__3D/0023C3DP020.px"
"Region VI","Coefficient of Variation","2012","5.917222","","2026-07-09T11-45-08-76271f5a60e0","https://openstat.psa.gov.ph/PXWeb/pxweb/en/DB/DB__3D/0023C3DP020.px"
"Region VI","Coefficient of Variation","2015","10.62701","","2026-07-09T11-45-08-76271f5a60e0","https://openstat.psa.gov.ph/PXWeb/pxweb/en/DB/DB__3D/0023C3DP020.px"
"Region VI","Magnitude of Poor Population Estimate","1991","2256410","","2026-07-09T11-45-08-76271f5a60e0","https://openstat.psa.gov.ph/PXWeb/pxweb/en/DB/DB__3D/0023C3DP020.px"
"Region VI","Magnitude of Poor Population Estimate","2006","1942554","","2026-07-09T11-45-08-76271f5a60e0","https://openstat.psa.gov.ph/PXWeb/pxweb/en/DB/DB__3D/0023C3DP020.px"
"Region VI","Magnitude of Poor Population Estimate","2009","2110806","","2026-07-09T11-45-08-76271f5a60e0","https://openstat.psa.gov.ph/PXWeb/pxweb/en/DB/DB__3D/0023C3DP020.px"
"Region VI","Magnitude of Poor Population Estimate","2012","2088471","","2026-07-09T11-45-08-76271f5a60e0","https://openstat.psa.gov.ph/PXWeb/pxweb/en/DB/DB__3D/0023C3DP020.px"
"Region VI","Magnitude of Poor Population Estimate","2015","1728397","","2026-07-09T11-45-08-76271f5a60e0","https://openstat.psa.gov.ph/PXWeb/pxweb/en/DB/DB__3D/0023C3DP020.px"
"..Aklan","Annual Per Capita Poverty Threshold  (in Pesos)","1991","","..","2026-07-09T11-45-08-76271f5a60e0","https://openstat.psa.gov.ph/PXWeb/pxweb/en/DB/DB__3D/0023C3DP020.px"
"..Aklan","Annual Per Capita Poverty Threshold  (in Pesos)","2006","13235.1238722612","","2026-07-09T11-45-08-76271f5a60e0","https://openstat.psa.gov.ph/PXWeb/pxweb/en/DB/DB__3D/0023C3DP020.px"
"..Aklan","Annual Per Capita Poverty Threshold  (in Pesos)","2009","16757.8691106974","","2026-07-09T11-45-08-76271f5a60e0","https://openstat.psa.gov.ph/PXWeb/pxweb/en/DB/DB__3D/0023C3DP020.px"
"..Aklan","Annual Per Capita Poverty Threshold  (in Pesos)","2012","17706.87383646","","2026-07-09T11-45-08-76271f5a60e0","https://openstat.psa.gov.ph/PXWeb/pxweb/en/DB/DB__3D/0023C3DP020.px"
"..Aklan","Annual Per Capita Poverty Threshold  (in Pesos)","2015","21387","","2026-07-09T11-45-08-76271f5a60e0","https://openstat.psa.gov.ph/PXWeb/pxweb/en/DB/DB__3D/0023C3DP020.px"
"..Aklan","Poverty Incidence among Population Estimate (%)","1991","","..","2026-07-09T11-45-08-76271f5a60e0","https://openstat.psa.gov.ph/PXWeb/pxweb/en/DB/DB__3D/0023C3DP020.px"
"..Aklan","Poverty Incidence among Population Estimate (%)","2006","41.77506","","2026-07-09T11-45-08-76271f5a60e0","https://openstat.psa.gov.ph/PXWeb/pxweb/en/DB/DB__3D/0023C3DP020.px"
"..Aklan","Poverty Incidence among Population Estimate (%)","2009","44.71313","","2026-07-09T11-45-08-76271f5a60e0","https://openstat.psa.gov.ph/PXWeb/pxweb/en/DB/DB__3D/0023C3DP020.px"
"..Aklan","Poverty Incidence among Population Estimate (%)","2012","24.96618","","2026-07-09T11-45-08-76271f5a60e0","https://openstat.psa.gov.ph/PXWeb/pxweb/en/DB/DB__3D/0023C3DP020.px"
"..Aklan","Poverty Incidence among Population Estimate (%)","2015","14.9334","","2026-07-09T11-45-08-76271f5a60e0","https://openstat.psa.gov.ph/PXWeb/pxweb/en/DB/DB__3D/0023C3DP020.px"
"..Aklan","Coefficient of Variation","1991","","..","2026-07-09T11-45-08-76271f5a60e0","https://openstat.psa.gov.ph/PXWeb/pxweb/en/DB/DB__3D/0023C3DP020.px"
"..Aklan","Coefficient of Variation","2006","14.01729","","2026-07-09T11-45-08-76271f5a60e0","https://openstat.psa.gov.ph/PXWeb/pxweb/en/DB/DB__3D/0023C3DP020.px"
"..Aklan","Coefficient of Variation","2009","15.85696","","2026-07-09T11-45-08-76271f5a60e0","https://openstat.psa.gov.ph/PXWeb/pxweb/en/DB/DB__3D/0023C3DP020.px"
"..Aklan","Coefficient of Variation","2012","23.78147","","2026-07-09T11-45-08-76271f5a60e0","https://openstat.psa.gov.ph/PXWeb/pxweb/en/DB/DB__3D/0023C3DP020.px"
"..Aklan","Coefficient of Variation","2015","10.36332","","2026-07-09T11-45-08-76271f5a60e0","https://openstat.psa.gov.ph/PXWeb/pxweb/en/DB/DB__3D/0023C3DP020.px"
"..Aklan","Magnitude of Poor Population Estimate","1991","","..","2026-07-09T11-45-08-76271f5a60e0","https://openstat.psa.gov.ph/PXWeb/pxweb/en/DB/DB__3D/0023C3DP020.px"
"..Aklan","Magnitude of Poor Population Estimate","2006","207009.2","","2026-07-09T11-45-08-76271f5a60e0","https://openstat.psa.gov.ph/PXWeb/pxweb/en/DB/DB__3D/0023C3DP020.px"
"..Aklan","Magnitude of Poor Population Estimate","2009","219710.9","","2026-07-09T11-45-08-76271f5a60e0","https://openstat.psa.gov.ph/PXWeb/pxweb/en/DB/DB__3D/0023C3DP020.px"
"..Aklan","Magnitude of Poor Population Estimate","2012","136917.3","","2026-07-09T11-45-08-76271f5a60e0","https://openstat.psa.gov.ph/PXWeb/pxweb/en/DB/DB__3D/0023C3DP020.px"
"..Aklan","Magnitude of Poor Population Estimate","2015","67198.65","","2026-07-09T11-45-08-76271f5a60e0","https://openstat.psa.gov.ph/PXWeb/pxweb/en/DB/DB__3D/0023C3DP020.px"
"..Antique b/","Annual Per Capita Poverty Threshold  (in Pesos)","1991","","..","2026-07-09T11-45-08-76271f5a60e0","https://openstat.psa.gov.ph/PXWeb/pxweb/en/DB/DB__3D/0023C3DP020.px"
"..Antique b/","Annual Per Capita Poverty Threshold  (in Pesos)","2006","13496.5618933159","","2026-07-09T11-45-08-76271f5a60e0","https://openstat.psa.gov.ph/PXWeb/pxweb/en/DB/DB__3D/0023C3DP020.px"
"..Antique b/","Annual Per Capita Poverty Threshold  (in Pesos)","2009","17050.2583284559","","2026-07-09T11-45-08-76271f5a60e0","https://openstat.psa.gov.ph/PXWeb/pxweb/en/DB/DB__3D/0023C3DP020.px"
"..Antique b/","Annual Per Capita Poverty Threshold  (in Pesos)","2012","17159.9169411428","","2026-07-09T11-45-08-76271f5a60e0","https://openstat.psa.gov.ph/PXWeb/pxweb/en/DB/DB__3D/0023C3DP020.px"
"..Antique b/","Annual Per Capita Poverty Threshold  (in Pesos)","2015","20382","","2026-07-09T11-45-08-76271f5a60e0","https://openstat.psa.gov.ph/PXWeb/pxweb/en/DB/DB__3D/0023C3DP020.px"
"..Antique b/","Poverty Incidence among Population Estimate (%)","1991","","..","2026-07-09T11-45-08-76271f5a60e0","https://openstat.psa.gov.ph/PXWeb/pxweb/en/DB/DB__3D/0023C3DP020.px"
"..Antique b/","Poverty Incidence among Population Estimate (%)","2006","51.60506","","2026-07-09T11-45-08-76271f5a60e0","https://openstat.psa.gov.ph/PXWeb/pxweb/en/DB/DB__3D/0023C3DP020.px"
"..Antique b/","Poverty Incidence among Population Estimate (%)","2009","44.25335","","2026-07-09T11-45-08-76271f5a60e0","https://openstat.psa.gov.ph/PXWeb/pxweb/en/DB/DB__3D/0023C3DP020.px"
"..Antique b/","Poverty Incidence among Population Estimate (%)","2012","30.89693","","2026-07-09T11-45-08-76271f5a60e0","https://openstat.psa.gov.ph/PXWeb/pxweb/en/DB/DB__3D/0023C3DP020.px"
"..Antique b/","Poverty Incidence among Population Estimate (%)","2015","26.02947","","2026-07-09T11-45-08-76271f5a60e0","https://openstat.psa.gov.ph/PXWeb/pxweb/en/DB/DB__3D/0023C3DP020.px"
"..Antique b/","Coefficient of Variation","1991","","..","2026-07-09T11-45-08-76271f5a60e0","https://openstat.psa.gov.ph/PXWeb/pxweb/en/DB/DB__3D/0023C3DP020.px"
"..Antique b/","Coefficient of Variation","2006","14.69923","","2026-07-09T11-45-08-76271f5a60e0","https://openstat.psa.gov.ph/PXWeb/pxweb/en/DB/DB__3D/0023C3DP020.px"
"..Antique b/","Coefficient of Variation","2009","14.51728","","2026-07-09T11-45-08-76271f5a60e0","https://openstat.psa.gov.ph/PXWeb/pxweb/en/DB/DB__3D/0023C3DP020.px"
"..Antique b/","Coefficient of Variation","2012","19.98487","","2026-07-09T11-45-08-76271f5a60e0","https://openstat.psa.gov.ph/PXWeb/pxweb/en/DB/DB__3D/0023C3DP020.px"
"..Antique b/","Coefficient of Variation","2015","21.32588","","2026-07-09T11-45-08-76271f5a60e0","https://openstat.psa.gov.ph/PXWeb/pxweb/en/DB/DB__3D/0023C3DP020.px"
"..Antique b/","Magnitude of Poor Population Estimate","1991","","..","2026-07-09T11-45-08-76271f5a60e0","https://openstat.psa.gov.ph/PXWeb/pxweb/en/DB/DB__3D/0023C3DP020.px"
"..Antique b/","Magnitude of Poor Population Estimate","2006","258538.7","","2026-07-09T11-45-08-76271f5a60e0","https://openstat.psa.gov.ph/PXWeb/pxweb/en/DB/DB__3D/0023C3DP020.px"
"..Antique b/","Magnitude of Poor Population Estimate","2009","205288.3","","2026-07-09T11-45-08-76271f5a60e0","https://openstat.psa.gov.ph/PXWeb/pxweb/en/DB/DB__3D/0023C3DP020.px"
"..Antique b/","Magnitude of Poor Population Estimate","2012","160625","","2026-07-09T11-45-08-76271f5a60e0","https://openstat.psa.gov.ph/PXWeb/pxweb/en/DB/DB__3D/0023C3DP020.px"
"..Antique b/","Magnitude of Poor Population Estimate","2015","126943.3","","2026-07-09T11-45-08-76271f5a60e0","https://openstat.psa.gov.ph/PXWeb/pxweb/en/DB/DB__3D/0023C3DP020.px"
"..Capiz b/","Annual Per Capita Poverty Threshold  (in Pesos)","1991","","..","2026-07-09T11-45-08-76271f5a60e0","https://openstat.psa.gov.ph/PXWeb/pxweb/en/DB/DB__3D/0023C3DP020.px"
"..Capiz b/","Annual Per Capita Poverty Threshold  (in Pesos)","2006","13595.7557147172","","2026-07-09T11-45-08-76271f5a60e0","https://openstat.psa.gov.ph/PXWeb/pxweb/en/DB/DB__3D/0023C3DP020.px"
"..Capiz b/","Annual Per Capita Poverty Threshold  (in Pesos)","2009","17247.6682243334","","2026-07-09T11-45-08-76271f5a60e0","https://openstat.psa.gov.ph/PXWeb/pxweb/en/DB/DB__3D/0023C3DP020.px"
"..Capiz b/","Annual Per Capita Poverty Threshold  (in Pesos)","2012","20144.4045221229","","2026-07-09T11-45-08-76271f5a60e0","https://openstat.psa.gov.ph/PXWeb/pxweb/en/DB/DB__3D/0023C3DP020.px"
"..Capiz b/","Annual Per Capita Poverty Threshold  (in Pesos)","2015","21146","","2026-07-09T11-45-08-76271f5a60e0","https://openstat.psa.gov.ph/PXWeb/pxweb/en/DB/DB__3D/0023C3DP020.px"
"..Capiz b/","Poverty Incidence among Population Estimate (%)","1991","","..","2026-07-09T11-45-08-76271f5a60e0","https://openstat.psa.gov.ph/PXWeb/pxweb/en/DB/DB__3D/0023C3DP020.px"
"..Capiz b/","Poverty Incidence among Population Estimate (%)","2006","29.92167","","2026-07-09T11-45-08-76271f5a60e0","https://openstat.psa.gov.ph/PXWeb/pxweb/en/DB/DB__3D/0023C3DP020.px"
"..Capiz b/","Poverty Incidence among Population Estimate (%)","2009","28.9562","","2026-07-09T11-45-08-76271f5a60e0","https://openstat.psa.gov.ph/PXWeb/pxweb/en/DB/DB__3D/0023C3DP020.px"
"..Capiz b/","Poverty Incidence among Population Estimate (%)","2012","27.76401","","2026-07-09T11-45-08-76271f5a60e0","https://openstat.psa.gov.ph/PXWeb/pxweb/en/DB/DB__3D/0023C3DP020.px"
"..Capiz b/","Poverty Incidence among Population Estimate (%)","2015","12.92128","","2026-07-09T11-45-08-76271f5a60e0","https://openstat.psa.gov.ph/PXWeb/pxweb/en/DB/DB__3D/0023C3DP020.px"
"..Capiz b/","Coefficient of Variation","1991","","..","2026-07-09T11-45-08-76271f5a60e0","https://openstat.psa.gov.ph/PXWeb/pxweb/en/DB/DB__3D/0023C3DP020.px"
"..Capiz b/","Coefficient of Variation","2006","12.04994","","2026-07-09T11-45-08-76271f5a60e0","https://openstat.psa.gov.ph/PXWeb/pxweb/en/DB/DB__3D/0023C3DP020.px"
"..Capiz b/","Coefficient of Variation","2009","32.14503","","2026-07-09T11-45-08-76271f5a60e0","https://openstat.psa.gov.ph/PXWeb/pxweb/en/DB/DB__3D/0023C3DP020.px"
"..Capiz b/","Coefficient of Variation","2012","19.05287","","2026-07-09T11-45-08-76271f5a60e0","https://openstat.psa.gov.ph/PXWeb/pxweb/en/DB/DB__3D/0023C3DP020.px"
"..Capiz b/","Coefficient of Variation","2015","48.22101","","2026-07-09T11-45-08-76271f5a60e0","https://openstat.psa.gov.ph/PXWeb/pxweb/en/DB/DB__3D/0023C3DP020.px"
"..Capiz b/","Magnitude of Poor Population Estimate","1991","","..","2026-07-09T11-45-08-76271f5a60e0","https://openstat.psa.gov.ph/PXWeb/pxweb/en/DB/DB__3D/0023C3DP020.px"
"..Capiz b/","Magnitude of Poor Population Estimate","2006","208857.7","","2026-07-09T11-45-08-76271f5a60e0","https://openstat.psa.gov.ph/PXWeb/pxweb/en/DB/DB__3D/0023C3DP020.px"
"..Capiz b/","Magnitude of Poor Population Estimate","2009","201098.9","","2026-07-09T11-45-08-76271f5a60e0","https://openstat.psa.gov.ph/PXWeb/pxweb/en/DB/DB__3D/0023C3DP020.px"
"..Capiz b/","Magnitude of Poor Population Estimate","2012","208208.2","","2026-07-09T11-45-08-76271f5a60e0","https://openstat.psa.gov.ph/PXWeb/pxweb/en/DB/DB__3D/0023C3DP020.px"
"..Capiz b/","Magnitude of Poor Population Estimate","2015","118677.5","","2026-07-09T11-45-08-76271f5a60e0","https://openstat.psa.gov.ph/PXWeb/pxweb/en/DB/DB__3D/0023C3DP020.px"
"..Guimaras b/, c/","Annual Per Capita Poverty Threshold  (in Pesos)","1991","","..","2026-07-09T11-45-08-76271f5a60e0","https://openstat.psa.gov.ph/PXWeb/pxweb/en/DB/DB__3D/0023C3DP020.px"
"..Guimaras b/, c/","Annual Per Capita Poverty Threshold  (in Pesos)","2006","12797.5869969927","","2026-07-09T11-45-08-76271f5a60e0","https://openstat.psa.gov.ph/PXWeb/pxweb/en/DB/DB__3D/0023C3DP020.px"
"..Guimaras b/, c/","Annual Per Capita Poverty Threshold  (in Pesos)","2009","16203.8808535014","","2026-07-09T11-45-08-76271f5a60e0","https://openstat.psa.gov.ph/PXWeb/pxweb/en/DB/DB__3D/0023C3DP020.px"
"..Guimaras b/, c/","Annual Per Capita Poverty Threshold  (in Pesos)","2012","18925.7482457397","","2026-07-09T11-45-08-76271f5a60e0","https://openstat.psa.gov.ph/PXWeb/pxweb/en/DB/DB__3D/0023C3DP020.px"
"..Guimaras b/, c/","Annual Per Capita Poverty Threshold  (in Pesos)","2015","23136","","2026-07-09T11-45-08-76271f5a60e0","https://openstat.psa.gov.ph/PXWeb/pxweb/en/DB/DB__3D/0023C3DP020.px"
"..Guimaras b/, c/","Poverty Incidence among Population Estimate (%)","1991","","..","2026-07-09T11-45-08-76271f5a60e0","https://openstat.psa.gov.ph/PXWeb/pxweb/en/DB/DB__3D/0023C3DP020.px"
"..Guimaras b/, c/","Poverty Incidence among Population Estimate (%)","2006","25.29964","","2026-07-09T11-45-08-76271f5a60e0","https://openstat.psa.gov.ph/PXWeb/pxweb/en/DB/DB__3D/0023C3DP020.px"
"..Guimaras b/, c/","Poverty Incidence among Population Estimate (%)","2009","20.72777","","2026-07-09T11-45-08-76271f5a60e0","https://openstat.psa.gov.ph/PXWeb/pxweb/en/DB/DB__3D/0023C3DP020.px"
"..Guimaras b/, c/","Poverty Incidence among Population Estimate (%)","2012","25.19621","","2026-07-09T11-45-08-76271f5a60e0","https://openstat.psa.gov.ph/PXWeb/pxweb/en/DB/DB__3D/0023C3DP020.px"
"..Guimaras b/, c/","Poverty Incidence among Population Estimate (%)","2015","5.22023","","2026-07-09T11-45-08-76271f5a60e0","https://openstat.psa.gov.ph/PXWeb/pxweb/en/DB/DB__3D/0023C3DP020.px"
"..Guimaras b/, c/","Coefficient of Variation","1991","","..","2026-07-09T11-45-08-76271f5a60e0","https://openstat.psa.gov.ph/PXWeb/pxweb/en/DB/DB__3D/0023C3DP020.px"
"..Guimaras b/, c/","Coefficient of Variation","2006","28.3071","","2026-07-09T11-45-08-76271f5a60e0","https://openstat.psa.gov.ph/PXWeb/pxweb/en/DB/DB__3D/0023C3DP020.px"
"..Guimaras b/, c/","Coefficient of Variation","2009","38.0205","","2026-07-09T11-45-08-76271f5a60e0","https://openstat.psa.gov.ph/PXWeb/pxweb/en/DB/DB__3D/0023C3DP020.px"
"..Guimaras b/, c/","Coefficient of Variation","2012","33.94128","","2026-07-09T11-45-08-76271f5a60e0","https://openstat.psa.gov.ph/PXWeb/pxweb/en/DB/DB__3D/0023C3DP020.px"
"..Guimaras b/, c/","Coefficient of Variation","2015","62.45423","","2026-07-09T11-45-08-76271f5a60e0","https://openstat.psa.gov.ph/PXWeb/pxweb/en/DB/DB__3D/0023C3DP020.px"
"..Guimaras b/, c/","Magnitude of Poor Population Estimate","1991","","..","2026-07-09T11-45-08-76271f5a60e0","https://openstat.psa.gov.ph/PXWeb/pxweb/en/DB/DB__3D/0023C3DP020.px"
"..Guimaras b/, c/","Magnitude of Poor Population Estimate","2006","38434.75","","2026-07-09T11-45-08-76271f5a60e0","https://openstat.psa.gov.ph/PXWeb/pxweb/en/DB/DB__3D/0023C3DP020.px"
"..Guimaras b/, c/","Magnitude of Poor Population Estimate","2009","37036.11","","2026-07-09T11-45-08-76271f5a60e0","https://openstat.psa.gov.ph/PXWeb/pxweb/en/DB/DB__3D/0023C3DP020.px"
"..Guimaras b/, c/","Magnitude of Poor Population Estimate","2012","40089.94","","2026-07-09T11-45-08-76271f5a60e0","https://openstat.psa.gov.ph/PXWeb/pxweb/en/DB/DB__3D/0023C3DP020.px"
"..Guimaras b/, c/","Magnitude of Poor Population Estimate","2015","8434.898","","2026-07-09T11-45-08-76271f5a60e0","https://openstat.psa.gov.ph/PXWeb/pxweb/en/DB/DB__3D/0023C3DP020.px"
"..Iloilo","Annual Per Capita Poverty Threshold  (in Pesos)","1991","","..","2026-07-09T11-45-08-76271f5a60e0","https://openstat.psa.gov.ph/PXWeb/pxweb/en/DB/DB__3D/0023C3DP020.px"
"..Iloilo","Annual Per Capita Poverty Threshold  (in Pesos)","2006","12964.5223411726","","2026-07-09T11-45-08-76271f5a60e0","https://openstat.psa.gov.ph/PXWeb/pxweb/en/DB/DB__3D/0023C3DP020.px"
"..Iloilo","Annual Per Capita Poverty Threshold  (in Pesos)","2009","16448.4995431064","","2026-07-09T11-45-08-76271f5a60e0","https://openstat.psa.gov.ph/PXWeb/pxweb/en/DB/DB__3D/0023C3DP020.px"
"..Iloilo","Annual Per Capita Poverty Threshold  (in Pesos)","2012","18827.0467206249","","2026-07-09T11-45-08-76271f5a60e0","https://openstat.psa.gov.ph/PXWeb/pxweb/en/DB/DB__3D/0023C3DP020.px"
"..Iloilo","Annual Per Capita Poverty Threshold  (in Pesos)","2015","22117","","2026-07-09T11-45-08-76271f5a60e0","https://openstat.psa.gov.ph/PXWeb/pxweb/en/DB/DB__3D/0023C3DP020.px"
"..Iloilo","Poverty Incidence among Population Estimate (%)","1991","","..","2026-07-09T11-45-08-76271f5a60e0","https://openstat.psa.gov.ph/PXWeb/pxweb/en/DB/DB__3D/0023C3DP020.px"
"..Iloilo","Poverty Incidence among Population Estimate (%)","2006","21.7611","","2026-07-09T11-45-08-76271f5a60e0","https://openstat.psa.gov.ph/PXWeb/pxweb/en/DB/DB__3D/0023C3DP020.px"
"..Iloilo","Poverty Incidence among Population Estimate (%)","2009","26.619","","2026-07-09T11-45-08-76271f5a60e0","https://openstat.psa.gov.ph/PXWeb/pxweb/en/DB/DB__3D/0023C3DP020.px"
"..Iloilo","Poverty Incidence among Population Estimate (%)","2012","26.20953","","2026-07-09T11-45-08-76271f5a60e0","https://openstat.psa.gov.ph/PXWeb/pxweb/en/DB/DB__3D/0023C3DP020.px"
"..Iloilo","Poverty Incidence among Population Estimate (%)","2015","20.0396","","2026-07-09T11-45-08-76271f5a60e0","https://openstat.psa.gov.ph/PXWeb/pxweb/en/DB/DB__3D/0023C3DP020.px"
"..Iloilo","Coefficient of Variation","1991","","..","2026-07-09T11-45-08-76271f5a60e0","https://openstat.psa.gov.ph/PXWeb/pxweb/en/DB/DB__3D/0023C3DP020.px"
"..Iloilo","Coefficient of Variation","2006","14.00461","","2026-07-09T11-45-08-76271f5a60e0","https://openstat.psa.gov.ph/PXWeb/pxweb/en/DB/DB__3D/0023C3DP020.px"
"..Iloilo","Coefficient of Variation","2009","10.16862","","2026-07-09T11-45-08-76271f5a60e0","https://openstat.psa.gov.ph/PXWeb/pxweb/en/DB/DB__3D/0023C3DP020.px"
"..Iloilo","Coefficient of Variation","2012","11.33522","","2026-07-09T11-45-08-76271f5a60e0","https://openstat.psa.gov.ph/PXWeb/pxweb/en/DB/DB__3D/0023C3DP020.px"
"..Iloilo","Coefficient of Variation","2015","19.18503","","2026-07-09T11-45-08-76271f5a60e0","https://openstat.psa.gov.ph/PXWeb/pxweb/en/DB/DB__3D/0023C3DP020.px"
"..Iloilo","Magnitude of Poor Population Estimate","1991","","..","2026-07-09T11-45-08-76271f5a60e0","https://openstat.psa.gov.ph/PXWeb/pxweb/en/DB/DB__3D/0023C3DP020.px"
"..Iloilo","Magnitude of Poor Population Estimate","2006","453617","","2026-07-09T11-45-08-76271f5a60e0","https://openstat.psa.gov.ph/PXWeb/pxweb/en/DB/DB__3D/0023C3DP020.px"
"..Iloilo","Magnitude of Poor Population Estimate","2009","563571.5","","2026-07-09T11-45-08-76271f5a60e0","https://openstat.psa.gov.ph/PXWeb/pxweb/en/DB/DB__3D/0023C3DP020.px"
"..Iloilo","Magnitude of Poor Population Estimate","2012","580936.7","","2026-07-09T11-45-08-76271f5a60e0","https://openstat.psa.gov.ph/PXWeb/pxweb/en/DB/DB__3D/0023C3DP020.px"
"..Iloilo","Magnitude of Poor Population Estimate","2015","540001.4","","2026-07-09T11-45-08-76271f5a60e0","https://openstat.psa.gov.ph/PXWeb/pxweb/en/DB/DB__3D/0023C3DP020.px"
"..Negros Occidental","Annual Per Capita Poverty Threshold  (in Pesos)","1991","","..","2026-07-09T11-45-08-76271f5a60e0","https://openstat.psa.gov.ph/PXWeb/pxweb/en/DB/DB__3D/0023C3DP020.px"
"..Negros Occidental","Annual Per Capita Poverty Threshold  (in Pesos)","2006","11825.7910886874","","2026-07-09T11-45-08-76271f5a60e0","https://openstat.psa.gov.ph/PXWeb/pxweb/en/DB/DB__3D/0023C3DP020.px"
"..Negros Occidental","Annual Per Capita Poverty Threshold  (in Pesos)","2009","14921.2514172113","","2026-07-09T11-45-08-76271f5a60e0","https://openstat.psa.gov.ph/PXWeb/pxweb/en/DB/DB__3D/0023C3DP020.px"
"..Negros Occidental","Annual Per Capita Poverty Threshold  (in Pesos)","2012","17242.5109787161","","2026-07-09T11-45-08-76271f5a60e0","https://openstat.psa.gov.ph/PXWeb/pxweb/en/DB/DB__3D/0023C3DP020.px"
"..Negros Occidental","Annual Per Capita Poverty Threshold  (in Pesos)","2015","20464","","2026-07-09T11-45-08-76271f5a60e0","https://openstat.psa.gov.ph/PXWeb/pxweb/en/DB/DB__3D/0023C3DP020.px"
"..Negros Occidental","Poverty Incidence among Population Estimate (%)","1991","","..","2026-07-09T11-45-08-76271f5a60e0","https://openstat.psa.gov.ph/PXWeb/pxweb/en/DB/DB__3D/0023C3DP020.px"
"..Negros Occidental","Poverty Incidence among Population Estimate (%)","2006","28.23341","","2026-07-09T11-45-08-76271f5a60e0","https://openstat.psa.gov.ph/PXWeb/pxweb/en/DB/DB__3D/0023C3DP020.px"
"..Negros Occidental","Poverty Incidence among Population Estimate (%)","2009","30.40693","","2026-07-09T11-45-08-76271f5a60e0","https://openstat.psa.gov.ph/PXWeb/pxweb/en/DB/DB__3D/0023C3DP020.px"
"..Negros Occidental","Poverty Incidence among Population Estimate (%)","2012","32.3328","","2026-07-09T11-45-08-76271f5a60e0","https://openstat.psa.gov.ph/PXWeb/pxweb/en/DB/DB__3D/0023C3DP020.px"
"..Negros Occidental","Poverty Incidence among Population Estimate (%)","2015","28.98197","","2026-07-09T11-45-08-76271f5a60e0","https://openstat.psa.gov.ph/PXWeb/pxweb/en/DB/DB__3D/0023C3DP020.px"
"..Negros Occidental","Coefficient of Variation","1991","","..","2026-07-09T11-45-08-76271f5a60e0","https://openstat.psa.gov.ph/PXWeb/pxweb/en/DB/DB__3D/0023C3DP020.px"
"..Negros Occidental","Coefficient of Variation","2006","9.406013","","2026-07-09T11-45-08-76271f5a60e0","https://openstat.psa.gov.ph/PXWeb/pxweb/en/DB/DB__3D/0023C3DP020.px"
"..Negros Occidental","Coefficient of Variation","2009","8.140699","","2026-07-09T11-45-08-76271f5a60e0","https://openstat.psa.gov.ph/PXWeb/pxweb/en/DB/DB__3D/0023C3DP020.px"
"..Negros Occidental","Coefficient of Variation","2012","8.634739","","2026-07-09T11-45-08-76271f5a60e0","https://openstat.psa.gov.ph/PXWeb/pxweb/en/DB/DB__3D/0023C3DP020.px"
"..Negros Occidental","Coefficient of Variation","2015","14.53355","","2026-07-09T11-45-08-76271f5a60e0","https://openstat.psa.gov.ph/PXWeb/pxweb/en/DB/DB__3D/0023C3DP020.px"
"..Negros Occidental","Magnitude of Poor Population Estimate","1991","","..","2026-07-09T11-45-08-76271f5a60e0","https://openstat.psa.gov.ph/PXWeb/pxweb/en/DB/DB__3D/0023C3DP020.px"
"..Negros Occidental","Magnitude of Poor Population Estimate","2006","776096.9","","2026-07-09T11-45-08-76271f5a60e0","https://openstat.psa.gov.ph/PXWeb/pxweb/en/DB/DB__3D/0023C3DP020.px"
"..Negros Occidental","Magnitude of Poor Population Estimate","2009","884100.4","","2026-07-09T11-45-08-76271f5a60e0","https://openstat.psa.gov.ph/PXWeb/pxweb/en/DB/DB__3D/0023C3DP020.px"
"..Negros Occidental","Magnitude of Poor Population Estimate","2012","961694.2","","2026-07-09T11-45-08-76271f5a60e0","https://openstat.psa.gov.ph/PXWeb/pxweb/en/DB/DB__3D/0023C3DP020.px"
"..Negros Occidental","Magnitude of Poor Population Estimate","2015","867141.1","","2026-07-09T11-45-08-76271f5a60e0","https://openstat.psa.gov.ph/PXWeb/pxweb/en/DB/DB__3D/0023C3DP020.px"
"Region VII","Annual Per Capita Poverty Threshold  (in Pesos)","1991","5669.884322078","","2026-07-09T11-45-08-76271f5a60e0","https://openstat.psa.gov.ph/PXWeb/pxweb/en/DB/DB__3D/0023C3DP020.px"
"Region VII","Annual Per Capita Poverty Threshold  (in Pesos)","2006","13962.6793094161","","2026-07-09T11-45-08-76271f5a60e0","https://openstat.psa.gov.ph/PXWeb/pxweb/en/DB/DB__3D/0023C3DP020.px"
"Region VII","Annual Per Capita Poverty Threshold  (in Pesos)","2009","16662.3760514789","","2026-07-09T11-45-08-76271f5a60e0","https://openstat.psa.gov.ph/PXWeb/pxweb/en/DB/DB__3D/0023C3DP020.px"
"Region VII","Annual Per Capita Poverty Threshold  (in Pesos)","2012","18766.7397300409","","2026-07-09T11-45-08-76271f5a60e0","https://openstat.psa.gov.ph/PXWeb/pxweb/en/DB/DB__3D/0023C3DP020.px"
"Region VII","Annual Per Capita Poverty Threshold  (in Pesos)","2015","21914","","2026-07-09T11-45-08-76271f5a60e0","https://openstat.psa.gov.ph/PXWeb/pxweb/en/DB/DB__3D/0023C3DP020.px"
"Region VII","Poverty Incidence among Population Estimate (%)","1991","43.64526","","2026-07-09T11-45-08-76271f5a60e0","https://openstat.psa.gov.ph/PXWeb/pxweb/en/DB/DB__3D/0023C3DP020.px"
"Region VII","Poverty Incidence among Population Estimate (%)","2006","35.89851","","2026-07-09T11-45-08-76271f5a60e0","https://openstat.psa.gov.ph/PXWeb/pxweb/en/DB/DB__3D/0023C3DP020.px"
"Region VII","Poverty Incidence among Population Estimate (%)","2009","31.00908","","2026-07-09T11-45-08-76271f5a60e0","https://openstat.psa.gov.ph/PXWeb/pxweb/en/DB/DB__3D/0023C3DP020.px"
"Region VII","Poverty Incidence among Population Estimate (%)","2012","30.21944","","2026-07-09T11-45-08-76271f5a60e0","https://openstat.psa.gov.ph/PXWeb/pxweb/en/DB/DB__3D/0023C3DP020.px"
"Region VII","Poverty Incidence among Population Estimate (%)","2015","27.62903","","2026-07-09T11-45-08-76271f5a60e0","https://openstat.psa.gov.ph/PXWeb/pxweb/en/DB/DB__3D/0023C3DP020.px"
"Region VII","Coefficient of Variation","1991","6.257722","","2026-07-09T11-45-08-76271f5a60e0","https://openstat.psa.gov.ph/PXWeb/pxweb/en/DB/DB__3D/0023C3DP020.px"
"Region VII","Coefficient of Variation","2006","5.746968","","2026-07-09T11-45-08-76271f5a60e0","https://openstat.psa.gov.ph/PXWeb/pxweb/en/DB/DB__3D/0023C3DP020.px"
"Region VII","Coefficient of Variation","2009","6.588089","","2026-07-09T11-45-08-76271f5a60e0","https://openstat.psa.gov.ph/PXWeb/pxweb/en/DB/DB__3D/0023C3DP020.px"
"Region VII","Coefficient of Variation","2012","6.16081","","2026-07-09T11-45-08-76271f5a60e0","https://openstat.psa.gov.ph/PXWeb/pxweb/en/DB/DB__3D/0023C3DP020.px"
"Region VII","Coefficient of Variation","2015","9.28495","","2026-07-09T11-45-08-76271f5a60e0","https://openstat.psa.gov.ph/PXWeb/pxweb/en/DB/DB__3D/0023C3DP020.px"
"Region VII","Magnitude of Poor Population Estimate","1991","1965272","","2026-07-09T11-45-08-76271f5a60e0","https://openstat.psa.gov.ph/PXWeb/pxweb/en/DB/DB__3D/0023C3DP020.px"
"Region VII","Magnitude of Poor Population Estimate","2006","2274400","","2026-07-09T11-45-08-76271f5a60e0","https://openstat.psa.gov.ph/PXWeb/pxweb/en/DB/DB__3D/0023C3DP020.px"
"Region VII","Magnitude of Poor Population Estimate","2009","2042027","","2026-07-09T11-45-08-76271f5a60e0","https://openstat.psa.gov.ph/PXWeb/pxweb/en/DB/DB__3D/0023C3DP020.px"
"Region VII","Magnitude of Poor Population Estimate","2012","2094911","","2026-07-09T11-45-08-76271f5a60e0","https://openstat.psa.gov.ph/PXWeb/pxweb/en/DB/DB__3D/0023C3DP020.px"
"Region VII","Magnitude of Poor Population Estimate","2015","2057479","","2026-07-09T11-45-08-76271f5a60e0","https://openstat.psa.gov.ph/PXWeb/pxweb/en/DB/DB__3D/0023C3DP020.px"
"..Bohol","Annual Per Capita Poverty Threshold  (in Pesos)","1991","","..","2026-07-09T11-45-08-76271f5a60e0","https://openstat.psa.gov.ph/PXWeb/pxweb/en/DB/DB__3D/0023C3DP020.px"
"..Bohol","Annual Per Capita Poverty Threshold  (in Pesos)","2006","14098.2400385586","","2026-07-09T11-45-08-76271f5a60e0","https://openstat.psa.gov.ph/PXWeb/pxweb/en/DB/DB__3D/0023C3DP020.px"
"..Bohol","Annual Per Capita Poverty Threshold  (in Pesos)","2009","16633.2480415027","","2026-07-09T11-45-08-76271f5a60e0","https://openstat.psa.gov.ph/PXWeb/pxweb/en/DB/DB__3D/0023C3DP020.px"
"..Bohol","Annual Per Capita Poverty Threshold  (in Pesos)","2012","18846.8559454312","","2026-07-09T11-45-08-76271f5a60e0","https://openstat.psa.gov.ph/PXWeb/pxweb/en/DB/DB__3D/0023C3DP020.px"
"..Bohol","Annual Per Capita Poverty Threshold  (in Pesos)","2015","20437","","2026-07-09T11-45-08-76271f5a60e0","https://openstat.psa.gov.ph/PXWeb/pxweb/en/DB/DB__3D/0023C3DP020.px"
"..Bohol","Poverty Incidence among Population Estimate (%)","1991","","..","2026-07-09T11-45-08-76271f5a60e0","https://openstat.psa.gov.ph/PXWeb/pxweb/en/DB/DB__3D/0023C3DP020.px"
"..Bohol","Poverty Incidence among Population Estimate (%)","2006","48.2328","","2026-07-09T11-45-08-76271f5a60e0","https://openstat.psa.gov.ph/PXWeb/pxweb/en/DB/DB__3D/0023C3DP020.px"
"..Bohol","Poverty Incidence among Population Estimate (%)","2009","43.72564","","2026-07-09T11-45-08-76271f5a60e0","https://openstat.psa.gov.ph/PXWeb/pxweb/en/DB/DB__3D/0023C3DP020.px"
"..Bohol","Poverty Incidence among Population Estimate (%)","2012","36.82603","","2026-07-09T11-45-08-76271f5a60e0","https://openstat.psa.gov.ph/PXWeb/pxweb/en/DB/DB__3D/0023C3DP020.px"
"..Bohol","Poverty Incidence among Population Estimate (%)","2015","25.99653","","2026-07-09T11-45-08-76271f5a60e0","https://openstat.psa.gov.ph/PXWeb/pxweb/en/DB/DB__3D/0023C3DP020.px"
"..Bohol","Coefficient of Variation","1991","","..","2026-07-09T11-45-08-76271f5a60e0","https://openstat.psa.gov.ph/PXWeb/pxweb/en/DB/DB__3D/0023C3DP020.px"
"..Bohol","Coefficient of Variation","2006","10.15863","","2026-07-09T11-45-08-76271f5a60e0","https://openstat.psa.gov.ph/PXWeb/pxweb/en/DB/DB__3D/0023C3DP020.px"
"..Bohol","Coefficient of Variation","2009","11.35529","","2026-07-09T11-45-08-76271f5a60e0","https://openstat.psa.gov.ph/PXWeb/pxweb/en/DB/DB__3D/0023C3DP020.px"
"..Bohol","Coefficient of Variation","2012","8.180274","","2026-07-09T11-45-08-76271f5a60e0","https://openstat.psa.gov.ph/PXWeb/pxweb/en/DB/DB__3D/0023C3DP020.px"
"..Bohol","Coefficient of Variation","2015","19.5087","","2026-07-09T11-45-08-76271f5a60e0","https://openstat.psa.gov.ph/PXWeb/pxweb/en/DB/DB__3D/0023C3DP020.px"
"..Bohol","Magnitude of Poor Population Estimate","1991","","..","2026-07-09T11-45-08-76271f5a60e0","https://openstat.psa.gov.ph/PXWeb/pxweb/en/DB/DB__3D/0023C3DP020.px"
"..Bohol","Magnitude of Poor Population Estimate","2006","544187.3","","2026-07-09T11-45-08-76271f5a60e0","https://openstat.psa.gov.ph/PXWeb/pxweb/en/DB/DB__3D/0023C3DP020.px"
"..Bohol","Magnitude of Poor Population Estimate","2009","512094.3","","2026-07-09T11-45-08-76271f5a60e0","https://openstat.psa.gov.ph/PXWeb/pxweb/en/DB/DB__3D/0023C3DP020.px"
"..Bohol","Magnitude of Poor Population Estimate","2012","429000","","2026-07-09T11-45-08-76271f5a60e0","https://openstat.psa.gov.ph/PXWeb/pxweb/en/DB/DB__3D/0023C3DP020.px"
"..Bohol","Magnitude of Poor Population Estimate","2015","298195.9","","2026-07-09T11-45-08-76271f5a60e0","https://openstat.psa.gov.ph/PXWeb/pxweb/en/DB/DB__3D/0023C3DP020.px"
"..Cebu","Annual Per Capita Poverty Threshold  (in Pesos)","1991","","..","2026-07-09T11-45-08-76271f5a60e0","https://openstat.psa.gov.ph/PXWeb/pxweb/en/DB/DB__3D/0023C3DP020.px"
"..Cebu","Annual Per Capita Poverty Threshold  (in Pesos)","2006","15064.208946503","","2026-07-09T11-45-08-76271f5a60e0","https://openstat.psa.gov.ph/PXWeb/pxweb/en/DB/DB__3D/0023C3DP020.px"
"..Cebu","Annual Per Capita Poverty Threshold  (in Pesos)","2009","17770.4900086466","","2026-07-09T11-45-08-76271f5a60e0","https://openstat.psa.gov.ph/PXWeb/pxweb/en/DB/DB__3D/0023C3DP020.px"
"..Cebu","Annual Per Capita Poverty Threshold  (in Pesos)","2012","18855.0614139727","","2026-07-09T11-45-08-76271f5a60e0","https://openstat.psa.gov.ph/PXWeb/pxweb/en/DB/DB__3D/0023C3DP020.px"
"..Cebu","Annual Per Capita Poverty Threshold  (in Pesos)","2015","21740","","2026-07-09T11-45-08-76271f5a60e0","https://openstat.psa.gov.ph/PXWeb/pxweb/en/DB/DB__3D/0023C3DP020.px"
"..Cebu","Poverty Incidence among Population Estimate (%)","1991","","..","2026-07-09T11-45-08-76271f5a60e0","https://openstat.psa.gov.ph/PXWeb/pxweb/en/DB/DB__3D/0023C3DP020.px"
"..Cebu","Poverty Incidence among Population Estimate (%)","2006","30.40787","","2026-07-09T11-45-08-76271f5a60e0","https://openstat.psa.gov.ph/PXWeb/pxweb/en/DB/DB__3D/0023C3DP020.px"
"..Cebu","Poverty Incidence among Population Estimate (%)","2009","26.77856","","2026-07-09T11-45-08-76271f5a60e0","https://openstat.psa.gov.ph/PXWeb/pxweb/en/DB/DB__3D/0023C3DP020.px"
"..Cebu","Poverty Incidence among Population Estimate (%)","2012","22.68828","","2026-07-09T11-45-08-76271f5a60e0","https://openstat.psa.gov.ph/PXWeb/pxweb/en/DB/DB__3D/0023C3DP020.px"
"..Cebu","Poverty Incidence among Population Estimate (%)","2015","21.40767","","2026-07-09T11-45-08-76271f5a60e0","https://openstat.psa.gov.ph/PXWeb/pxweb/en/DB/DB__3D/0023C3DP020.px"
"..Cebu","Coefficient of Variation","1991","","..","2026-07-09T11-45-08-76271f5a60e0","https://openstat.psa.gov.ph/PXWeb/pxweb/en/DB/DB__3D/0023C3DP020.px"
"..Cebu","Coefficient of Variation","2006","7.634735","","2026-07-09T11-45-08-76271f5a60e0","https://openstat.psa.gov.ph/PXWeb/pxweb/en/DB/DB__3D/0023C3DP020.px"
"..Cebu","Coefficient of Variation","2009","9.157653","","2026-07-09T11-45-08-76271f5a60e0","https://openstat.psa.gov.ph/PXWeb/pxweb/en/DB/DB__3D/0023C3DP020.px"
"..Cebu","Coefficient of Variation","2012","8.404796","","2026-07-09T11-45-08-76271f5a60e0","https://openstat.psa.gov.ph/PXWeb/pxweb/en/DB/DB__3D/0023C3DP020.px"
"..Cebu","Coefficient of Variation","2015","10.96515","","2026-07-09T11-45-08-76271f5a60e0","https://openstat.psa.gov.ph/PXWeb/pxweb/en/DB/DB__3D/0023C3DP020.px"
"..Cebu","Magnitude of Poor Population Estimate","1991","","..","2026-07-09T11-45-08-76271f5a60e0","https://openstat.psa.gov.ph/PXWeb/pxweb/en/DB/DB__3D/0023C3DP020.px"
"..Cebu","Magnitude of Poor Population Estimate","2006","1184478","","2026-07-09T11-45-08-76271f5a60e0","https://openstat.psa.gov.ph/PXWeb/pxweb/en/DB/DB__3D/0023C3DP020.px"
"..Cebu","Magnitude of Poor Population Estimate","2009","1108152","","2026-07-09T11-45-08-76271f5a60e0","https://openstat.psa.gov.ph/PXWeb/pxweb/en/DB/DB__3D/0023C3DP020.px"
"..Cebu","Magnitude of Poor Population Estimate","2012","1000163","","2026-07-09T11-45-08-76271f5a60e0","https://openstat.psa.gov.ph/PXWeb/pxweb/en/DB/DB__3D/0023C3DP020.px"
"..Cebu","Magnitude of Poor Population Estimate","2015","986556.8","","2026-07-09T11-45-08-76271f5a60e0","https://openstat.psa.gov.ph/PXWeb/pxweb/en/DB/DB__3D/0023C3DP020.px"
"..Negros Oriental","Annual Per Capita Poverty Threshold  (in Pesos)","1991","","..","2026-07-09T11-45-08-76271f5a60e0","https://openstat.psa.gov.ph/PXWeb/pxweb/en/DB/DB__3D/0023C3DP020.px"
"..Negros Oriental","Annual Per Capita Poverty Threshold  (in Pesos)","2006","11518.2849559561","","2026-07-09T11-45-08-76271f5a60e0","https://openstat.psa.gov.ph/PXWeb/pxweb/en/DB/DB__3D/0023C3DP020.px"
"..Negros Oriental","Annual Per Capita Poverty Threshold  (in Pesos)","2009","13624.767164456","","2026-07-09T11-45-08-76271f5a60e0","https://openstat.psa.gov.ph/PXWeb/pxweb/en/DB/DB__3D/0023C3DP020.px"
"..Negros Oriental","Annual Per Capita Poverty Threshold  (in Pesos)","2012","18589.3596278201","","2026-07-09T11-45-08-76271f5a60e0","https://openstat.psa.gov.ph/PXWeb/pxweb/en/DB/DB__3D/0023C3DP020.px"
"..Negros Oriental","Annual Per Capita Poverty Threshold  (in Pesos)","2015","22823","","2026-07-09T11-45-08-76271f5a60e0","https://openstat.psa.gov.ph/PXWeb/pxweb/en/DB/DB__3D/0023C3DP020.px"
"..Negros Oriental","Poverty Incidence among Population Estimate (%)","1991","","..","2026-07-09T11-45-08-76271f5a60e0","https://openstat.psa.gov.ph/PXWeb/pxweb/en/DB/DB__3D/0023C3DP020.px"
"..Negros Oriental","Poverty Incidence among Population Estimate (%)","2006","42.9287","","2026-07-09T11-45-08-76271f5a60e0","https://openstat.psa.gov.ph/PXWeb/pxweb/en/DB/DB__3D/0023C3DP020.px"
"..Negros Oriental","Poverty Incidence among Population Estimate (%)","2009","33.19087","","2026-07-09T11-45-08-76271f5a60e0","https://openstat.psa.gov.ph/PXWeb/pxweb/en/DB/DB__3D/0023C3DP020.px"
"..Negros Oriental","Poverty Incidence among Population Estimate (%)","2012","50.06161","","2026-07-09T11-45-08-76271f5a60e0","https://openstat.psa.gov.ph/PXWeb/pxweb/en/DB/DB__3D/0023C3DP020.px"
"..Negros Oriental","Poverty Incidence among Population Estimate (%)","2015","44.99651","","2026-07-09T11-45-08-76271f5a60e0","https://openstat.psa.gov.ph/PXWeb/pxweb/en/DB/DB__3D/0023C3DP020.px"
"..Negros Oriental","Coefficient of Variation","1991","","..","2026-07-09T11-45-08-76271f5a60e0","https://openstat.psa.gov.ph/PXWeb/pxweb/en/DB/DB__3D/0023C3DP020.px"
"..Negros Oriental","Coefficient of Variation","2006","11.47565","","2026-07-09T11-45-08-76271f5a60e0","https://openstat.psa.gov.ph/PXWeb/pxweb/en/DB/DB__3D/0023C3DP020.px"
"..Negros Oriental","Coefficient of Variation","2009","13.79502","","2026-07-09T11-45-08-76271f5a60e0","https://openstat.psa.gov.ph/PXWeb/pxweb/en/DB/DB__3D/0023C3DP020.px"
"..Negros Oriental","Coefficient of Variation","2012","11.97284","","2026-07-09T11-45-08-76271f5a60e0","https://openstat.psa.gov.ph/PXWeb/pxweb/en/DB/DB__3D/0023C3DP020.px"
"..Negros Oriental","Coefficient of Variation","2015","13.48625","","2026-07-09T11-45-08-76271f5a60e0","https://openstat.psa.gov.ph/PXWeb/pxweb/en/DB/DB__3D/0023C3DP020.px"
"..Negros Oriental","Magnitude of Poor Population Estimate","1991","","..","2026-07-09T11-45-08-76271f5a60e0","https://openstat.psa.gov.ph/PXWeb/pxweb/en/DB/DB__3D/0023C3DP020.px"
"..Negros Oriental","Magnitude of Poor Population Estimate","2006","526025.3","","2026-07-09T11-45-08-76271f5a60e0","https://openstat.psa.gov.ph/PXWeb/pxweb/en/DB/DB__3D/0023C3DP020.px"
"..Negros Oriental","Magnitude of Poor Population Estimate","2009","397814.9","","2026-07-09T11-45-08-76271f5a60e0","https://openstat.psa.gov.ph/PXWeb/pxweb/en/DB/DB__3D/0023C3DP020.px"
"..Negros Oriental","Magnitude of Poor Population Estimate","2012","638466.1","","2026-07-09T11-45-08-76271f5a60e0","https://openstat.psa.gov.ph/PXWeb/pxweb/en/DB/DB__3D/0023C3DP020.px"
"..Negros Oriental","Magnitude of Poor Population Estimate","2015","694292.9","","2026-07-09T11-45-08-76271f5a60e0","https://openstat.psa.gov.ph/PXWeb/pxweb/en/DB/DB__3D/0023C3DP020.px"
"..Siquijor b/, c/","Annual Per Capita Poverty Threshold  (in Pesos)","1991","","..","2026-07-09T11-45-08-76271f5a60e0","https://openstat.psa.gov.ph/PXWeb/pxweb/en/DB/DB__3D/0023C3DP020.px"
"..Siquijor b/, c/","Annual Per Capita Poverty Threshold  (in Pesos)","2006","13970.5284261779","","2026-07-09T11-45-08-76271f5a60e0","https://openstat.psa.gov.ph/PXWeb/pxweb/en/DB/DB__3D/0023C3DP020.px"
"..Siquijor b/, c/","Annual Per Capita Poverty Threshold  (in Pesos)","2009","16468.9245310039","","2026-07-09T11-45-08-76271f5a60e0","https://openstat.psa.gov.ph/PXWeb/pxweb/en/DB/DB__3D/0023C3DP020.px"
"..Siquijor b/, c/","Annual Per Capita Poverty Threshold  (in Pesos)","2012","18420.1775741085","","2026-07-09T11-45-08-76271f5a60e0","https://openstat.psa.gov.ph/PXWeb/pxweb/en/DB/DB__3D/0023C3DP020.px"
"..Siquijor b/, c/","Annual Per Capita Poverty Threshold  (in Pesos)","2015","21675","","2026-07-09T11-45-08-76271f5a60e0","https://openstat.psa.gov.ph/PXWeb/pxweb/en/DB/DB__3D/0023C3DP020.px"
"..Siquijor b/, c/","Poverty Incidence among Population Estimate (%)","1991","","..","2026-07-09T11-45-08-76271f5a60e0","https://openstat.psa.gov.ph/PXWeb/pxweb/en/DB/DB__3D/0023C3DP020.px"
"..Siquijor b/, c/","Poverty Incidence among Population Estimate (%)","2006","22.72229","","2026-07-09T11-45-08-76271f5a60e0","https://openstat.psa.gov.ph/PXWeb/pxweb/en/DB/DB__3D/0023C3DP020.px"
"..Siquijor b/, c/","Poverty Incidence among Population Estimate (%)","2009","30.99176","","2026-07-09T11-45-08-76271f5a60e0","https://openstat.psa.gov.ph/PXWeb/pxweb/en/DB/DB__3D/0023C3DP020.px"
"..Siquijor b/, c/","Poverty Incidence among Population Estimate (%)","2012","32.57474","","2026-07-09T11-45-08-76271f5a60e0","https://openstat.psa.gov.ph/PXWeb/pxweb/en/DB/DB__3D/0023C3DP020.px"
"..Siquijor b/, c/","Poverty Incidence among Population Estimate (%)","2015","52.88057","","2026-07-09T11-45-08-76271f5a60e0","https://openstat.psa.gov.ph/PXWeb/pxweb/en/DB/DB__3D/0023C3DP020.px"
"..Siquijor b/, c/","Coefficient of Variation","1991","","..","2026-07-09T11-45-08-76271f5a60e0","https://openstat.psa.gov.ph/PXWeb/pxweb/en/DB/DB__3D/0023C3DP020.px"
"..Siquijor b/, c/","Coefficient of Variation","2006","30.23359","","2026-07-09T11-45-08-76271f5a60e0","https://openstat.psa.gov.ph/PXWeb/pxweb/en/DB/DB__3D/0023C3DP020.px"
"..Siquijor b/, c/","Coefficient of Variation","2009","23.5947","","2026-07-09T11-45-08-76271f5a60e0","https://openstat.psa.gov.ph/PXWeb/pxweb/en/DB/DB__3D/0023C3DP020.px"
"..Siquijor b/, c/","Coefficient of Variation","2012","54.30234","","2026-07-09T11-45-08-76271f5a60e0","https://openstat.psa.gov.ph/PXWeb/pxweb/en/DB/DB__3D/0023C3DP020.px"
"..Siquijor b/, c/","Coefficient of Variation","2015","","..","2026-07-09T11-45-08-76271f5a60e0","https://openstat.psa.gov.ph/PXWeb/pxweb/en/DB/DB__3D/0023C3DP020.px"
"..Siquijor b/, c/","Magnitude of Poor Population Estimate","1991","","..","2026-07-09T11-45-08-76271f5a60e0","https://openstat.psa.gov.ph/PXWeb/pxweb/en/DB/DB__3D/0023C3DP020.px"
"..Siquijor b/, c/","Magnitude of Poor Population Estimate","2006","19708.6","","2026-07-09T11-45-08-76271f5a60e0","https://openstat.psa.gov.ph/PXWeb/pxweb/en/DB/DB__3D/0023C3DP020.px"
"..Siquijor b/, c/","Magnitude of Poor Population Estimate","2009","23965.97","","2026-07-09T11-45-08-76271f5a60e0","https://openstat.psa.gov.ph/PXWeb/pxweb/en/DB/DB__3D/0023C3DP020.px"
"..Siquijor b/, c/","Magnitude of Poor Population Estimate","2012","27281.53","","2026-07-09T11-45-08-76271f5a60e0","https://openstat.psa.gov.ph/PXWeb/pxweb/en/DB/DB__3D/0023C3DP020.px"
"..Siquijor b/, c/","Magnitude of Poor Population Estimate","2015","78433.08","","2026-07-09T11-45-08-76271f5a60e0","https://openstat.psa.gov.ph/PXWeb/pxweb/en/DB/DB__3D/0023C3DP020.px"
"Region VIII","Annual Per Capita Poverty Threshold  (in Pesos)","1991","5507.0389599254","","2026-07-09T11-45-08-76271f5a60e0","https://openstat.psa.gov.ph/PXWeb/pxweb/en/DB/DB__3D/0023C3DP020.px"
"Region VIII","Annual Per Capita Poverty Threshold  (in Pesos)","2006","12520.0056911696","","2026-07-09T11-45-08-76271f5a60e0","https://openstat.psa.gov.ph/PXWeb/pxweb/en/DB/DB__3D/0023C3DP020.px"
"Region VIII","Annual Per Capita Poverty Threshold  (in Pesos)","2009","16278.2838423828","","2026-07-09T11-45-08-76271f5a60e0","https://openstat.psa.gov.ph/PXWeb/pxweb/en/DB/DB__3D/0023C3DP020.px"
"Region VIII","Annual Per Capita Poverty Threshold  (in Pesos)","2012","18075.87511709","","2026-07-09T11-45-08-76271f5a60e0","https://openstat.psa.gov.ph/PXWeb/pxweb/en/DB/DB__3D/0023C3DP020.px"
"Region VIII","Annual Per Capita Poverty Threshold  (in Pesos)","2015","21304","","2026-07-09T11-45-08-76271f5a60e0","https://openstat.psa.gov.ph/PXWeb/pxweb/en/DB/DB__3D/0023C3DP020.px"
"Region VIII","Poverty Incidence among Population Estimate (%)","1991","49.97332","","2026-07-09T11-45-08-76271f5a60e0","https://openstat.psa.gov.ph/PXWeb/pxweb/en/DB/DB__3D/0023C3DP020.px"
"Region VIII","Poverty Incidence among Population Estimate (%)","2006","41.51343","","2026-07-09T11-45-08-76271f5a60e0","https://openstat.psa.gov.ph/PXWeb/pxweb/en/DB/DB__3D/0023C3DP020.px"
"Region VIII","Poverty Incidence among Population Estimate (%)","2009","42.58016","","2026-07-09T11-45-08-76271f5a60e0","https://openstat.psa.gov.ph/PXWeb/pxweb/en/DB/DB__3D/0023C3DP020.px"
"Region VIII","Poverty Incidence among Population Estimate (%)","2012","45.22896","","2026-07-09T11-45-08-76271f5a60e0","https://openstat.psa.gov.ph/PXWeb/pxweb/en/DB/DB__3D/0023C3DP020.px"
"Region VIII","Poverty Incidence among Population Estimate (%)","2015","38.71868","","2026-07-09T11-45-08-76271f5a60e0","https://openstat.psa.gov.ph/PXWeb/pxweb/en/DB/DB__3D/0023C3DP020.px"
"Region VIII","Coefficient of Variation","1991","5.513776","","2026-07-09T11-45-08-76271f5a60e0","https://openstat.psa.gov.ph/PXWeb/pxweb/en/DB/DB__3D/0023C3DP020.px"
"Region VIII","Coefficient of Variation","2006","5.197329","","2026-07-09T11-45-08-76271f5a60e0","https://openstat.psa.gov.ph/PXWeb/pxweb/en/DB/DB__3D/0023C3DP020.px"
"Region VIII","Coefficient of Variation","2009","4.482114","","2026-07-09T11-45-08-76271f5a60e0","https://openstat.psa.gov.ph/PXWeb/pxweb/en/DB/DB__3D/0023C3DP020.px"
"Region VIII","Coefficient of Variation","2012","4.59573","","2026-07-09T11-45-08-76271f5a60e0","https://openstat.psa.gov.ph/PXWeb/pxweb/en/DB/DB__3D/0023C3DP020.px"
"Region VIII","Coefficient of Variation","2015","8.472483","","2026-07-09T11-45-08-76271f5a60e0","https://openstat.psa.gov.ph/PXWeb/pxweb/en/DB/DB__3D/0023C3DP020.px"
"Region VIII","Magnitude of Poor Population Estimate","1991","1662289","","2026-07-09T11-45-08-76271f5a60e0","https://openstat.psa.gov.ph/PXWeb/pxweb/en/DB/DB__3D/0023C3DP020.px"
"Region VIII","Magnitude of Poor Population Estimate","2006","1627468","","2026-07-09T11-45-08-76271f5a60e0","https://openstat.psa.gov.ph/PXWeb/pxweb/en/DB/DB__3D/0023C3DP020.px"
"Region VIII","Magnitude of Poor Population Estimate","2009","1708941","","2026-07-09T11-45-08-76271f5a60e0","https://openstat.psa.gov.ph/PXWeb/pxweb/en/DB/DB__3D/0023C3DP020.px"
"Region VIII","Magnitude of Poor Population Estimate","2012","1882934","","2026-07-09T11-45-08-76271f5a60e0","https://openstat.psa.gov.ph/PXWeb/pxweb/en/DB/DB__3D/0023C3DP020.px"
"Region VIII","Magnitude of Poor Population Estimate","2015","1756744","","2026-07-09T11-45-08-76271f5a60e0","https://openstat.psa.gov.ph/PXWeb/pxweb/en/DB/DB__3D/0023C3DP020.px"
"..Biliran","Annual Per Capita Poverty Threshold  (in Pesos)","1991","","..","2026-07-09T11-45-08-76271f5a60e0","https://openstat.psa.gov.ph/PXWeb/pxweb/en/DB/DB__3D/0023C3DP020.px"
"..Biliran","Annual Per Capita Poverty Threshold  (in Pesos)","2006","11841.2851379653","","2026-07-09T11-45-08-76271f5a60e0","https://openstat.psa.gov.ph/PXWeb/pxweb/en/DB/DB__3D/0023C3DP020.px"
"..Biliran","Annual Per Capita Poverty Threshold  (in Pesos)","2009","15350.2076471431","","2026-07-09T11-45-08-76271f5a60e0","https://openstat.psa.gov.ph/PXWeb/pxweb/en/DB/DB__3D/0023C3DP020.px"
"..Biliran","Annual Per Capita Poverty Threshold  (in Pesos)","2012","17392.6437316245","","2026-07-09T11-45-08-76271f5a60e0","https://openstat.psa.gov.ph/PXWeb/pxweb/en/DB/DB__3D/0023C3DP020.px"
"..Biliran","Annual Per Capita Poverty Threshold  (in Pesos)","2015","21008","","2026-07-09T11-45-08-76271f5a60e0","https://openstat.psa.gov.ph/PXWeb/pxweb/en/DB/DB__3D/0023C3DP020.px"
"..Biliran","Poverty Incidence among Population Estimate (%)","1991","","..","2026-07-09T11-45-08-76271f5a60e0","https://openstat.psa.gov.ph/PXWeb/pxweb/en/DB/DB__3D/0023C3DP020.px"
"..Biliran","Poverty Incidence among Population Estimate (%)","2006","29.80877","","2026-07-09T11-45-08-76271f5a60e0","https://openstat.psa.gov.ph/PXWeb/pxweb/en/DB/DB__3D/0023C3DP020.px"
"..Biliran","Poverty Incidence among Population Estimate (%)","2009","39.17519","","2026-07-09T11-45-08-76271f5a60e0","https://openstat.psa.gov.ph/PXWeb/pxweb/en/DB/DB__3D/0023C3DP020.px"
"..Biliran","Poverty Incidence among Population Estimate (%)","2012","27.45147","","2026-07-09T11-45-08-76271f5a60e0","https://openstat.psa.gov.ph/PXWeb/pxweb/en/DB/DB__3D/0023C3DP020.px"
"..Biliran","Poverty Incidence among Population Estimate (%)","2015","21.33762","","2026-07-09T11-45-08-76271f5a60e0","https://openstat.psa.gov.ph/PXWeb/pxweb/en/DB/DB__3D/0023C3DP020.px"
"..Biliran","Coefficient of Variation","1991","","..","2026-07-09T11-45-08-76271f5a60e0","https://openstat.psa.gov.ph/PXWeb/pxweb/en/DB/DB__3D/0023C3DP020.px"
"..Biliran","Coefficient of Variation","2006","27.11287","","2026-07-09T11-45-08-76271f5a60e0","https://openstat.psa.gov.ph/PXWeb/pxweb/en/DB/DB__3D/0023C3DP020.px"
"..Biliran","Coefficient of Variation","2009","16.42097","","2026-07-09T11-45-08-76271f5a60e0","https://openstat.psa.gov.ph/PXWeb/pxweb/en/DB/DB__3D/0023C3DP020.px"
"..Biliran","Coefficient of Variation","2012","14.4827","","2026-07-09T11-45-08-76271f5a60e0","https://openstat.psa.gov.ph/PXWeb/pxweb/en/DB/DB__3D/0023C3DP020.px"
"..Biliran","Coefficient of Variation","2015","15.22794","","2026-07-09T11-45-08-76271f5a60e0","https://openstat.psa.gov.ph/PXWeb/pxweb/en/DB/DB__3D/0023C3DP020.px"
"..Biliran","Magnitude of Poor Population Estimate","1991","","..","2026-07-09T11-45-08-76271f5a60e0","https://openstat.psa.gov.ph/PXWeb/pxweb/en/DB/DB__3D/0023C3DP020.px"
"..Biliran","Magnitude of Poor Population Estimate","2006","46288.75","","2026-07-09T11-45-08-76271f5a60e0","https://openstat.psa.gov.ph/PXWeb/pxweb/en/DB/DB__3D/0023C3DP020.px"
"..Biliran","Magnitude of Poor Population Estimate","2009","70075.83","","2026-07-09T11-45-08-76271f5a60e0","https://openstat.psa.gov.ph/PXWeb/pxweb/en/DB/DB__3D/0023C3DP020.px"
"..Biliran","Magnitude of Poor Population Estimate","2012","45762.13","","2026-07-09T11-45-08-76271f5a60e0","https://openstat.psa.gov.ph/PXWeb/pxweb/en/DB/DB__3D/0023C3DP020.px"
"..Biliran","Magnitude of Poor Population Estimate","2015","45007.31","","2026-07-09T11-45-08-76271f5a60e0","https://openstat.psa.gov.ph/PXWeb/pxweb/en/DB/DB__3D/0023C3DP020.px"
"..Eastern Samar","Annual Per Capita Poverty Threshold  (in Pesos)","1991","","..","2026-07-09T11-45-08-76271f5a60e0","https://openstat.psa.gov.ph/PXWeb/pxweb/en/DB/DB__3D/0023C3DP020.px"
"..Eastern Samar","Annual Per Capita Poverty Threshold  (in Pesos)","2006","13140.2219676357","","2026-07-09T11-45-08-76271f5a60e0","https://openstat.psa.gov.ph/PXWeb/pxweb/en/DB/DB__3D/0023C3DP020.px"
"..Eastern Samar","Annual Per Capita Poverty Threshold  (in Pesos)","2009","17091.0496921094","","2026-07-09T11-45-08-76271f5a60e0","https://openstat.psa.gov.ph/PXWeb/pxweb/en/DB/DB__3D/0023C3DP020.px"
"..Eastern Samar","Annual Per Capita Poverty Threshold  (in Pesos)","2012","20236.8323070314","","2026-07-09T11-45-08-76271f5a60e0","https://openstat.psa.gov.ph/PXWeb/pxweb/en/DB/DB__3D/0023C3DP020.px"
"..Eastern Samar","Annual Per Capita Poverty Threshold  (in Pesos)","2015","22886","","2026-07-09T11-45-08-76271f5a60e0","https://openstat.psa.gov.ph/PXWeb/pxweb/en/DB/DB__3D/0023C3DP020.px"
"..Eastern Samar","Poverty Incidence among Population Estimate (%)","1991","","..","2026-07-09T11-45-08-76271f5a60e0","https://openstat.psa.gov.ph/PXWeb/pxweb/en/DB/DB__3D/0023C3DP020.px"
"..Eastern Samar","Poverty Incidence among Population Estimate (%)","2006","51.34918","","2026-07-09T11-45-08-76271f5a60e0","https://openstat.psa.gov.ph/PXWeb/pxweb/en/DB/DB__3D/0023C3DP020.px"
"..Eastern Samar","Poverty Incidence among Population Estimate (%)","2009","56.36288","","2026-07-09T11-45-08-76271f5a60e0","https://openstat.psa.gov.ph/PXWeb/pxweb/en/DB/DB__3D/0023C3DP020.px"
"..Eastern Samar","Poverty Incidence among Population Estimate (%)","2012","63.70257","","2026-07-09T11-45-08-76271f5a60e0","https://openstat.psa.gov.ph/PXWeb/pxweb/en/DB/DB__3D/0023C3DP020.px"
"..Eastern Samar","Poverty Incidence among Population Estimate (%)","2015","46.27431","","2026-07-09T11-45-08-76271f5a60e0","https://openstat.psa.gov.ph/PXWeb/pxweb/en/DB/DB__3D/0023C3DP020.px"
"..Eastern Samar","Coefficient of Variation","1991","","..","2026-07-09T11-45-08-76271f5a60e0","https://openstat.psa.gov.ph/PXWeb/pxweb/en/DB/DB__3D/0023C3DP020.px"
"..Eastern Samar","Coefficient of Variation","2006","11.59651","","2026-07-09T11-45-08-76271f5a60e0","https://openstat.psa.gov.ph/PXWeb/pxweb/en/DB/DB__3D/0023C3DP020.px"
"..Eastern Samar","Coefficient of Variation","2009","9.48035","","2026-07-09T11-45-08-76271f5a60e0","https://openstat.psa.gov.ph/PXWeb/pxweb/en/DB/DB__3D/0023C3DP020.px"
"..Eastern Samar","Coefficient of Variation","2012","8.487525","","2026-07-09T11-45-08-76271f5a60e0","https://openstat.psa.gov.ph/PXWeb/pxweb/en/DB/DB__3D/0023C3DP020.px"
"..Eastern Samar","Coefficient of Variation","2015","9.843081","","2026-07-09T11-45-08-76271f5a60e0","https://openstat.psa.gov.ph/PXWeb/pxweb/en/DB/DB__3D/0023C3DP020.px"
"..Eastern Samar","Magnitude of Poor Population Estimate","1991","","..","2026-07-09T11-45-08-76271f5a60e0","https://openstat.psa.gov.ph/PXWeb/pxweb/en/DB/DB__3D/0023C3DP020.px"
"..Eastern Samar","Magnitude of Poor Population Estimate","2006","223130.6","","2026-07-09T11-45-08-76271f5a60e0","https://openstat.psa.gov.ph/PXWeb/pxweb/en/DB/DB__3D/0023C3DP020.px"
"..Eastern Samar","Magnitude of Poor Population Estimate","2009","236588.2","","2026-07-09T11-45-08-76271f5a60e0","https://openstat.psa.gov.ph/PXWeb/pxweb/en/DB/DB__3D/0023C3DP020.px"
"..Eastern Samar","Magnitude of Poor Population Estimate","2012","279606.8","","2026-07-09T11-45-08-76271f5a60e0","https://openstat.psa.gov.ph/PXWeb/pxweb/en/DB/DB__3D/0023C3DP020.px"
"..Eastern Samar","Magnitude of Poor Population Estimate","2015","226308.6","","2026-07-09T11-45-08-76271f5a60e0","https://openstat.psa.gov.ph/PXWeb/pxweb/en/DB/DB__3D/0023C3DP020.px"
"..Leyte","Annual Per Capita Poverty Threshold  (in Pesos)","1991","","..","2026-07-09T11-45-08-76271f5a60e0","https://openstat.psa.gov.ph/PXWeb/pxweb/en/DB/DB__3D/0023C3DP020.px"
"..Leyte","Annual Per Capita Poverty Threshold  (in Pesos)","2006","12492.6819704456","","2026-07-09T11-45-08-76271f5a60e0","https://openstat.psa.gov.ph/PXWeb/pxweb/en/DB/DB__3D/0023C3DP020.px"
"..Leyte","Annual Per Capita Poverty Threshold  (in Pesos)","2009","16254.9553550217","","2026-07-09T11-45-08-76271f5a60e0","https://openstat.psa.gov.ph/PXWeb/pxweb/en/DB/DB__3D/0023C3DP020.px"
"..Leyte","Annual Per Capita Poverty Threshold  (in Pesos)","2012","17561.0760408496","","2026-07-09T11-45-08-76271f5a60e0","https://openstat.psa.gov.ph/PXWeb/pxweb/en/DB/DB__3D/0023C3DP020.px"
"..Leyte","Annual Per Capita Poverty Threshold  (in Pesos)","2015","20807","","2026-07-09T11-45-08-76271f5a60e0","https://openstat.psa.gov.ph/PXWeb/pxweb/en/DB/DB__3D/0023C3DP020.px"
"..Leyte","Poverty Incidence among Population Estimate (%)","1991","","..","2026-07-09T11-45-08-76271f5a60e0","https://openstat.psa.gov.ph/PXWeb/pxweb/en/DB/DB__3D/0023C3DP020.px"
"..Leyte","Poverty Incidence among Population Estimate (%)","2006","38.42407","","2026-07-09T11-45-08-76271f5a60e0","https://openstat.psa.gov.ph/PXWeb/pxweb/en/DB/DB__3D/0023C3DP020.px"
"..Leyte","Poverty Incidence among Population Estimate (%)","2009","36.30959","","2026-07-09T11-45-08-76271f5a60e0","https://openstat.psa.gov.ph/PXWeb/pxweb/en/DB/DB__3D/0023C3DP020.px"
"..Leyte","Poverty Incidence among Population Estimate (%)","2012","39.24264","","2026-07-09T11-45-08-76271f5a60e0","https://openstat.psa.gov.ph/PXWeb/pxweb/en/DB/DB__3D/0023C3DP020.px"
"..Leyte","Poverty Incidence among Population Estimate (%)","2015","30.97579","","2026-07-09T11-45-08-76271f5a60e0","https://openstat.psa.gov.ph/PXWeb/pxweb/en/DB/DB__3D/0023C3DP020.px"
"..Leyte","Coefficient of Variation","1991","","..","2026-07-09T11-45-08-76271f5a60e0","https://openstat.psa.gov.ph/PXWeb/pxweb/en/DB/DB__3D/0023C3DP020.px"
"..Leyte","Coefficient of Variation","2006","7.79221","","2026-07-09T11-45-08-76271f5a60e0","https://openstat.psa.gov.ph/PXWeb/pxweb/en/DB/DB__3D/0023C3DP020.px"
"..Leyte","Coefficient of Variation","2009","7.438029","","2026-07-09T11-45-08-76271f5a60e0","https://openstat.psa.gov.ph/PXWeb/pxweb/en/DB/DB__3D/0023C3DP020.px"
"..Leyte","Coefficient of Variation","2012","7.030738","","2026-07-09T11-45-08-76271f5a60e0","https://openstat.psa.gov.ph/PXWeb/pxweb/en/DB/DB__3D/0023C3DP020.px"
"..Leyte","Coefficient of Variation","2015","9.277415","","2026-07-09T11-45-08-76271f5a60e0","https://openstat.psa.gov.ph/PXWeb/pxweb/en/DB/DB__3D/0023C3DP020.px"
"..Leyte","Magnitude of Poor Population Estimate","1991","","..","2026-07-09T11-45-08-76271f5a60e0","https://openstat.psa.gov.ph/PXWeb/pxweb/en/DB/DB__3D/0023C3DP020.px"
"..Leyte","Magnitude of Poor Population Estimate","2006","671771","","2026-07-09T11-45-08-76271f5a60e0","https://openstat.psa.gov.ph/PXWeb/pxweb/en/DB/DB__3D/0023C3DP020.px"
"..Leyte","Magnitude of Poor Population Estimate","2009","628371.2","","2026-07-09T11-45-08-76271f5a60e0","https://openstat.psa.gov.ph/PXWeb/pxweb/en/DB/DB__3D/0023C3DP020.px"
"..Leyte","Magnitude of Poor Population Estimate","2012","713063.1","","2026-07-09T11-45-08-76271f5a60e0","https://openstat.psa.gov.ph/PXWeb/pxweb/en/DB/DB__3D/0023C3DP020.px"
"..Leyte","Magnitude of Poor Population Estimate","2015","652690.2","","2026-07-09T11-45-08-76271f5a60e0","https://openstat.psa.gov.ph/PXWeb/pxweb/en/DB/DB__3D/0023C3DP020.px"
"..Northern Samar","Annual Per Capita Poverty Threshold  (in Pesos)","1991","","..","2026-07-09T11-45-08-76271f5a60e0","https://openstat.psa.gov.ph/PXWeb/pxweb/en/DB/DB__3D/0023C3DP020.px"
"..Northern Samar","Annual Per Capita Poverty Threshold  (in Pesos)","2006","12958.5127663905","","2026-07-09T11-45-08-76271f5a60e0","https://openstat.psa.gov.ph/PXWeb/pxweb/en/DB/DB__3D/0023C3DP020.px"
"..Northern Samar","Annual Per Capita Poverty Threshold  (in Pesos)","2009","16883.0214193068","","2026-07-09T11-45-08-76271f5a60e0","https://openstat.psa.gov.ph/PXWeb/pxweb/en/DB/DB__3D/0023C3DP020.px"
"..Northern Samar","Annual Per Capita Poverty Threshold  (in Pesos)","2012","19197.4581980489","","2026-07-09T11-45-08-76271f5a60e0","https://openstat.psa.gov.ph/PXWeb/pxweb/en/DB/DB__3D/0023C3DP020.px"
"..Northern Samar","Annual Per Capita Poverty Threshold  (in Pesos)","2015","21574","","2026-07-09T11-45-08-76271f5a60e0","https://openstat.psa.gov.ph/PXWeb/pxweb/en/DB/DB__3D/0023C3DP020.px"
"..Northern Samar","Poverty Incidence among Population Estimate (%)","1991","","..","2026-07-09T11-45-08-76271f5a60e0","https://openstat.psa.gov.ph/PXWeb/pxweb/en/DB/DB__3D/0023C3DP020.px"
"..Northern Samar","Poverty Incidence among Population Estimate (%)","2006","53.41051","","2026-07-09T11-45-08-76271f5a60e0","https://openstat.psa.gov.ph/PXWeb/pxweb/en/DB/DB__3D/0023C3DP020.px"
"..Northern Samar","Poverty Incidence among Population Estimate (%)","2009","52.10289","","2026-07-09T11-45-08-76271f5a60e0","https://openstat.psa.gov.ph/PXWeb/pxweb/en/DB/DB__3D/0023C3DP020.px"
"..Northern Samar","Poverty Incidence among Population Estimate (%)","2012","50.19001","","2026-07-09T11-45-08-76271f5a60e0","https://openstat.psa.gov.ph/PXWeb/pxweb/en/DB/DB__3D/0023C3DP020.px"
"..Northern Samar","Poverty Incidence among Population Estimate (%)","2015","56.169","","2026-07-09T11-45-08-76271f5a60e0","https://openstat.psa.gov.ph/PXWeb/pxweb/en/DB/DB__3D/0023C3DP020.px"
"..Northern Samar","Coefficient of Variation","1991","","..","2026-07-09T11-45-08-76271f5a60e0","https://openstat.psa.gov.ph/PXWeb/pxweb/en/DB/DB__3D/0023C3DP020.px"
"..Northern Samar","Coefficient of Variation","2006","14.7945","","2026-07-09T11-45-08-76271f5a60e0","https://openstat.psa.gov.ph/PXWeb/pxweb/en/DB/DB__3D/0023C3DP020.px"
"..Northern Samar","Coefficient of Variation","2009","11.18286","","2026-07-09T11-45-08-76271f5a60e0","https://openstat.psa.gov.ph/PXWeb/pxweb/en/DB/DB__3D/0023C3DP020.px"
"..Northern Samar","Coefficient of Variation","2012","11.64276","","2026-07-09T11-45-08-76271f5a60e0","https://openstat.psa.gov.ph/PXWeb/pxweb/en/DB/DB__3D/0023C3DP020.px"
"..Northern Samar","Coefficient of Variation","2015","16.80142","","2026-07-09T11-45-08-76271f5a60e0","https://openstat.psa.gov.ph/PXWeb/pxweb/en/DB/DB__3D/0023C3DP020.px"
"..Northern Samar","Magnitude of Poor Population Estimate","1991","","..","2026-07-09T11-45-08-76271f5a60e0","https://openstat.psa.gov.ph/PXWeb/pxweb/en/DB/DB__3D/0023C3DP020.px"
"..Northern Samar","Magnitude of Poor Population Estimate","2006","294039","","2026-07-09T11-45-08-76271f5a60e0","https://openstat.psa.gov.ph/PXWeb/pxweb/en/DB/DB__3D/0023C3DP020.px"
"..Northern Samar","Magnitude of Poor Population Estimate","2009","303403.1","","2026-07-09T11-45-08-76271f5a60e0","https://openstat.psa.gov.ph/PXWeb/pxweb/en/DB/DB__3D/0023C3DP020.px"
"..Northern Samar","Magnitude of Poor Population Estimate","2012","309089.1","","2026-07-09T11-45-08-76271f5a60e0","https://openstat.psa.gov.ph/PXWeb/pxweb/en/DB/DB__3D/0023C3DP020.px"
"..Northern Samar","Magnitude of Poor Population Estimate","2015","337064.1","","2026-07-09T11-45-08-76271f5a60e0","https://openstat.psa.gov.ph/PXWeb/pxweb/en/DB/DB__3D/0023C3DP020.px"
"..Southern Leyte b/","Annual Per Capita Poverty Threshold  (in Pesos)","1991","","..","2026-07-09T11-45-08-76271f5a60e0","https://openstat.psa.gov.ph/PXWeb/pxweb/en/DB/DB__3D/0023C3DP020.px"
"..Southern Leyte b/","Annual Per Capita Poverty Threshold  (in Pesos)","2006","12830.3866533009","","2026-07-09T11-45-08-76271f5a60e0","https://openstat.psa.gov.ph/PXWeb/pxweb/en/DB/DB__3D/0023C3DP020.px"
"..Southern Leyte b/","Annual Per Capita Poverty Threshold  (in Pesos)","2009","16688.0567091508","","2026-07-09T11-45-08-76271f5a60e0","https://openstat.psa.gov.ph/PXWeb/pxweb/en/DB/DB__3D/0023C3DP020.px"
"..Southern Leyte b/","Annual Per Capita Poverty Threshold  (in Pesos)","2012","19431.2902763855","","2026-07-09T11-45-08-76271f5a60e0","https://openstat.psa.gov.ph/PXWeb/pxweb/en/DB/DB__3D/0023C3DP020.px"
"..Southern Leyte b/","Annual Per Capita Poverty Threshold  (in Pesos)","2015","23318","","2026-07-09T11-45-08-76271f5a60e0","https://openstat.psa.gov.ph/PXWeb/pxweb/en/DB/DB__3D/0023C3DP020.px"
"..Southern Leyte b/","Poverty Incidence among Population Estimate (%)","1991","","..","2026-07-09T11-45-08-76271f5a60e0","https://openstat.psa.gov.ph/PXWeb/pxweb/en/DB/DB__3D/0023C3DP020.px"
"..Southern Leyte b/","Poverty Incidence among Population Estimate (%)","2006","33.71797","","2026-07-09T11-45-08-76271f5a60e0","https://openstat.psa.gov.ph/PXWeb/pxweb/en/DB/DB__3D/0023C3DP020.px"
"..Southern Leyte b/","Poverty Incidence among Population Estimate (%)","2009","43.06715","","2026-07-09T11-45-08-76271f5a60e0","https://openstat.psa.gov.ph/PXWeb/pxweb/en/DB/DB__3D/0023C3DP020.px"
"..Southern Leyte b/","Poverty Incidence among Population Estimate (%)","2012","43.27932","","2026-07-09T11-45-08-76271f5a60e0","https://openstat.psa.gov.ph/PXWeb/pxweb/en/DB/DB__3D/0023C3DP020.px"
"..Southern Leyte b/","Poverty Incidence among Population Estimate (%)","2015","37.98337","","2026-07-09T11-45-08-76271f5a60e0","https://openstat.psa.gov.ph/PXWeb/pxweb/en/DB/DB__3D/0023C3DP020.px"
"..Southern Leyte b/","Coefficient of Variation","1991","","..","2026-07-09T11-45-08-76271f5a60e0","https://openstat.psa.gov.ph/PXWeb/pxweb/en/DB/DB__3D/0023C3DP020.px"
"..Southern Leyte b/","Coefficient of Variation","2006","11.42961","","2026-07-09T11-45-08-76271f5a60e0","https://openstat.psa.gov.ph/PXWeb/pxweb/en/DB/DB__3D/0023C3DP020.px"
"..Southern Leyte b/","Coefficient of Variation","2009","12.03998","","2026-07-09T11-45-08-76271f5a60e0","https://openstat.psa.gov.ph/PXWeb/pxweb/en/DB/DB__3D/0023C3DP020.px"
"..Southern Leyte b/","Coefficient of Variation","2012","16.37182","","2026-07-09T11-45-08-76271f5a60e0","https://openstat.psa.gov.ph/PXWeb/pxweb/en/DB/DB__3D/0023C3DP020.px"
"..Southern Leyte b/","Coefficient of Variation","2015","26.95338","","2026-07-09T11-45-08-76271f5a60e0","https://openstat.psa.gov.ph/PXWeb/pxweb/en/DB/DB__3D/0023C3DP020.px"
"..Southern Leyte b/","Magnitude of Poor Population Estimate","1991","","..","2026-07-09T11-45-08-76271f5a60e0","https://openstat.psa.gov.ph/PXWeb/pxweb/en/DB/DB__3D/0023C3DP020.px"
"..Southern Leyte b/","Magnitude of Poor Population Estimate","2006","123064.7","","2026-07-09T11-45-08-76271f5a60e0","https://openstat.psa.gov.ph/PXWeb/pxweb/en/DB/DB__3D/0023C3DP020.px"
"..Southern Leyte b/","Magnitude of Poor Population Estimate","2009","164487.3","","2026-07-09T11-45-08-76271f5a60e0","https://openstat.psa.gov.ph/PXWeb/pxweb/en/DB/DB__3D/0023C3DP020.px"
"..Southern Leyte b/","Magnitude of Poor Population Estimate","2012","174367.8","","2026-07-09T11-45-08-76271f5a60e0","https://openstat.psa.gov.ph/PXWeb/pxweb/en/DB/DB__3D/0023C3DP020.px"
"..Southern Leyte b/","Magnitude of Poor Population Estimate","2015","146726.1","","2026-07-09T11-45-08-76271f5a60e0","https://openstat.psa.gov.ph/PXWeb/pxweb/en/DB/DB__3D/0023C3DP020.px"
"..Western Samar b/","Annual Per Capita Poverty Threshold  (in Pesos)","1991","","..","2026-07-09T11-45-08-76271f5a60e0","https://openstat.psa.gov.ph/PXWeb/pxweb/en/DB/DB__3D/0023C3DP020.px"
"..Western Samar b/","Annual Per Capita Poverty Threshold  (in Pesos)","2006","11606.650356937","","2026-07-09T11-45-08-76271f5a60e0","https://openstat.psa.gov.ph/PXWeb/pxweb/en/DB/DB__3D/0023C3DP020.px"
"..Western Samar b/","Annual Per Capita Poverty Threshold  (in Pesos)","2009","15090.5075636798","","2026-07-09T11-45-08-76271f5a60e0","https://openstat.psa.gov.ph/PXWeb/pxweb/en/DB/DB__3D/0023C3DP020.px"
"..Western Samar b/","Annual Per Capita Poverty Threshold  (in Pesos)","2012","15890.8908558675","","2026-07-09T11-45-08-76271f5a60e0","https://openstat.psa.gov.ph/PXWeb/pxweb/en/DB/DB__3D/0023C3DP020.px"
"..Western Samar b/","Annual Per Capita Poverty Threshold  (in Pesos)","2015","20139","","2026-07-09T11-45-08-76271f5a60e0","https://openstat.psa.gov.ph/PXWeb/pxweb/en/DB/DB__3D/0023C3DP020.px"
"..Western Samar b/","Poverty Incidence among Population Estimate (%)","1991","","..","2026-07-09T11-45-08-76271f5a60e0","https://openstat.psa.gov.ph/PXWeb/pxweb/en/DB/DB__3D/0023C3DP020.px"
"..Western Samar b/","Poverty Incidence among Population Estimate (%)","2006","40.37389","","2026-07-09T11-45-08-76271f5a60e0","https://openstat.psa.gov.ph/PXWeb/pxweb/en/DB/DB__3D/0023C3DP020.px"
"..Western Samar b/","Poverty Incidence among Population Estimate (%)","2009","42.5027","","2026-07-09T11-45-08-76271f5a60e0","https://openstat.psa.gov.ph/PXWeb/pxweb/en/DB/DB__3D/0023C3DP020.px"
"..Western Samar b/","Poverty Incidence among Population Estimate (%)","2012","50.02708","","2026-07-09T11-45-08-76271f5a60e0","https://openstat.psa.gov.ph/PXWeb/pxweb/en/DB/DB__3D/0023C3DP020.px"
"..Western Samar b/","Poverty Incidence among Population Estimate (%)","2015","46.91832","","2026-07-09T11-45-08-76271f5a60e0","https://openstat.psa.gov.ph/PXWeb/pxweb/en/DB/DB__3D/0023C3DP020.px"
"..Western Samar b/","Coefficient of Variation","1991","","..","2026-07-09T11-45-08-76271f5a60e0","https://openstat.psa.gov.ph/PXWeb/pxweb/en/DB/DB__3D/0023C3DP020.px"
"..Western Samar b/","Coefficient of Variation","2006","12.06316","","2026-07-09T11-45-08-76271f5a60e0","https://openstat.psa.gov.ph/PXWeb/pxweb/en/DB/DB__3D/0023C3DP020.px"
"..Western Samar b/","Coefficient of Variation","2009","10.14969","","2026-07-09T11-45-08-76271f5a60e0","https://openstat.psa.gov.ph/PXWeb/pxweb/en/DB/DB__3D/0023C3DP020.px"
"..Western Samar b/","Coefficient of Variation","2012","10.96522","","2026-07-09T11-45-08-76271f5a60e0","https://openstat.psa.gov.ph/PXWeb/pxweb/en/DB/DB__3D/0023C3DP020.px"
"..Western Samar b/","Coefficient of Variation","2015","27.85341","","2026-07-09T11-45-08-76271f5a60e0","https://openstat.psa.gov.ph/PXWeb/pxweb/en/DB/DB__3D/0023C3DP020.px"
"..Western Samar b/","Magnitude of Poor Population Estimate","1991","","..","2026-07-09T11-45-08-76271f5a60e0","https://openstat.psa.gov.ph/PXWeb/pxweb/en/DB/DB__3D/0023C3DP020.px"
"..Western Samar b/","Magnitude of Poor Population Estimate","2006","269173.8","","2026-07-09T11-45-08-76271f5a60e0","https://openstat.psa.gov.ph/PXWeb/pxweb/en/DB/DB__3D/0023C3DP020.px"
"..Western Samar b/","Magnitude of Poor Population Estimate","2009","306015.3","","2026-07-09T11-45-08-76271f5a60e0","https://openstat.psa.gov.ph/PXWeb/pxweb/en/DB/DB__3D/0023C3DP020.px"
"..Western Samar b/","Magnitude of Poor Population Estimate","2012","361045.1","","2026-07-09T11-45-08-76271f5a60e0","https://openstat.psa.gov.ph/PXWeb/pxweb/en/DB/DB__3D/0023C3DP020.px"
"..Western Samar b/","Magnitude of Poor Population Estimate","2015","348947.8","","2026-07-09T11-45-08-76271f5a60e0","https://openstat.psa.gov.ph/PXWeb/pxweb/en/DB/DB__3D/0023C3DP020.px"
"Region IX","Annual Per Capita Poverty Threshold  (in Pesos)","1991","5329.6603271414","","2026-07-09T11-45-08-76271f5a60e0","https://openstat.psa.gov.ph/PXWeb/pxweb/en/DB/DB__3D/0023C3DP020.px"
"Region IX","Annual Per Capita Poverty Threshold  (in Pesos)","2006","12743.3436410841","","2026-07-09T11-45-08-76271f5a60e0","https://openstat.psa.gov.ph/PXWeb/pxweb/en/DB/DB__3D/0023C3DP020.px"
"Region IX","Annual Per Capita Poverty Threshold  (in Pesos)","2009","16259.9832374853","","2026-07-09T11-45-08-76271f5a60e0","https://openstat.psa.gov.ph/PXWeb/pxweb/en/DB/DB__3D/0023C3DP020.px"
"Region IX","Annual Per Capita Poverty Threshold  (in Pesos)","2012","18054.0576503741","","2026-07-09T11-45-08-76271f5a60e0","https://openstat.psa.gov.ph/PXWeb/pxweb/en/DB/DB__3D/0023C3DP020.px"
"Region IX","Annual Per Capita Poverty Threshold  (in Pesos)","2015","20925","","2026-07-09T11-45-08-76271f5a60e0","https://openstat.psa.gov.ph/PXWeb/pxweb/en/DB/DB__3D/0023C3DP020.px"
"Region IX","Poverty Incidence among Population Estimate (%)","1991","40.27374","","2026-07-09T11-45-08-76271f5a60e0","https://openstat.psa.gov.ph/PXWeb/pxweb/en/DB/DB__3D/0023C3DP020.px"
"Region IX","Poverty Incidence among Population Estimate (%)","2006","44.96358","","2026-07-09T11-45-08-76271f5a60e0","https://openstat.psa.gov.ph/PXWeb/pxweb/en/DB/DB__3D/0023C3DP020.px"
"Region IX","Poverty Incidence among Population Estimate (%)","2009","45.7703","","2026-07-09T11-45-08-76271f5a60e0","https://openstat.psa.gov.ph/PXWeb/pxweb/en/DB/DB__3D/0023C3DP020.px"
"Region IX","Poverty Incidence among Population Estimate (%)","2012","40.10553","","2026-07-09T11-45-08-76271f5a60e0","https://openstat.psa.gov.ph/PXWeb/pxweb/en/DB/DB__3D/0023C3DP020.px"
"Region IX","Poverty Incidence among Population Estimate (%)","2015","33.85814","","2026-07-09T11-45-08-76271f5a60e0","https://openstat.psa.gov.ph/PXWeb/pxweb/en/DB/DB__3D/0023C3DP020.px"
"Region IX","Coefficient of Variation","1991","11.52889","","2026-07-09T11-45-08-76271f5a60e0","https://openstat.psa.gov.ph/PXWeb/pxweb/en/DB/DB__3D/0023C3DP020.px"
"Region IX","Coefficient of Variation","2006","6.2992","","2026-07-09T11-45-08-76271f5a60e0","https://openstat.psa.gov.ph/PXWeb/pxweb/en/DB/DB__3D/0023C3DP020.px"
"Region IX","Coefficient of Variation","2009","5.895985","","2026-07-09T11-45-08-76271f5a60e0","https://openstat.psa.gov.ph/PXWeb/pxweb/en/DB/DB__3D/0023C3DP020.px"
"Region IX","Coefficient of Variation","2012","5.985635","","2026-07-09T11-45-08-76271f5a60e0","https://openstat.psa.gov.ph/PXWeb/pxweb/en/DB/DB__3D/0023C3DP020.px"
"Region IX","Coefficient of Variation","2015","12.82625","","2026-07-09T11-45-08-76271f5a60e0","https://openstat.psa.gov.ph/PXWeb/pxweb/en/DB/DB__3D/0023C3DP020.px"
"Region IX","Magnitude of Poor Population Estimate","1991","913814.5","","2026-07-09T11-45-08-76271f5a60e0","https://openstat.psa.gov.ph/PXWeb/pxweb/en/DB/DB__3D/0023C3DP020.px"
"Region IX","Magnitude of Poor Population Estimate","2006","1426807","","2026-07-09T11-45-08-76271f5a60e0","https://openstat.psa.gov.ph/PXWeb/pxweb/en/DB/DB__3D/0023C3DP020.px"
"Region IX","Magnitude of Poor Population Estimate","2009","1510806","","2026-07-09T11-45-08-76271f5a60e0","https://openstat.psa.gov.ph/PXWeb/pxweb/en/DB/DB__3D/0023C3DP020.px"
"Region IX","Magnitude of Poor Population Estimate","2012","1409819","","2026-07-09T11-45-08-76271f5a60e0","https://openstat.psa.gov.ph/PXWeb/pxweb/en/DB/DB__3D/0023C3DP020.px"
"Region IX","Magnitude of Poor Population Estimate","2015","1274657","","2026-07-09T11-45-08-76271f5a60e0","https://openstat.psa.gov.ph/PXWeb/pxweb/en/DB/DB__3D/0023C3DP020.px"
"..Zamboanga del Norte","Annual Per Capita Poverty Threshold  (in Pesos)","1991","","..","2026-07-09T11-45-08-76271f5a60e0","https://openstat.psa.gov.ph/PXWeb/pxweb/en/DB/DB__3D/0023C3DP020.px"
"..Zamboanga del Norte","Annual Per Capita Poverty Threshold  (in Pesos)","2006","13463.7681041618","","2026-07-09T11-45-08-76271f5a60e0","https://openstat.psa.gov.ph/PXWeb/pxweb/en/DB/DB__3D/0023C3DP020.px"
"..Zamboanga del Norte","Annual Per Capita Poverty Threshold  (in Pesos)","2009","17184.2600087355","","2026-07-09T11-45-08-76271f5a60e0","https://openstat.psa.gov.ph/PXWeb/pxweb/en/DB/DB__3D/0023C3DP020.px"
"..Zamboanga del Norte","Annual Per Capita Poverty Threshold  (in Pesos)","2012","18482.5697955905","","2026-07-09T11-45-08-76271f5a60e0","https://openstat.psa.gov.ph/PXWeb/pxweb/en/DB/DB__3D/0023C3DP020.px"
"..Zamboanga del Norte","Annual Per Capita Poverty Threshold  (in Pesos)","2015","21725","","2026-07-09T11-45-08-76271f5a60e0","https://openstat.psa.gov.ph/PXWeb/pxweb/en/DB/DB__3D/0023C3DP020.px"
"..Zamboanga del Norte","Poverty Incidence among Population Estimate (%)","1991","","..","2026-07-09T11-45-08-76271f5a60e0","https://openstat.psa.gov.ph/PXWeb/pxweb/en/DB/DB__3D/0023C3DP020.px"
"..Zamboanga del Norte","Poverty Incidence among Population Estimate (%)","2006","65.47551","","2026-07-09T11-45-08-76271f5a60e0","https://openstat.psa.gov.ph/PXWeb/pxweb/en/DB/DB__3D/0023C3DP020.px"
"..Zamboanga del Norte","Poverty Incidence among Population Estimate (%)","2009","68.50836","","2026-07-09T11-45-08-76271f5a60e0","https://openstat.psa.gov.ph/PXWeb/pxweb/en/DB/DB__3D/0023C3DP020.px"
"..Zamboanga del Norte","Poverty Incidence among Population Estimate (%)","2012","54.3604","","2026-07-09T11-45-08-76271f5a60e0","https://openstat.psa.gov.ph/PXWeb/pxweb/en/DB/DB__3D/0023C3DP020.px"
"..Zamboanga del Norte","Poverty Incidence among Population Estimate (%)","2015","51.56427","","2026-07-09T11-45-08-76271f5a60e0","https://openstat.psa.gov.ph/PXWeb/pxweb/en/DB/DB__3D/0023C3DP020.px"
"..Zamboanga del Norte","Coefficient of Variation","1991","","..","2026-07-09T11-45-08-76271f5a60e0","https://openstat.psa.gov.ph/PXWeb/pxweb/en/DB/DB__3D/0023C3DP020.px"
"..Zamboanga del Norte","Coefficient of Variation","2006","8.011643","","2026-07-09T11-45-08-76271f5a60e0","https://openstat.psa.gov.ph/PXWeb/pxweb/en/DB/DB__3D/0023C3DP020.px"
"..Zamboanga del Norte","Coefficient of Variation","2009","5.975038","","2026-07-09T11-45-08-76271f5a60e0","https://openstat.psa.gov.ph/PXWeb/pxweb/en/DB/DB__3D/0023C3DP020.px"
"..Zamboanga del Norte","Coefficient of Variation","2012","10.24158","","2026-07-09T11-45-08-76271f5a60e0","https://openstat.psa.gov.ph/PXWeb/pxweb/en/DB/DB__3D/0023C3DP020.px"
"..Zamboanga del Norte","Coefficient of Variation","2015","11.84641","","2026-07-09T11-45-08-76271f5a60e0","https://openstat.psa.gov.ph/PXWeb/pxweb/en/DB/DB__3D/0023C3DP020.px"
"..Zamboanga del Norte","Magnitude of Poor Population Estimate","1991","","..","2026-07-09T11-45-08-76271f5a60e0","https://openstat.psa.gov.ph/PXWeb/pxweb/en/DB/DB__3D/0023C3DP020.px"
"..Zamboanga del Norte","Magnitude of Poor Population Estimate","2006","597172.7","","2026-07-09T11-45-08-76271f5a60e0","https://openstat.psa.gov.ph/PXWeb/pxweb/en/DB/DB__3D/0023C3DP020.px"
"..Zamboanga del Norte","Magnitude of Poor Population Estimate","2009","650866.7","","2026-07-09T11-45-08-76271f5a60e0","https://openstat.psa.gov.ph/PXWeb/pxweb/en/DB/DB__3D/0023C3DP020.px"
"..Zamboanga del Norte","Magnitude of Poor Population Estimate","2012","518346.9","","2026-07-09T11-45-08-76271f5a60e0","https://openstat.psa.gov.ph/PXWeb/pxweb/en/DB/DB__3D/0023C3DP020.px"
"..Zamboanga del Norte","Magnitude of Poor Population Estimate","2015","588450.5","","2026-07-09T11-45-08-76271f5a60e0","https://openstat.psa.gov.ph/PXWeb/pxweb/en/DB/DB__3D/0023C3DP020.px"
"..Zamboanga del Sur b/","Annual Per Capita Poverty Threshold  (in Pesos)","1991","","..","2026-07-09T11-45-08-76271f5a60e0","https://openstat.psa.gov.ph/PXWeb/pxweb/en/DB/DB__3D/0023C3DP020.px"
"..Zamboanga del Sur b/","Annual Per Capita Poverty Threshold  (in Pesos)","2006","11508.3274553009","","2026-07-09T11-45-08-76271f5a60e0","https://openstat.psa.gov.ph/PXWeb/pxweb/en/DB/DB__3D/0023C3DP020.px"
"..Zamboanga del Sur b/","Annual Per Capita Poverty Threshold  (in Pesos)","2009","14679.0555901756","","2026-07-09T11-45-08-76271f5a60e0","https://openstat.psa.gov.ph/PXWeb/pxweb/en/DB/DB__3D/0023C3DP020.px"
"..Zamboanga del Sur b/","Annual Per Capita Poverty Threshold  (in Pesos)","2012","17961.0410024215","","2026-07-09T11-45-08-76271f5a60e0","https://openstat.psa.gov.ph/PXWeb/pxweb/en/DB/DB__3D/0023C3DP020.px"
"..Zamboanga del Sur b/","Annual Per Capita Poverty Threshold  (in Pesos)","2015","20095","","2026-07-09T11-45-08-76271f5a60e0","https://openstat.psa.gov.ph/PXWeb/pxweb/en/DB/DB__3D/0023C3DP020.px"
"..Zamboanga del Sur b/","Poverty Incidence among Population Estimate (%)","1991","","..","2026-07-09T11-45-08-76271f5a60e0","https://openstat.psa.gov.ph/PXWeb/pxweb/en/DB/DB__3D/0023C3DP020.px"
"..Zamboanga del Sur b/","Poverty Incidence among Population Estimate (%)","2006","31.68208","","2026-07-09T11-45-08-76271f5a60e0","https://openstat.psa.gov.ph/PXWeb/pxweb/en/DB/DB__3D/0023C3DP020.px"
"..Zamboanga del Sur b/","Poverty Incidence among Population Estimate (%)","2009","31.60714","","2026-07-09T11-45-08-76271f5a60e0","https://openstat.psa.gov.ph/PXWeb/pxweb/en/DB/DB__3D/0023C3DP020.px"
"..Zamboanga del Sur b/","Poverty Incidence among Population Estimate (%)","2012","32.02876","","2026-07-09T11-45-08-76271f5a60e0","https://openstat.psa.gov.ph/PXWeb/pxweb/en/DB/DB__3D/0023C3DP020.px"
"..Zamboanga del Sur b/","Poverty Incidence among Population Estimate (%)","2015","24.77274","","2026-07-09T11-45-08-76271f5a60e0","https://openstat.psa.gov.ph/PXWeb/pxweb/en/DB/DB__3D/0023C3DP020.px"
"..Zamboanga del Sur b/","Coefficient of Variation","1991","","..","2026-07-09T11-45-08-76271f5a60e0","https://openstat.psa.gov.ph/PXWeb/pxweb/en/DB/DB__3D/0023C3DP020.px"
"..Zamboanga del Sur b/","Coefficient of Variation","2006","10.08171","","2026-07-09T11-45-08-76271f5a60e0","https://openstat.psa.gov.ph/PXWeb/pxweb/en/DB/DB__3D/0023C3DP020.px"
"..Zamboanga del Sur b/","Coefficient of Variation","2009","10.05371","","2026-07-09T11-45-08-76271f5a60e0","https://openstat.psa.gov.ph/PXWeb/pxweb/en/DB/DB__3D/0023C3DP020.px"
"..Zamboanga del Sur b/","Coefficient of Variation","2012","10.56882","","2026-07-09T11-45-08-76271f5a60e0","https://openstat.psa.gov.ph/PXWeb/pxweb/en/DB/DB__3D/0023C3DP020.px"
"..Zamboanga del Sur b/","Coefficient of Variation","2015","22.42546","","2026-07-09T11-45-08-76271f5a60e0","https://openstat.psa.gov.ph/PXWeb/pxweb/en/DB/DB__3D/0023C3DP020.px"
"..Zamboanga del Sur b/","Magnitude of Poor Population Estimate","1991","","..","2026-07-09T11-45-08-76271f5a60e0","https://openstat.psa.gov.ph/PXWeb/pxweb/en/DB/DB__3D/0023C3DP020.px"
"..Zamboanga del Sur b/","Magnitude of Poor Population Estimate","2006","515054.6","","2026-07-09T11-45-08-76271f5a60e0","https://openstat.psa.gov.ph/PXWeb/pxweb/en/DB/DB__3D/0023C3DP020.px"
"..Zamboanga del Sur b/","Magnitude of Poor Population Estimate","2009","532271.4","","2026-07-09T11-45-08-76271f5a60e0","https://openstat.psa.gov.ph/PXWeb/pxweb/en/DB/DB__3D/0023C3DP020.px"
"..Zamboanga del Sur b/","Magnitude of Poor Population Estimate","2012","587598.4","","2026-07-09T11-45-08-76271f5a60e0","https://openstat.psa.gov.ph/PXWeb/pxweb/en/DB/DB__3D/0023C3DP020.px"
"..Zamboanga del Sur b/","Magnitude of Poor Population Estimate","2015","476765.3","","2026-07-09T11-45-08-76271f5a60e0","https://openstat.psa.gov.ph/PXWeb/pxweb/en/DB/DB__3D/0023C3DP020.px"
"..Zamboanga Sibugay","Annual Per Capita Poverty Threshold  (in Pesos)","1991","","..","2026-07-09T11-45-08-76271f5a60e0","https://openstat.psa.gov.ph/PXWeb/pxweb/en/DB/DB__3D/0023C3DP020.px"
"..Zamboanga Sibugay","Annual Per Capita Poverty Threshold  (in Pesos)","2006","13388.7813580109","","2026-07-09T11-45-08-76271f5a60e0","https://openstat.psa.gov.ph/PXWeb/pxweb/en/DB/DB__3D/0023C3DP020.px"
"..Zamboanga Sibugay","Annual Per Capita Poverty Threshold  (in Pesos)","2009","17046.1527094889","","2026-07-09T11-45-08-76271f5a60e0","https://openstat.psa.gov.ph/PXWeb/pxweb/en/DB/DB__3D/0023C3DP020.px"
"..Zamboanga Sibugay","Annual Per Capita Poverty Threshold  (in Pesos)","2012","17337.7848588091","","2026-07-09T11-45-08-76271f5a60e0","https://openstat.psa.gov.ph/PXWeb/pxweb/en/DB/DB__3D/0023C3DP020.px"
"..Zamboanga Sibugay","Annual Per Capita Poverty Threshold  (in Pesos)","2015","20551","","2026-07-09T11-45-08-76271f5a60e0","https://openstat.psa.gov.ph/PXWeb/pxweb/en/DB/DB__3D/0023C3DP020.px"
"..Zamboanga Sibugay","Poverty Incidence among Population Estimate (%)","1991","","..","2026-07-09T11-45-08-76271f5a60e0","https://openstat.psa.gov.ph/PXWeb/pxweb/en/DB/DB__3D/0023C3DP020.px"
"..Zamboanga Sibugay","Poverty Incidence among Population Estimate (%)","2006","50.66237","","2026-07-09T11-45-08-76271f5a60e0","https://openstat.psa.gov.ph/PXWeb/pxweb/en/DB/DB__3D/0023C3DP020.px"
"..Zamboanga Sibugay","Poverty Incidence among Population Estimate (%)","2009","52.73972","","2026-07-09T11-45-08-76271f5a60e0","https://openstat.psa.gov.ph/PXWeb/pxweb/en/DB/DB__3D/0023C3DP020.px"
"..Zamboanga Sibugay","Poverty Incidence among Population Estimate (%)","2012","44.83873","","2026-07-09T11-45-08-76271f5a60e0","https://openstat.psa.gov.ph/PXWeb/pxweb/en/DB/DB__3D/0023C3DP020.px"
"..Zamboanga Sibugay","Poverty Incidence among Population Estimate (%)","2015","31.65744","","2026-07-09T11-45-08-76271f5a60e0","https://openstat.psa.gov.ph/PXWeb/pxweb/en/DB/DB__3D/0023C3DP020.px"
"..Zamboanga Sibugay","Coefficient of Variation","1991","","..","2026-07-09T11-45-08-76271f5a60e0","https://openstat.psa.gov.ph/PXWeb/pxweb/en/DB/DB__3D/0023C3DP020.px"
"..Zamboanga Sibugay","Coefficient of Variation","2006","12.80869","","2026-07-09T11-45-08-76271f5a60e0","https://openstat.psa.gov.ph/PXWeb/pxweb/en/DB/DB__3D/0023C3DP020.px"
"..Zamboanga Sibugay","Coefficient of Variation","2009","8.38049","","2026-07-09T11-45-08-76271f5a60e0","https://openstat.psa.gov.ph/PXWeb/pxweb/en/DB/DB__3D/0023C3DP020.px"
"..Zamboanga Sibugay","Coefficient of Variation","2012","10.81978","","2026-07-09T11-45-08-76271f5a60e0","https://openstat.psa.gov.ph/PXWeb/pxweb/en/DB/DB__3D/0023C3DP020.px"
"..Zamboanga Sibugay","Coefficient of Variation","2015","17.58515","","2026-07-09T11-45-08-76271f5a60e0","https://openstat.psa.gov.ph/PXWeb/pxweb/en/DB/DB__3D/0023C3DP020.px"
"..Zamboanga Sibugay","Magnitude of Poor Population Estimate","1991","","..","2026-07-09T11-45-08-76271f5a60e0","https://openstat.psa.gov.ph/PXWeb/pxweb/en/DB/DB__3D/0023C3DP020.px"
"..Zamboanga Sibugay","Magnitude of Poor Population Estimate","2006","279277.5","","2026-07-09T11-45-08-76271f5a60e0","https://openstat.psa.gov.ph/PXWeb/pxweb/en/DB/DB__3D/0023C3DP020.px"
"..Zamboanga Sibugay","Magnitude of Poor Population Estimate","2009","301717.7","","2026-07-09T11-45-08-76271f5a60e0","https://openstat.psa.gov.ph/PXWeb/pxweb/en/DB/DB__3D/0023C3DP020.px"
"..Zamboanga Sibugay","Magnitude of Poor Population Estimate","2012","282355.2","","2026-07-09T11-45-08-76271f5a60e0","https://openstat.psa.gov.ph/PXWeb/pxweb/en/DB/DB__3D/0023C3DP020.px"
"..Zamboanga Sibugay","Magnitude of Poor Population Estimate","2015","164230.3","","2026-07-09T11-45-08-76271f5a60e0","https://openstat.psa.gov.ph/PXWeb/pxweb/en/DB/DB__3D/0023C3DP020.px"
"..Isabela City b/, c/","Annual Per Capita Poverty Threshold  (in Pesos)","1991","","..","2026-07-09T11-45-08-76271f5a60e0","https://openstat.psa.gov.ph/PXWeb/pxweb/en/DB/DB__3D/0023C3DP020.px"
"..Isabela City b/, c/","Annual Per Capita Poverty Threshold  (in Pesos)","2006","12762.7059762633","","2026-07-09T11-45-08-76271f5a60e0","https://openstat.psa.gov.ph/PXWeb/pxweb/en/DB/DB__3D/0023C3DP020.px"
"..Isabela City b/, c/","Annual Per Capita Poverty Threshold  (in Pesos)","2009","16364.0383749487","","2026-07-09T11-45-08-76271f5a60e0","https://openstat.psa.gov.ph/PXWeb/pxweb/en/DB/DB__3D/0023C3DP020.px"
"..Isabela City b/, c/","Annual Per Capita Poverty Threshold  (in Pesos)","2012","19670.4668512734","","2026-07-09T11-45-08-76271f5a60e0","https://openstat.psa.gov.ph/PXWeb/pxweb/en/DB/DB__3D/0023C3DP020.px"
"..Isabela City b/, c/","Annual Per Capita Poverty Threshold  (in Pesos)","2015","20617","","2026-07-09T11-45-08-76271f5a60e0","https://openstat.psa.gov.ph/PXWeb/pxweb/en/DB/DB__3D/0023C3DP020.px"
"..Isabela City b/, c/","Poverty Incidence among Population Estimate (%)","1991","","..","2026-07-09T11-45-08-76271f5a60e0","https://openstat.psa.gov.ph/PXWeb/pxweb/en/DB/DB__3D/0023C3DP020.px"
"..Isabela City b/, c/","Poverty Incidence among Population Estimate (%)","2006","41.90367","","2026-07-09T11-45-08-76271f5a60e0","https://openstat.psa.gov.ph/PXWeb/pxweb/en/DB/DB__3D/0023C3DP020.px"
"..Isabela City b/, c/","Poverty Incidence among Population Estimate (%)","2009","27.40893","","2026-07-09T11-45-08-76271f5a60e0","https://openstat.psa.gov.ph/PXWeb/pxweb/en/DB/DB__3D/0023C3DP020.px"
"..Isabela City b/, c/","Poverty Incidence among Population Estimate (%)","2012","22.08663","","2026-07-09T11-45-08-76271f5a60e0","https://openstat.psa.gov.ph/PXWeb/pxweb/en/DB/DB__3D/0023C3DP020.px"
"..Isabela City b/, c/","Poverty Incidence among Population Estimate (%)","2015","25.09333","","2026-07-09T11-45-08-76271f5a60e0","https://openstat.psa.gov.ph/PXWeb/pxweb/en/DB/DB__3D/0023C3DP020.px"
"..Isabela City b/, c/","Coefficient of Variation","1991","","..","2026-07-09T11-45-08-76271f5a60e0","https://openstat.psa.gov.ph/PXWeb/pxweb/en/DB/DB__3D/0023C3DP020.px"
"..Isabela City b/, c/","Coefficient of Variation","2006","43.70037","","2026-07-09T11-45-08-76271f5a60e0","https://openstat.psa.gov.ph/PXWeb/pxweb/en/DB/DB__3D/0023C3DP020.px"
"..Isabela City b/, c/","Coefficient of Variation","2009","27.70581","","2026-07-09T11-45-08-76271f5a60e0","https://openstat.psa.gov.ph/PXWeb/pxweb/en/DB/DB__3D/0023C3DP020.px"
"..Isabela City b/, c/","Coefficient of Variation","2012","9.249802","","2026-07-09T11-45-08-76271f5a60e0","https://openstat.psa.gov.ph/PXWeb/pxweb/en/DB/DB__3D/0023C3DP020.px"
"..Isabela City b/, c/","Coefficient of Variation","2015","29.54293","","2026-07-09T11-45-08-76271f5a60e0","https://openstat.psa.gov.ph/PXWeb/pxweb/en/DB/DB__3D/0023C3DP020.px"
"..Isabela City b/, c/","Magnitude of Poor Population Estimate","1991","","..","2026-07-09T11-45-08-76271f5a60e0","https://openstat.psa.gov.ph/PXWeb/pxweb/en/DB/DB__3D/0023C3DP020.px"
"..Isabela City b/, c/","Magnitude of Poor Population Estimate","2006","35301.86","","2026-07-09T11-45-08-76271f5a60e0","https://openstat.psa.gov.ph/PXWeb/pxweb/en/DB/DB__3D/0023C3DP020.px"
"..Isabela City b/, c/","Magnitude of Poor Population Estimate","2009","25950.24","","2026-07-09T11-45-08-76271f5a60e0","https://openstat.psa.gov.ph/PXWeb/pxweb/en/DB/DB__3D/0023C3DP020.px"
"..Isabela City b/, c/","Magnitude of Poor Population Estimate","2012","21517.98","","2026-07-09T11-45-08-76271f5a60e0","https://openstat.psa.gov.ph/PXWeb/pxweb/en/DB/DB__3D/0023C3DP020.px"
"..Isabela City b/, c/","Magnitude of Poor Population Estimate","2015","45211.13","","2026-07-09T11-45-08-76271f5a60e0","https://openstat.psa.gov.ph/PXWeb/pxweb/en/DB/DB__3D/0023C3DP020.px"
"Region X","Annual Per Capita Poverty Threshold  (in Pesos)","1991","5529.0723789394","","2026-07-09T11-45-08-76271f5a60e0","https://openstat.psa.gov.ph/PXWeb/pxweb/en/DB/DB__3D/0023C3DP020.px"
"Region X","Annual Per Capita Poverty Threshold  (in Pesos)","2006","12917.1800898253","","2026-07-09T11-45-08-76271f5a60e0","https://openstat.psa.gov.ph/PXWeb/pxweb/en/DB/DB__3D/0023C3DP020.px"
"Region X","Annual Per Capita Poverty Threshold  (in Pesos)","2009","16878.4435982945","","2026-07-09T11-45-08-76271f5a60e0","https://openstat.psa.gov.ph/PXWeb/pxweb/en/DB/DB__3D/0023C3DP020.px"
"Region X","Annual Per Capita Poverty Threshold  (in Pesos)","2012","19334.747778599","","2026-07-09T11-45-08-76271f5a60e0","https://openstat.psa.gov.ph/PXWeb/pxweb/en/DB/DB__3D/0023C3DP020.px"
"Region X","Annual Per Capita Poverty Threshold  (in Pesos)","2015","22345","","2026-07-09T11-45-08-76271f5a60e0","https://openstat.psa.gov.ph/PXWeb/pxweb/en/DB/DB__3D/0023C3DP020.px"
"Region X","Poverty Incidence among Population Estimate (%)","1991","46.59507","","2026-07-09T11-45-08-76271f5a60e0","https://openstat.psa.gov.ph/PXWeb/pxweb/en/DB/DB__3D/0023C3DP020.px"
"Region X","Poverty Incidence among Population Estimate (%)","2006","39.00815","","2026-07-09T11-45-08-76271f5a60e0","https://openstat.psa.gov.ph/PXWeb/pxweb/en/DB/DB__3D/0023C3DP020.px"
"Region X","Poverty Incidence among Population Estimate (%)","2009","40.10589","","2026-07-09T11-45-08-76271f5a60e0","https://openstat.psa.gov.ph/PXWeb/pxweb/en/DB/DB__3D/0023C3DP020.px"
"Region X","Poverty Incidence among Population Estimate (%)","2012","39.47115","","2026-07-09T11-45-08-76271f5a60e0","https://openstat.psa.gov.ph/PXWeb/pxweb/en/DB/DB__3D/0023C3DP020.px"
"Region X","Poverty Incidence among Population Estimate (%)","2015","36.55368","","2026-07-09T11-45-08-76271f5a60e0","https://openstat.psa.gov.ph/PXWeb/pxweb/en/DB/DB__3D/0023C3DP020.px"
"Region X","Coefficient of Variation","1991","8.722845","","2026-07-09T11-45-08-76271f5a60e0","https://openstat.psa.gov.ph/PXWeb/pxweb/en/DB/DB__3D/0023C3DP020.px"
"Region X","Coefficient of Variation","2006","5.592307","","2026-07-09T11-45-08-76271f5a60e0","https://openstat.psa.gov.ph/PXWeb/pxweb/en/DB/DB__3D/0023C3DP020.px"
"Region X","Coefficient of Variation","2009","5.577694","","2026-07-09T11-45-08-76271f5a60e0","https://openstat.psa.gov.ph/PXWeb/pxweb/en/DB/DB__3D/0023C3DP020.px"
"Region X","Coefficient of Variation","2012","6.942562","","2026-07-09T11-45-08-76271f5a60e0","https://openstat.psa.gov.ph/PXWeb/pxweb/en/DB/DB__3D/0023C3DP020.px"
"Region X","Coefficient of Variation","2015","9.365899","","2026-07-09T11-45-08-76271f5a60e0","https://openstat.psa.gov.ph/PXWeb/pxweb/en/DB/DB__3D/0023C3DP020.px"
"Region X","Magnitude of Poor Population Estimate","1991","1403070","","2026-07-09T11-45-08-76271f5a60e0","https://openstat.psa.gov.ph/PXWeb/pxweb/en/DB/DB__3D/0023C3DP020.px"
"Region X","Magnitude of Poor Population Estimate","2006","1550490","","2026-07-09T11-45-08-76271f5a60e0","https://openstat.psa.gov.ph/PXWeb/pxweb/en/DB/DB__3D/0023C3DP020.px"
"Region X","Magnitude of Poor Population Estimate","2009","1661208","","2026-07-09T11-45-08-76271f5a60e0","https://openstat.psa.gov.ph/PXWeb/pxweb/en/DB/DB__3D/0023C3DP020.px"
"Region X","Magnitude of Poor Population Estimate","2012","1759570","","2026-07-09T11-45-08-76271f5a60e0","https://openstat.psa.gov.ph/PXWeb/pxweb/en/DB/DB__3D/0023C3DP020.px"
"Region X","Magnitude of Poor Population Estimate","2015","1720472","","2026-07-09T11-45-08-76271f5a60e0","https://openstat.psa.gov.ph/PXWeb/pxweb/en/DB/DB__3D/0023C3DP020.px"
"..Bukidnon","Annual Per Capita Poverty Threshold  (in Pesos)","1991","","..","2026-07-09T11-45-08-76271f5a60e0","https://openstat.psa.gov.ph/PXWeb/pxweb/en/DB/DB__3D/0023C3DP020.px"
"..Bukidnon","Annual Per Capita Poverty Threshold  (in Pesos)","2006","13150.1331171037","","2026-07-09T11-45-08-76271f5a60e0","https://openstat.psa.gov.ph/PXWeb/pxweb/en/DB/DB__3D/0023C3DP020.px"
"..Bukidnon","Annual Per Capita Poverty Threshold  (in Pesos)","2009","17209.5987476394","","2026-07-09T11-45-08-76271f5a60e0","https://openstat.psa.gov.ph/PXWeb/pxweb/en/DB/DB__3D/0023C3DP020.px"
"..Bukidnon","Annual Per Capita Poverty Threshold  (in Pesos)","2012","20114.8669373128","","2026-07-09T11-45-08-76271f5a60e0","https://openstat.psa.gov.ph/PXWeb/pxweb/en/DB/DB__3D/0023C3DP020.px"
"..Bukidnon","Annual Per Capita Poverty Threshold  (in Pesos)","2015","23682","","2026-07-09T11-45-08-76271f5a60e0","https://openstat.psa.gov.ph/PXWeb/pxweb/en/DB/DB__3D/0023C3DP020.px"
"..Bukidnon","Poverty Incidence among Population Estimate (%)","1991","","..","2026-07-09T11-45-08-76271f5a60e0","https://openstat.psa.gov.ph/PXWeb/pxweb/en/DB/DB__3D/0023C3DP020.px"
"..Bukidnon","Poverty Incidence among Population Estimate (%)","2006","43.55044","","2026-07-09T11-45-08-76271f5a60e0","https://openstat.psa.gov.ph/PXWeb/pxweb/en/DB/DB__3D/0023C3DP020.px"
"..Bukidnon","Poverty Incidence among Population Estimate (%)","2009","45.96874","","2026-07-09T11-45-08-76271f5a60e0","https://openstat.psa.gov.ph/PXWeb/pxweb/en/DB/DB__3D/0023C3DP020.px"
"..Bukidnon","Poverty Incidence among Population Estimate (%)","2012","49.00081","","2026-07-09T11-45-08-76271f5a60e0","https://openstat.psa.gov.ph/PXWeb/pxweb/en/DB/DB__3D/0023C3DP020.px"
"..Bukidnon","Poverty Incidence among Population Estimate (%)","2015","53.59184","","2026-07-09T11-45-08-76271f5a60e0","https://openstat.psa.gov.ph/PXWeb/pxweb/en/DB/DB__3D/0023C3DP020.px"
"..Bukidnon","Coefficient of Variation","1991","","..","2026-07-09T11-45-08-76271f5a60e0","https://openstat.psa.gov.ph/PXWeb/pxweb/en/DB/DB__3D/0023C3DP020.px"
"..Bukidnon","Coefficient of Variation","2006","12.22371","","2026-07-09T11-45-08-76271f5a60e0","https://openstat.psa.gov.ph/PXWeb/pxweb/en/DB/DB__3D/0023C3DP020.px"
"..Bukidnon","Coefficient of Variation","2009","9.728603","","2026-07-09T11-45-08-76271f5a60e0","https://openstat.psa.gov.ph/PXWeb/pxweb/en/DB/DB__3D/0023C3DP020.px"
"..Bukidnon","Coefficient of Variation","2012","8.566573","","2026-07-09T11-45-08-76271f5a60e0","https://openstat.psa.gov.ph/PXWeb/pxweb/en/DB/DB__3D/0023C3DP020.px"
"..Bukidnon","Coefficient of Variation","2015","7.424714","","2026-07-09T11-45-08-76271f5a60e0","https://openstat.psa.gov.ph/PXWeb/pxweb/en/DB/DB__3D/0023C3DP020.px"
"..Bukidnon","Magnitude of Poor Population Estimate","1991","","..","2026-07-09T11-45-08-76271f5a60e0","https://openstat.psa.gov.ph/PXWeb/pxweb/en/DB/DB__3D/0023C3DP020.px"
"..Bukidnon","Magnitude of Poor Population Estimate","2006","531118.6","","2026-07-09T11-45-08-76271f5a60e0","https://openstat.psa.gov.ph/PXWeb/pxweb/en/DB/DB__3D/0023C3DP020.px"
"..Bukidnon","Magnitude of Poor Population Estimate","2009","579991.5","","2026-07-09T11-45-08-76271f5a60e0","https://openstat.psa.gov.ph/PXWeb/pxweb/en/DB/DB__3D/0023C3DP020.px"
"..Bukidnon","Magnitude of Poor Population Estimate","2012","664157.9","","2026-07-09T11-45-08-76271f5a60e0","https://openstat.psa.gov.ph/PXWeb/pxweb/en/DB/DB__3D/0023C3DP020.px"
"..Bukidnon","Magnitude of Poor Population Estimate","2015","732026.6","","2026-07-09T11-45-08-76271f5a60e0","https://openstat.psa.gov.ph/PXWeb/pxweb/en/DB/DB__3D/0023C3DP020.px"
"..Camiguin c/","Annual Per Capita Poverty Threshold  (in Pesos)","1991","","..","2026-07-09T11-45-08-76271f5a60e0","https://openstat.psa.gov.ph/PXWeb/pxweb/en/DB/DB__3D/0023C3DP020.px"
"..Camiguin c/","Annual Per Capita Poverty Threshold  (in Pesos)","2006","12151.6452751703","","2026-07-09T11-45-08-76271f5a60e0","https://openstat.psa.gov.ph/PXWeb/pxweb/en/DB/DB__3D/0023C3DP020.px"
"..Camiguin c/","Annual Per Capita Poverty Threshold  (in Pesos)","2009","16022.3140504329","","2026-07-09T11-45-08-76271f5a60e0","https://openstat.psa.gov.ph/PXWeb/pxweb/en/DB/DB__3D/0023C3DP020.px"
"..Camiguin c/","Annual Per Capita Poverty Threshold  (in Pesos)","2012","21521.2265824841","","2026-07-09T11-45-08-76271f5a60e0","https://openstat.psa.gov.ph/PXWeb/pxweb/en/DB/DB__3D/0023C3DP020.px"
"..Camiguin c/","Annual Per Capita Poverty Threshold  (in Pesos)","2015","21678","","2026-07-09T11-45-08-76271f5a60e0","https://openstat.psa.gov.ph/PXWeb/pxweb/en/DB/DB__3D/0023C3DP020.px"
"..Camiguin c/","Poverty Incidence among Population Estimate (%)","1991","","..","2026-07-09T11-45-08-76271f5a60e0","https://openstat.psa.gov.ph/PXWeb/pxweb/en/DB/DB__3D/0023C3DP020.px"
"..Camiguin c/","Poverty Incidence among Population Estimate (%)","2006","34.59677","","2026-07-09T11-45-08-76271f5a60e0","https://openstat.psa.gov.ph/PXWeb/pxweb/en/DB/DB__3D/0023C3DP020.px"
"..Camiguin c/","Poverty Incidence among Population Estimate (%)","2009","25.5469","","2026-07-09T11-45-08-76271f5a60e0","https://openstat.psa.gov.ph/PXWeb/pxweb/en/DB/DB__3D/0023C3DP020.px"
"..Camiguin c/","Poverty Incidence among Population Estimate (%)","2012","53.57688","","2026-07-09T11-45-08-76271f5a60e0","https://openstat.psa.gov.ph/PXWeb/pxweb/en/DB/DB__3D/0023C3DP020.px"
"..Camiguin c/","Poverty Incidence among Population Estimate (%)","2015","34.0081","","2026-07-09T11-45-08-76271f5a60e0","https://openstat.psa.gov.ph/PXWeb/pxweb/en/DB/DB__3D/0023C3DP020.px"
"..Camiguin c/","Coefficient of Variation","1991","","..","2026-07-09T11-45-08-76271f5a60e0","https://openstat.psa.gov.ph/PXWeb/pxweb/en/DB/DB__3D/0023C3DP020.px"
"..Camiguin c/","Coefficient of Variation","2006","23.70521","","2026-07-09T11-45-08-76271f5a60e0","https://openstat.psa.gov.ph/PXWeb/pxweb/en/DB/DB__3D/0023C3DP020.px"
"..Camiguin c/","Coefficient of Variation","2009","13.5176","","2026-07-09T11-45-08-76271f5a60e0","https://openstat.psa.gov.ph/PXWeb/pxweb/en/DB/DB__3D/0023C3DP020.px"
"..Camiguin c/","Coefficient of Variation","2012","3.088066","","2026-07-09T11-45-08-76271f5a60e0","https://openstat.psa.gov.ph/PXWeb/pxweb/en/DB/DB__3D/0023C3DP020.px"
"..Camiguin c/","Coefficient of Variation","2015","15.13029","","2026-07-09T11-45-08-76271f5a60e0","https://openstat.psa.gov.ph/PXWeb/pxweb/en/DB/DB__3D/0023C3DP020.px"
"..Camiguin c/","Magnitude of Poor Population Estimate","1991","","..","2026-07-09T11-45-08-76271f5a60e0","https://openstat.psa.gov.ph/PXWeb/pxweb/en/DB/DB__3D/0023C3DP020.px"
"..Camiguin c/","Magnitude of Poor Population Estimate","2006","28073.26","","2026-07-09T11-45-08-76271f5a60e0","https://openstat.psa.gov.ph/PXWeb/pxweb/en/DB/DB__3D/0023C3DP020.px"
"..Camiguin c/","Magnitude of Poor Population Estimate","2009","21182.66","","2026-07-09T11-45-08-76271f5a60e0","https://openstat.psa.gov.ph/PXWeb/pxweb/en/DB/DB__3D/0023C3DP020.px"
"..Camiguin c/","Magnitude of Poor Population Estimate","2012","48774.48","","2026-07-09T11-45-08-76271f5a60e0","https://openstat.psa.gov.ph/PXWeb/pxweb/en/DB/DB__3D/0023C3DP020.px"
"..Camiguin c/","Magnitude of Poor Population Estimate","2015","36182.3","","2026-07-09T11-45-08-76271f5a60e0","https://openstat.psa.gov.ph/PXWeb/pxweb/en/DB/DB__3D/0023C3DP020.px"
"..Lanao del Norte b/","Annual Per Capita Poverty Threshold  (in Pesos)","1991","","..","2026-07-09T11-45-08-76271f5a60e0","https://openstat.psa.gov.ph/PXWeb/pxweb/en/DB/DB__3D/0023C3DP020.px"
"..Lanao del Norte b/","Annual Per Capita Poverty Threshold  (in Pesos)","2006","12519.4508305681","","2026-07-09T11-45-08-76271f5a60e0","https://openstat.psa.gov.ph/PXWeb/pxweb/en/DB/DB__3D/0023C3DP020.px"
"..Lanao del Norte b/","Annual Per Capita Poverty Threshold  (in Pesos)","2009","16392.7831427639","","2026-07-09T11-45-08-76271f5a60e0","https://openstat.psa.gov.ph/PXWeb/pxweb/en/DB/DB__3D/0023C3DP020.px"
"..Lanao del Norte b/","Annual Per Capita Poverty Threshold  (in Pesos)","2012","18907.4974380453","","2026-07-09T11-45-08-76271f5a60e0","https://openstat.psa.gov.ph/PXWeb/pxweb/en/DB/DB__3D/0023C3DP020.px"
"..Lanao del Norte b/","Annual Per Capita Poverty Threshold  (in Pesos)","2015","21836","","2026-07-09T11-45-08-76271f5a60e0","https://openstat.psa.gov.ph/PXWeb/pxweb/en/DB/DB__3D/0023C3DP020.px"
"..Lanao del Norte b/","Poverty Incidence among Population Estimate (%)","1991","","..","2026-07-09T11-45-08-76271f5a60e0","https://openstat.psa.gov.ph/PXWeb/pxweb/en/DB/DB__3D/0023C3DP020.px"
"..Lanao del Norte b/","Poverty Incidence among Population Estimate (%)","2006","40.70529","","2026-07-09T11-45-08-76271f5a60e0","https://openstat.psa.gov.ph/PXWeb/pxweb/en/DB/DB__3D/0023C3DP020.px"
"..Lanao del Norte b/","Poverty Incidence among Population Estimate (%)","2009","46.24159","","2026-07-09T11-45-08-76271f5a60e0","https://openstat.psa.gov.ph/PXWeb/pxweb/en/DB/DB__3D/0023C3DP020.px"
"..Lanao del Norte b/","Poverty Incidence among Population Estimate (%)","2012","49.06101","","2026-07-09T11-45-08-76271f5a60e0","https://openstat.psa.gov.ph/PXWeb/pxweb/en/DB/DB__3D/0023C3DP020.px"
"..Lanao del Norte b/","Poverty Incidence among Population Estimate (%)","2015","44.25862","","2026-07-09T11-45-08-76271f5a60e0","https://openstat.psa.gov.ph/PXWeb/pxweb/en/DB/DB__3D/0023C3DP020.px"
"..Lanao del Norte b/","Coefficient of Variation","1991","","..","2026-07-09T11-45-08-76271f5a60e0","https://openstat.psa.gov.ph/PXWeb/pxweb/en/DB/DB__3D/0023C3DP020.px"
"..Lanao del Norte b/","Coefficient of Variation","2006","11.74075","","2026-07-09T11-45-08-76271f5a60e0","https://openstat.psa.gov.ph/PXWeb/pxweb/en/DB/DB__3D/0023C3DP020.px"
"..Lanao del Norte b/","Coefficient of Variation","2009","10.74498","","2026-07-09T11-45-08-76271f5a60e0","https://openstat.psa.gov.ph/PXWeb/pxweb/en/DB/DB__3D/0023C3DP020.px"
"..Lanao del Norte b/","Coefficient of Variation","2012","13.85508","","2026-07-09T11-45-08-76271f5a60e0","https://openstat.psa.gov.ph/PXWeb/pxweb/en/DB/DB__3D/0023C3DP020.px"
"..Lanao del Norte b/","Coefficient of Variation","2015","27.76702","","2026-07-09T11-45-08-76271f5a60e0","https://openstat.psa.gov.ph/PXWeb/pxweb/en/DB/DB__3D/0023C3DP020.px"
"..Lanao del Norte b/","Magnitude of Poor Population Estimate","1991","","..","2026-07-09T11-45-08-76271f5a60e0","https://openstat.psa.gov.ph/PXWeb/pxweb/en/DB/DB__3D/0023C3DP020.px"
"..Lanao del Norte b/","Magnitude of Poor Population Estimate","2006","335571.4","","2026-07-09T11-45-08-76271f5a60e0","https://openstat.psa.gov.ph/PXWeb/pxweb/en/DB/DB__3D/0023C3DP020.px"
"..Lanao del Norte b/","Magnitude of Poor Population Estimate","2009","411901.2","","2026-07-09T11-45-08-76271f5a60e0","https://openstat.psa.gov.ph/PXWeb/pxweb/en/DB/DB__3D/0023C3DP020.px"
"..Lanao del Norte b/","Magnitude of Poor Population Estimate","2012","443271.3","","2026-07-09T11-45-08-76271f5a60e0","https://openstat.psa.gov.ph/PXWeb/pxweb/en/DB/DB__3D/0023C3DP020.px"
"..Lanao del Norte b/","Magnitude of Poor Population Estimate","2015","415967.4","","2026-07-09T11-45-08-76271f5a60e0","https://openstat.psa.gov.ph/PXWeb/pxweb/en/DB/DB__3D/0023C3DP020.px"
"..Misamis Occidental","Annual Per Capita Poverty Threshold  (in Pesos)","1991","","..","2026-07-09T11-45-08-76271f5a60e0","https://openstat.psa.gov.ph/PXWeb/pxweb/en/DB/DB__3D/0023C3DP020.px"
"..Misamis Occidental","Annual Per Capita Poverty Threshold  (in Pesos)","2006","12199.0669803423","","2026-07-09T11-45-08-76271f5a60e0","https://openstat.psa.gov.ph/PXWeb/pxweb/en/DB/DB__3D/0023C3DP020.px"
"..Misamis Occidental","Annual Per Capita Poverty Threshold  (in Pesos)","2009","15965.657711967","","2026-07-09T11-45-08-76271f5a60e0","https://openstat.psa.gov.ph/PXWeb/pxweb/en/DB/DB__3D/0023C3DP020.px"
"..Misamis Occidental","Annual Per Capita Poverty Threshold  (in Pesos)","2012","18127.0314128978","","2026-07-09T11-45-08-76271f5a60e0","https://openstat.psa.gov.ph/PXWeb/pxweb/en/DB/DB__3D/0023C3DP020.px"
"..Misamis Occidental","Annual Per Capita Poverty Threshold  (in Pesos)","2015","20376","","2026-07-09T11-45-08-76271f5a60e0","https://openstat.psa.gov.ph/PXWeb/pxweb/en/DB/DB__3D/0023C3DP020.px"
"..Misamis Occidental","Poverty Incidence among Population Estimate (%)","1991","","..","2026-07-09T11-45-08-76271f5a60e0","https://openstat.psa.gov.ph/PXWeb/pxweb/en/DB/DB__3D/0023C3DP020.px"
"..Misamis Occidental","Poverty Incidence among Population Estimate (%)","2006","43.95241","","2026-07-09T11-45-08-76271f5a60e0","https://openstat.psa.gov.ph/PXWeb/pxweb/en/DB/DB__3D/0023C3DP020.px"
"..Misamis Occidental","Poverty Incidence among Population Estimate (%)","2009","46.4585","","2026-07-09T11-45-08-76271f5a60e0","https://openstat.psa.gov.ph/PXWeb/pxweb/en/DB/DB__3D/0023C3DP020.px"
"..Misamis Occidental","Poverty Incidence among Population Estimate (%)","2012","42.78528","","2026-07-09T11-45-08-76271f5a60e0","https://openstat.psa.gov.ph/PXWeb/pxweb/en/DB/DB__3D/0023C3DP020.px"
"..Misamis Occidental","Poverty Incidence among Population Estimate (%)","2015","36.88802","","2026-07-09T11-45-08-76271f5a60e0","https://openstat.psa.gov.ph/PXWeb/pxweb/en/DB/DB__3D/0023C3DP020.px"
"..Misamis Occidental","Coefficient of Variation","1991","","..","2026-07-09T11-45-08-76271f5a60e0","https://openstat.psa.gov.ph/PXWeb/pxweb/en/DB/DB__3D/0023C3DP020.px"
"..Misamis Occidental","Coefficient of Variation","2006","11.4629","","2026-07-09T11-45-08-76271f5a60e0","https://openstat.psa.gov.ph/PXWeb/pxweb/en/DB/DB__3D/0023C3DP020.px"
"..Misamis Occidental","Coefficient of Variation","2009","10.73092","","2026-07-09T11-45-08-76271f5a60e0","https://openstat.psa.gov.ph/PXWeb/pxweb/en/DB/DB__3D/0023C3DP020.px"
"..Misamis Occidental","Coefficient of Variation","2012","11.52765","","2026-07-09T11-45-08-76271f5a60e0","https://openstat.psa.gov.ph/PXWeb/pxweb/en/DB/DB__3D/0023C3DP020.px"
"..Misamis Occidental","Coefficient of Variation","2015","16.03392","","2026-07-09T11-45-08-76271f5a60e0","https://openstat.psa.gov.ph/PXWeb/pxweb/en/DB/DB__3D/0023C3DP020.px"
"..Misamis Occidental","Magnitude of Poor Population Estimate","1991","","..","2026-07-09T11-45-08-76271f5a60e0","https://openstat.psa.gov.ph/PXWeb/pxweb/en/DB/DB__3D/0023C3DP020.px"
"..Misamis Occidental","Magnitude of Poor Population Estimate","2006","233663.7","","2026-07-09T11-45-08-76271f5a60e0","https://openstat.psa.gov.ph/PXWeb/pxweb/en/DB/DB__3D/0023C3DP020.px"
"..Misamis Occidental","Magnitude of Poor Population Estimate","2009","255469.6","","2026-07-09T11-45-08-76271f5a60e0","https://openstat.psa.gov.ph/PXWeb/pxweb/en/DB/DB__3D/0023C3DP020.px"
"..Misamis Occidental","Magnitude of Poor Population Estimate","2012","241737.6","","2026-07-09T11-45-08-76271f5a60e0","https://openstat.psa.gov.ph/PXWeb/pxweb/en/DB/DB__3D/0023C3DP020.px"
"..Misamis Occidental","Magnitude of Poor Population Estimate","2015","197324.1","","2026-07-09T11-45-08-76271f5a60e0","https://openstat.psa.gov.ph/PXWeb/pxweb/en/DB/DB__3D/0023C3DP020.px"
"..Misamis Oriental b/","Annual Per Capita Poverty Threshold  (in Pesos)","1991","","..","2026-07-09T11-45-08-76271f5a60e0","https://openstat.psa.gov.ph/PXWeb/pxweb/en/DB/DB__3D/0023C3DP020.px"
"..Misamis Oriental b/","Annual Per Capita Poverty Threshold  (in Pesos)","2006","13429.9593971919","","2026-07-09T11-45-08-76271f5a60e0","https://openstat.psa.gov.ph/PXWeb/pxweb/en/DB/DB__3D/0023C3DP020.px"
"..Misamis Oriental b/","Annual Per Capita Poverty Threshold  (in Pesos)","2009","17538.8084508026","","2026-07-09T11-45-08-76271f5a60e0","https://openstat.psa.gov.ph/PXWeb/pxweb/en/DB/DB__3D/0023C3DP020.px"
"..Misamis Oriental b/","Annual Per Capita Poverty Threshold  (in Pesos)","2012","18938.1296141537","","2026-07-09T11-45-08-76271f5a60e0","https://openstat.psa.gov.ph/PXWeb/pxweb/en/DB/DB__3D/0023C3DP020.px"
"..Misamis Oriental b/","Annual Per Capita Poverty Threshold  (in Pesos)","2015","21299","","2026-07-09T11-45-08-76271f5a60e0","https://openstat.psa.gov.ph/PXWeb/pxweb/en/DB/DB__3D/0023C3DP020.px"
"..Misamis Oriental b/","Poverty Incidence among Population Estimate (%)","1991","","..","2026-07-09T11-45-08-76271f5a60e0","https://openstat.psa.gov.ph/PXWeb/pxweb/en/DB/DB__3D/0023C3DP020.px"
"..Misamis Oriental b/","Poverty Incidence among Population Estimate (%)","2006","32.02126","","2026-07-09T11-45-08-76271f5a60e0","https://openstat.psa.gov.ph/PXWeb/pxweb/en/DB/DB__3D/0023C3DP020.px"
"..Misamis Oriental b/","Poverty Incidence among Population Estimate (%)","2009","28.94075","","2026-07-09T11-45-08-76271f5a60e0","https://openstat.psa.gov.ph/PXWeb/pxweb/en/DB/DB__3D/0023C3DP020.px"
"..Misamis Oriental b/","Poverty Incidence among Population Estimate (%)","2012","23.43803","","2026-07-09T11-45-08-76271f5a60e0","https://openstat.psa.gov.ph/PXWeb/pxweb/en/DB/DB__3D/0023C3DP020.px"
"..Misamis Oriental b/","Poverty Incidence among Population Estimate (%)","2015","19.2642","","2026-07-09T11-45-08-76271f5a60e0","https://openstat.psa.gov.ph/PXWeb/pxweb/en/DB/DB__3D/0023C3DP020.px"
"..Misamis Oriental b/","Coefficient of Variation","1991","","..","2026-07-09T11-45-08-76271f5a60e0","https://openstat.psa.gov.ph/PXWeb/pxweb/en/DB/DB__3D/0023C3DP020.px"
"..Misamis Oriental b/","Coefficient of Variation","2006","9.637626","","2026-07-09T11-45-08-76271f5a60e0","https://openstat.psa.gov.ph/PXWeb/pxweb/en/DB/DB__3D/0023C3DP020.px"
"..Misamis Oriental b/","Coefficient of Variation","2009","11.88179","","2026-07-09T11-45-08-76271f5a60e0","https://openstat.psa.gov.ph/PXWeb/pxweb/en/DB/DB__3D/0023C3DP020.px"
"..Misamis Oriental b/","Coefficient of Variation","2012","17.21325","","2026-07-09T11-45-08-76271f5a60e0","https://openstat.psa.gov.ph/PXWeb/pxweb/en/DB/DB__3D/0023C3DP020.px"
"..Misamis Oriental b/","Coefficient of Variation","2015","22.31417","","2026-07-09T11-45-08-76271f5a60e0","https://openstat.psa.gov.ph/PXWeb/pxweb/en/DB/DB__3D/0023C3DP020.px"
"..Misamis Oriental b/","Magnitude of Poor Population Estimate","1991","","..","2026-07-09T11-45-08-76271f5a60e0","https://openstat.psa.gov.ph/PXWeb/pxweb/en/DB/DB__3D/0023C3DP020.px"
"..Misamis Oriental b/","Magnitude of Poor Population Estimate","2006","422062.7","","2026-07-09T11-45-08-76271f5a60e0","https://openstat.psa.gov.ph/PXWeb/pxweb/en/DB/DB__3D/0023C3DP020.px"
"..Misamis Oriental b/","Magnitude of Poor Population Estimate","2009","392663.3","","2026-07-09T11-45-08-76271f5a60e0","https://openstat.psa.gov.ph/PXWeb/pxweb/en/DB/DB__3D/0023C3DP020.px"
"..Misamis Oriental b/","Magnitude of Poor Population Estimate","2012","361628.4","","2026-07-09T11-45-08-76271f5a60e0","https://openstat.psa.gov.ph/PXWeb/pxweb/en/DB/DB__3D/0023C3DP020.px"
"..Misamis Oriental b/","Magnitude of Poor Population Estimate","2015","338971.8","","2026-07-09T11-45-08-76271f5a60e0","https://openstat.psa.gov.ph/PXWeb/pxweb/en/DB/DB__3D/0023C3DP020.px"
"Region XI","Annual Per Capita Poverty Threshold  (in Pesos)","1991","5652.6797448949","","2026-07-09T11-45-08-76271f5a60e0","https://openstat.psa.gov.ph/PXWeb/pxweb/en/DB/DB__3D/0023C3DP020.px"
"Region XI","Annual Per Capita Poverty Threshold  (in Pesos)","2006","13388.6861481652","","2026-07-09T11-45-08-76271f5a60e0","https://openstat.psa.gov.ph/PXWeb/pxweb/en/DB/DB__3D/0023C3DP020.px"
"Region XI","Annual Per Capita Poverty Threshold  (in Pesos)","2009","17119.5647435836","","2026-07-09T11-45-08-76271f5a60e0","https://openstat.psa.gov.ph/PXWeb/pxweb/en/DB/DB__3D/0023C3DP020.px"
"Region XI","Annual Per Capita Poverty Threshold  (in Pesos)","2012","19967.2830936538","","2026-07-09T11-45-08-76271f5a60e0","https://openstat.psa.gov.ph/PXWeb/pxweb/en/DB/DB__3D/0023C3DP020.px"
"Region XI","Annual Per Capita Poverty Threshold  (in Pesos)","2015","22754","","2026-07-09T11-45-08-76271f5a60e0","https://openstat.psa.gov.ph/PXWeb/pxweb/en/DB/DB__3D/0023C3DP020.px"
"Region XI","Poverty Incidence among Population Estimate (%)","1991","39.57391","","2026-07-09T11-45-08-76271f5a60e0","https://openstat.psa.gov.ph/PXWeb/pxweb/en/DB/DB__3D/0023C3DP020.px"
"Region XI","Poverty Incidence among Population Estimate (%)","2006","30.63676","","2026-07-09T11-45-08-76271f5a60e0","https://openstat.psa.gov.ph/PXWeb/pxweb/en/DB/DB__3D/0023C3DP020.px"
"Region XI","Poverty Incidence among Population Estimate (%)","2009","31.38389","","2026-07-09T11-45-08-76271f5a60e0","https://openstat.psa.gov.ph/PXWeb/pxweb/en/DB/DB__3D/0023C3DP020.px"
"Region XI","Poverty Incidence among Population Estimate (%)","2012","30.7437","","2026-07-09T11-45-08-76271f5a60e0","https://openstat.psa.gov.ph/PXWeb/pxweb/en/DB/DB__3D/0023C3DP020.px"
"Region XI","Poverty Incidence among Population Estimate (%)","2015","22.00641","","2026-07-09T11-45-08-76271f5a60e0","https://openstat.psa.gov.ph/PXWeb/pxweb/en/DB/DB__3D/0023C3DP020.px"
"Region XI","Coefficient of Variation","1991","8.738833","","2026-07-09T11-45-08-76271f5a60e0","https://openstat.psa.gov.ph/PXWeb/pxweb/en/DB/DB__3D/0023C3DP020.px"
"Region XI","Coefficient of Variation","2006","7.844538","","2026-07-09T11-45-08-76271f5a60e0","https://openstat.psa.gov.ph/PXWeb/pxweb/en/DB/DB__3D/0023C3DP020.px"
"Region XI","Coefficient of Variation","2009","8.684564","","2026-07-09T11-45-08-76271f5a60e0","https://openstat.psa.gov.ph/PXWeb/pxweb/en/DB/DB__3D/0023C3DP020.px"
"Region XI","Coefficient of Variation","2012","8.246402","","2026-07-09T11-45-08-76271f5a60e0","https://openstat.psa.gov.ph/PXWeb/pxweb/en/DB/DB__3D/0023C3DP020.px"
"Region XI","Coefficient of Variation","2015","13.43967","","2026-07-09T11-45-08-76271f5a60e0","https://openstat.psa.gov.ph/PXWeb/pxweb/en/DB/DB__3D/0023C3DP020.px"
"Region XI","Magnitude of Poor Population Estimate","1991","1138325","","2026-07-09T11-45-08-76271f5a60e0","https://openstat.psa.gov.ph/PXWeb/pxweb/en/DB/DB__3D/0023C3DP020.px"
"Region XI","Magnitude of Poor Population Estimate","2006","1269291","","2026-07-09T11-45-08-76271f5a60e0","https://openstat.psa.gov.ph/PXWeb/pxweb/en/DB/DB__3D/0023C3DP020.px"
"Region XI","Magnitude of Poor Population Estimate","2009","1356480","","2026-07-09T11-45-08-76271f5a60e0","https://openstat.psa.gov.ph/PXWeb/pxweb/en/DB/DB__3D/0023C3DP020.px"
"Region XI","Magnitude of Poor Population Estimate","2012","1411063","","2026-07-09T11-45-08-76271f5a60e0","https://openstat.psa.gov.ph/PXWeb/pxweb/en/DB/DB__3D/0023C3DP020.px"
"Region XI","Magnitude of Poor Population Estimate","2015","1092200","","2026-07-09T11-45-08-76271f5a60e0","https://openstat.psa.gov.ph/PXWeb/pxweb/en/DB/DB__3D/0023C3DP020.px"
"..Davao del Norte b/","Annual Per Capita Poverty Threshold  (in Pesos)","1991","","..","2026-07-09T11-45-08-76271f5a60e0","https://openstat.psa.gov.ph/PXWeb/pxweb/en/DB/DB__3D/0023C3DP020.px"
"..Davao del Norte b/","Annual Per Capita Poverty Threshold  (in Pesos)","2006","13213.7870458763","","2026-07-09T11-45-08-76271f5a60e0","https://openstat.psa.gov.ph/PXWeb/pxweb/en/DB/DB__3D/0023C3DP020.px"
"..Davao del Norte b/","Annual Per Capita Poverty Threshold  (in Pesos)","2009","16862.5499951547","","2026-07-09T11-45-08-76271f5a60e0","https://openstat.psa.gov.ph/PXWeb/pxweb/en/DB/DB__3D/0023C3DP020.px"
"..Davao del Norte b/","Annual Per Capita Poverty Threshold  (in Pesos)","2012","20840.9034950327","","2026-07-09T11-45-08-76271f5a60e0","https://openstat.psa.gov.ph/PXWeb/pxweb/en/DB/DB__3D/0023C3DP020.px"
"..Davao del Norte b/","Annual Per Capita Poverty Threshold  (in Pesos)","2015","24424","","2026-07-09T11-45-08-76271f5a60e0","https://openstat.psa.gov.ph/PXWeb/pxweb/en/DB/DB__3D/0023C3DP020.px"
"..Davao del Norte b/","Poverty Incidence among Population Estimate (%)","1991","","..","2026-07-09T11-45-08-76271f5a60e0","https://openstat.psa.gov.ph/PXWeb/pxweb/en/DB/DB__3D/0023C3DP020.px"
"..Davao del Norte b/","Poverty Incidence among Population Estimate (%)","2006","31.72979","","2026-07-09T11-45-08-76271f5a60e0","https://openstat.psa.gov.ph/PXWeb/pxweb/en/DB/DB__3D/0023C3DP020.px"
"..Davao del Norte b/","Poverty Incidence among Population Estimate (%)","2009","31.95604","","2026-07-09T11-45-08-76271f5a60e0","https://openstat.psa.gov.ph/PXWeb/pxweb/en/DB/DB__3D/0023C3DP020.px"
"..Davao del Norte b/","Poverty Incidence among Population Estimate (%)","2012","33.43261","","2026-07-09T11-45-08-76271f5a60e0","https://openstat.psa.gov.ph/PXWeb/pxweb/en/DB/DB__3D/0023C3DP020.px"
"..Davao del Norte b/","Poverty Incidence among Population Estimate (%)","2015","33.21557","","2026-07-09T11-45-08-76271f5a60e0","https://openstat.psa.gov.ph/PXWeb/pxweb/en/DB/DB__3D/0023C3DP020.px"
"..Davao del Norte b/","Coefficient of Variation","1991","","..","2026-07-09T11-45-08-76271f5a60e0","https://openstat.psa.gov.ph/PXWeb/pxweb/en/DB/DB__3D/0023C3DP020.px"
"..Davao del Norte b/","Coefficient of Variation","2006","19.61386","","2026-07-09T11-45-08-76271f5a60e0","https://openstat.psa.gov.ph/PXWeb/pxweb/en/DB/DB__3D/0023C3DP020.px"
"..Davao del Norte b/","Coefficient of Variation","2009","22.54227","","2026-07-09T11-45-08-76271f5a60e0","https://openstat.psa.gov.ph/PXWeb/pxweb/en/DB/DB__3D/0023C3DP020.px"
"..Davao del Norte b/","Coefficient of Variation","2012","21.10265","","2026-07-09T11-45-08-76271f5a60e0","https://openstat.psa.gov.ph/PXWeb/pxweb/en/DB/DB__3D/0023C3DP020.px"
"..Davao del Norte b/","Coefficient of Variation","2015","24.64648","","2026-07-09T11-45-08-76271f5a60e0","https://openstat.psa.gov.ph/PXWeb/pxweb/en/DB/DB__3D/0023C3DP020.px"
"..Davao del Norte b/","Magnitude of Poor Population Estimate","1991","","..","2026-07-09T11-45-08-76271f5a60e0","https://openstat.psa.gov.ph/PXWeb/pxweb/en/DB/DB__3D/0023C3DP020.px"
"..Davao del Norte b/","Magnitude of Poor Population Estimate","2006","271314.8","","2026-07-09T11-45-08-76271f5a60e0","https://openstat.psa.gov.ph/PXWeb/pxweb/en/DB/DB__3D/0023C3DP020.px"
"..Davao del Norte b/","Magnitude of Poor Population Estimate","2009","285271","","2026-07-09T11-45-08-76271f5a60e0","https://openstat.psa.gov.ph/PXWeb/pxweb/en/DB/DB__3D/0023C3DP020.px"
"..Davao del Norte b/","Magnitude of Poor Population Estimate","2012","328441.6","","2026-07-09T11-45-08-76271f5a60e0","https://openstat.psa.gov.ph/PXWeb/pxweb/en/DB/DB__3D/0023C3DP020.px"
"..Davao del Norte b/","Magnitude of Poor Population Estimate","2015","299672.9","","2026-07-09T11-45-08-76271f5a60e0","https://openstat.psa.gov.ph/PXWeb/pxweb/en/DB/DB__3D/0023C3DP020.px"
"..Davao del Sur b/","Annual Per Capita Poverty Threshold  (in Pesos)","1991","","..","2026-07-09T11-45-08-76271f5a60e0","https://openstat.psa.gov.ph/PXWeb/pxweb/en/DB/DB__3D/0023C3DP020.px"
"..Davao del Sur b/","Annual Per Capita Poverty Threshold  (in Pesos)","2006","13297.8182932968","","2026-07-09T11-45-08-76271f5a60e0","https://openstat.psa.gov.ph/PXWeb/pxweb/en/DB/DB__3D/0023C3DP020.px"
"..Davao del Sur b/","Annual Per Capita Poverty Threshold  (in Pesos)","2009","17045.6007345134","","2026-07-09T11-45-08-76271f5a60e0","https://openstat.psa.gov.ph/PXWeb/pxweb/en/DB/DB__3D/0023C3DP020.px"
"..Davao del Sur b/","Annual Per Capita Poverty Threshold  (in Pesos)","2012","19310.6895657606","","2026-07-09T11-45-08-76271f5a60e0","https://openstat.psa.gov.ph/PXWeb/pxweb/en/DB/DB__3D/0023C3DP020.px"
"..Davao del Sur b/","Annual Per Capita Poverty Threshold  (in Pesos)","2015","21846","","2026-07-09T11-45-08-76271f5a60e0","https://openstat.psa.gov.ph/PXWeb/pxweb/en/DB/DB__3D/0023C3DP020.px"
"..Davao del Sur b/","Poverty Incidence among Population Estimate (%)","1991","","..","2026-07-09T11-45-08-76271f5a60e0","https://openstat.psa.gov.ph/PXWeb/pxweb/en/DB/DB__3D/0023C3DP020.px"
"..Davao del Sur b/","Poverty Incidence among Population Estimate (%)","2006","23.71382","","2026-07-09T11-45-08-76271f5a60e0","https://openstat.psa.gov.ph/PXWeb/pxweb/en/DB/DB__3D/0023C3DP020.px"
"..Davao del Sur b/","Poverty Incidence among Population Estimate (%)","2009","24.82651","","2026-07-09T11-45-08-76271f5a60e0","https://openstat.psa.gov.ph/PXWeb/pxweb/en/DB/DB__3D/0023C3DP020.px"
"..Davao del Sur b/","Poverty Incidence among Population Estimate (%)","2012","24.42229","","2026-07-09T11-45-08-76271f5a60e0","https://openstat.psa.gov.ph/PXWeb/pxweb/en/DB/DB__3D/0023C3DP020.px"
"..Davao del Sur b/","Poverty Incidence among Population Estimate (%)","2015","15.64087","","2026-07-09T11-45-08-76271f5a60e0","https://openstat.psa.gov.ph/PXWeb/pxweb/en/DB/DB__3D/0023C3DP020.px"
"..Davao del Sur b/","Coefficient of Variation","1991","","..","2026-07-09T11-45-08-76271f5a60e0","https://openstat.psa.gov.ph/PXWeb/pxweb/en/DB/DB__3D/0023C3DP020.px"
"..Davao del Sur b/","Coefficient of Variation","2006","12.21488","","2026-07-09T11-45-08-76271f5a60e0","https://openstat.psa.gov.ph/PXWeb/pxweb/en/DB/DB__3D/0023C3DP020.px"
"..Davao del Sur b/","Coefficient of Variation","2009","14.88767","","2026-07-09T11-45-08-76271f5a60e0","https://openstat.psa.gov.ph/PXWeb/pxweb/en/DB/DB__3D/0023C3DP020.px"
"..Davao del Sur b/","Coefficient of Variation","2012","12.53292","","2026-07-09T11-45-08-76271f5a60e0","https://openstat.psa.gov.ph/PXWeb/pxweb/en/DB/DB__3D/0023C3DP020.px"
"..Davao del Sur b/","Coefficient of Variation","2015","20.55473","","2026-07-09T11-45-08-76271f5a60e0","https://openstat.psa.gov.ph/PXWeb/pxweb/en/DB/DB__3D/0023C3DP020.px"
"..Davao del Sur b/","Magnitude of Poor Population Estimate","1991","","..","2026-07-09T11-45-08-76271f5a60e0","https://openstat.psa.gov.ph/PXWeb/pxweb/en/DB/DB__3D/0023C3DP020.px"
"..Davao del Sur b/","Magnitude of Poor Population Estimate","2006","514675.6","","2026-07-09T11-45-08-76271f5a60e0","https://openstat.psa.gov.ph/PXWeb/pxweb/en/DB/DB__3D/0023C3DP020.px"
"..Davao del Sur b/","Magnitude of Poor Population Estimate","2009","569380.5","","2026-07-09T11-45-08-76271f5a60e0","https://openstat.psa.gov.ph/PXWeb/pxweb/en/DB/DB__3D/0023C3DP020.px"
"..Davao del Sur b/","Magnitude of Poor Population Estimate","2012","577110.6","","2026-07-09T11-45-08-76271f5a60e0","https://openstat.psa.gov.ph/PXWeb/pxweb/en/DB/DB__3D/0023C3DP020.px"
"..Davao del Sur b/","Magnitude of Poor Population Estimate","2015","450011.5","","2026-07-09T11-45-08-76271f5a60e0","https://openstat.psa.gov.ph/PXWeb/pxweb/en/DB/DB__3D/0023C3DP020.px"
"..Davao Oriental b/","Annual Per Capita Poverty Threshold  (in Pesos)","1991","","..","2026-07-09T11-45-08-76271f5a60e0","https://openstat.psa.gov.ph/PXWeb/pxweb/en/DB/DB__3D/0023C3DP020.px"
"..Davao Oriental b/","Annual Per Capita Poverty Threshold  (in Pesos)","2006","13258.1698506769","","2026-07-09T11-45-08-76271f5a60e0","https://openstat.psa.gov.ph/PXWeb/pxweb/en/DB/DB__3D/0023C3DP020.px"
"..Davao Oriental b/","Annual Per Capita Poverty Threshold  (in Pesos)","2009","16948.1454610516","","2026-07-09T11-45-08-76271f5a60e0","https://openstat.psa.gov.ph/PXWeb/pxweb/en/DB/DB__3D/0023C3DP020.px"
"..Davao Oriental b/","Annual Per Capita Poverty Threshold  (in Pesos)","2012","19323.3612475152","","2026-07-09T11-45-08-76271f5a60e0","https://openstat.psa.gov.ph/PXWeb/pxweb/en/DB/DB__3D/0023C3DP020.px"
"..Davao Oriental b/","Annual Per Capita Poverty Threshold  (in Pesos)","2015","22210","","2026-07-09T11-45-08-76271f5a60e0","https://openstat.psa.gov.ph/PXWeb/pxweb/en/DB/DB__3D/0023C3DP020.px"
"..Davao Oriental b/","Poverty Incidence among Population Estimate (%)","1991","","..","2026-07-09T11-45-08-76271f5a60e0","https://openstat.psa.gov.ph/PXWeb/pxweb/en/DB/DB__3D/0023C3DP020.px"
"..Davao Oriental b/","Poverty Incidence among Population Estimate (%)","2006","50.50258","","2026-07-09T11-45-08-76271f5a60e0","https://openstat.psa.gov.ph/PXWeb/pxweb/en/DB/DB__3D/0023C3DP020.px"
"..Davao Oriental b/","Poverty Incidence among Population Estimate (%)","2009","54.41461","","2026-07-09T11-45-08-76271f5a60e0","https://openstat.psa.gov.ph/PXWeb/pxweb/en/DB/DB__3D/0023C3DP020.px"
"..Davao Oriental b/","Poverty Incidence among Population Estimate (%)","2012","45.78927","","2026-07-09T11-45-08-76271f5a60e0","https://openstat.psa.gov.ph/PXWeb/pxweb/en/DB/DB__3D/0023C3DP020.px"
"..Davao Oriental b/","Poverty Incidence among Population Estimate (%)","2015","29.87958","","2026-07-09T11-45-08-76271f5a60e0","https://openstat.psa.gov.ph/PXWeb/pxweb/en/DB/DB__3D/0023C3DP020.px"
"..Davao Oriental b/","Coefficient of Variation","1991","","..","2026-07-09T11-45-08-76271f5a60e0","https://openstat.psa.gov.ph/PXWeb/pxweb/en/DB/DB__3D/0023C3DP020.px"
"..Davao Oriental b/","Coefficient of Variation","2006","12.47206","","2026-07-09T11-45-08-76271f5a60e0","https://openstat.psa.gov.ph/PXWeb/pxweb/en/DB/DB__3D/0023C3DP020.px"
"..Davao Oriental b/","Coefficient of Variation","2009","8.158389","","2026-07-09T11-45-08-76271f5a60e0","https://openstat.psa.gov.ph/PXWeb/pxweb/en/DB/DB__3D/0023C3DP020.px"
"..Davao Oriental b/","Coefficient of Variation","2012","10.42992","","2026-07-09T11-45-08-76271f5a60e0","https://openstat.psa.gov.ph/PXWeb/pxweb/en/DB/DB__3D/0023C3DP020.px"
"..Davao Oriental b/","Coefficient of Variation","2015","21.99214","","2026-07-09T11-45-08-76271f5a60e0","https://openstat.psa.gov.ph/PXWeb/pxweb/en/DB/DB__3D/0023C3DP020.px"
"..Davao Oriental b/","Magnitude of Poor Population Estimate","1991","","..","2026-07-09T11-45-08-76271f5a60e0","https://openstat.psa.gov.ph/PXWeb/pxweb/en/DB/DB__3D/0023C3DP020.px"
"..Davao Oriental b/","Magnitude of Poor Population Estimate","2006","243820.6","","2026-07-09T11-45-08-76271f5a60e0","https://openstat.psa.gov.ph/PXWeb/pxweb/en/DB/DB__3D/0023C3DP020.px"
"..Davao Oriental b/","Magnitude of Poor Population Estimate","2009","262028.7","","2026-07-09T11-45-08-76271f5a60e0","https://openstat.psa.gov.ph/PXWeb/pxweb/en/DB/DB__3D/0023C3DP020.px"
"..Davao Oriental b/","Magnitude of Poor Population Estimate","2012","246026.1","","2026-07-09T11-45-08-76271f5a60e0","https://openstat.psa.gov.ph/PXWeb/pxweb/en/DB/DB__3D/0023C3DP020.px"
"..Davao Oriental b/","Magnitude of Poor Population Estimate","2015","163594.1","","2026-07-09T11-45-08-76271f5a60e0","https://openstat.psa.gov.ph/PXWeb/pxweb/en/DB/DB__3D/0023C3DP020.px"
"..Compostela Valley","Annual Per Capita Poverty Threshold  (in Pesos)","1991","","..","2026-07-09T11-45-08-76271f5a60e0","https://openstat.psa.gov.ph/PXWeb/pxweb/en/DB/DB__3D/0023C3DP020.px"
"..Compostela Valley","Annual Per Capita Poverty Threshold  (in Pesos)","2006","13911.1069439354","","2026-07-09T11-45-08-76271f5a60e0","https://openstat.psa.gov.ph/PXWeb/pxweb/en/DB/DB__3D/0023C3DP020.px"
"..Compostela Valley","Annual Per Capita Poverty Threshold  (in Pesos)","2009","17788.2432122055","","2026-07-09T11-45-08-76271f5a60e0","https://openstat.psa.gov.ph/PXWeb/pxweb/en/DB/DB__3D/0023C3DP020.px"
"..Compostela Valley","Annual Per Capita Poverty Threshold  (in Pesos)","2012","20932.3304828921","","2026-07-09T11-45-08-76271f5a60e0","https://openstat.psa.gov.ph/PXWeb/pxweb/en/DB/DB__3D/0023C3DP020.px"
"..Compostela Valley","Annual Per Capita Poverty Threshold  (in Pesos)","2015","22740","","2026-07-09T11-45-08-76271f5a60e0","https://openstat.psa.gov.ph/PXWeb/pxweb/en/DB/DB__3D/0023C3DP020.px"
"..Compostela Valley","Poverty Incidence among Population Estimate (%)","1991","","..","2026-07-09T11-45-08-76271f5a60e0","https://openstat.psa.gov.ph/PXWeb/pxweb/en/DB/DB__3D/0023C3DP020.px"
"..Compostela Valley","Poverty Incidence among Population Estimate (%)","2006","37.725","","2026-07-09T11-45-08-76271f5a60e0","https://openstat.psa.gov.ph/PXWeb/pxweb/en/DB/DB__3D/0023C3DP020.px"
"..Compostela Valley","Poverty Incidence among Population Estimate (%)","2009","36.63637","","2026-07-09T11-45-08-76271f5a60e0","https://openstat.psa.gov.ph/PXWeb/pxweb/en/DB/DB__3D/0023C3DP020.px"
"..Compostela Valley","Poverty Incidence among Population Estimate (%)","2012","36.70142","","2026-07-09T11-45-08-76271f5a60e0","https://openstat.psa.gov.ph/PXWeb/pxweb/en/DB/DB__3D/0023C3DP020.px"
"..Compostela Valley","Poverty Incidence among Population Estimate (%)","2015","28.12213","","2026-07-09T11-45-08-76271f5a60e0","https://openstat.psa.gov.ph/PXWeb/pxweb/en/DB/DB__3D/0023C3DP020.px"
"..Compostela Valley","Coefficient of Variation","1991","","..","2026-07-09T11-45-08-76271f5a60e0","https://openstat.psa.gov.ph/PXWeb/pxweb/en/DB/DB__3D/0023C3DP020.px"
"..Compostela Valley","Coefficient of Variation","2006","14.03868","","2026-07-09T11-45-08-76271f5a60e0","https://openstat.psa.gov.ph/PXWeb/pxweb/en/DB/DB__3D/0023C3DP020.px"
"..Compostela Valley","Coefficient of Variation","2009","12.32545","","2026-07-09T11-45-08-76271f5a60e0","https://openstat.psa.gov.ph/PXWeb/pxweb/en/DB/DB__3D/0023C3DP020.px"
"..Compostela Valley","Coefficient of Variation","2012","17.11919","","2026-07-09T11-45-08-76271f5a60e0","https://openstat.psa.gov.ph/PXWeb/pxweb/en/DB/DB__3D/0023C3DP020.px"
"..Compostela Valley","Coefficient of Variation","2015","12.44415","","2026-07-09T11-45-08-76271f5a60e0","https://openstat.psa.gov.ph/PXWeb/pxweb/en/DB/DB__3D/0023C3DP020.px"
"..Compostela Valley","Magnitude of Poor Population Estimate","1991","","..","2026-07-09T11-45-08-76271f5a60e0","https://openstat.psa.gov.ph/PXWeb/pxweb/en/DB/DB__3D/0023C3DP020.px"
"..Compostela Valley","Magnitude of Poor Population Estimate","2006","239479.8","","2026-07-09T11-45-08-76271f5a60e0","https://openstat.psa.gov.ph/PXWeb/pxweb/en/DB/DB__3D/0023C3DP020.px"
"..Compostela Valley","Magnitude of Poor Population Estimate","2009","239800.3","","2026-07-09T11-45-08-76271f5a60e0","https://openstat.psa.gov.ph/PXWeb/pxweb/en/DB/DB__3D/0023C3DP020.px"
"..Compostela Valley","Magnitude of Poor Population Estimate","2012","259485","","2026-07-09T11-45-08-76271f5a60e0","https://openstat.psa.gov.ph/PXWeb/pxweb/en/DB/DB__3D/0023C3DP020.px"
"..Compostela Valley","Magnitude of Poor Population Estimate","2015","178921.7","","2026-07-09T11-45-08-76271f5a60e0","https://openstat.psa.gov.ph/PXWeb/pxweb/en/DB/DB__3D/0023C3DP020.px"
"Region XII","Annual Per Capita Poverty Threshold  (in Pesos)","1991","6272.0299956956","","2026-07-09T11-45-08-76271f5a60e0","https://openstat.psa.gov.ph/PXWeb/pxweb/en/DB/DB__3D/0023C3DP020.px"
"Region XII","Annual Per Capita Poverty Threshold  (in Pesos)","2006","13319.2278642328","","2026-07-09T11-45-08-76271f5a60e0","https://openstat.psa.gov.ph/PXWeb/pxweb/en/DB/DB__3D/0023C3DP020.px"
"Region XII","Annual Per Capita Poverty Threshold  (in Pesos)","2009","16405.1162501562","","2026-07-09T11-45-08-76271f5a60e0","https://openstat.psa.gov.ph/PXWeb/pxweb/en/DB/DB__3D/0023C3DP020.px"
"Region XII","Annual Per Capita Poverty Threshold  (in Pesos)","2012","18737.4121826402","","2026-07-09T11-45-08-76271f5a60e0","https://openstat.psa.gov.ph/PXWeb/pxweb/en/DB/DB__3D/0023C3DP020.px"
"Region XII","Annual Per Capita Poverty Threshold  (in Pesos)","2015","21025","","2026-07-09T11-45-08-76271f5a60e0","https://openstat.psa.gov.ph/PXWeb/pxweb/en/DB/DB__3D/0023C3DP020.px"
"Region XII","Poverty Incidence among Population Estimate (%)","1991","53.26728","","2026-07-09T11-45-08-76271f5a60e0","https://openstat.psa.gov.ph/PXWeb/pxweb/en/DB/DB__3D/0023C3DP020.px"
"Region XII","Poverty Incidence among Population Estimate (%)","2006","37.89521","","2026-07-09T11-45-08-76271f5a60e0","https://openstat.psa.gov.ph/PXWeb/pxweb/en/DB/DB__3D/0023C3DP020.px"
"Region XII","Poverty Incidence among Population Estimate (%)","2009","38.31267","","2026-07-09T11-45-08-76271f5a60e0","https://openstat.psa.gov.ph/PXWeb/pxweb/en/DB/DB__3D/0023C3DP020.px"
"Region XII","Poverty Incidence among Population Estimate (%)","2012","44.7442","","2026-07-09T11-45-08-76271f5a60e0","https://openstat.psa.gov.ph/PXWeb/pxweb/en/DB/DB__3D/0023C3DP020.px"
"Region XII","Poverty Incidence among Population Estimate (%)","2015","37.32494","","2026-07-09T11-45-08-76271f5a60e0","https://openstat.psa.gov.ph/PXWeb/pxweb/en/DB/DB__3D/0023C3DP020.px"
"Region XII","Coefficient of Variation","1991","6.471054","","2026-07-09T11-45-08-76271f5a60e0","https://openstat.psa.gov.ph/PXWeb/pxweb/en/DB/DB__3D/0023C3DP020.px"
"Region XII","Coefficient of Variation","2006","5.528422","","2026-07-09T11-45-08-76271f5a60e0","https://openstat.psa.gov.ph/PXWeb/pxweb/en/DB/DB__3D/0023C3DP020.px"
"Region XII","Coefficient of Variation","2009","6.074844","","2026-07-09T11-45-08-76271f5a60e0","https://openstat.psa.gov.ph/PXWeb/pxweb/en/DB/DB__3D/0023C3DP020.px"
"Region XII","Coefficient of Variation","2012","5.842808","","2026-07-09T11-45-08-76271f5a60e0","https://openstat.psa.gov.ph/PXWeb/pxweb/en/DB/DB__3D/0023C3DP020.px"
"Region XII","Coefficient of Variation","2015","9.674131","","2026-07-09T11-45-08-76271f5a60e0","https://openstat.psa.gov.ph/PXWeb/pxweb/en/DB/DB__3D/0023C3DP020.px"
"Region XII","Magnitude of Poor Population Estimate","1991","1216120","","2026-07-09T11-45-08-76271f5a60e0","https://openstat.psa.gov.ph/PXWeb/pxweb/en/DB/DB__3D/0023C3DP020.px"
"Region XII","Magnitude of Poor Population Estimate","2006","1410648","","2026-07-09T11-45-08-76271f5a60e0","https://openstat.psa.gov.ph/PXWeb/pxweb/en/DB/DB__3D/0023C3DP020.px"
"Region XII","Magnitude of Poor Population Estimate","2009","1511050","","2026-07-09T11-45-08-76271f5a60e0","https://openstat.psa.gov.ph/PXWeb/pxweb/en/DB/DB__3D/0023C3DP020.px"
"Region XII","Magnitude of Poor Population Estimate","2012","1895820","","2026-07-09T11-45-08-76271f5a60e0","https://openstat.psa.gov.ph/PXWeb/pxweb/en/DB/DB__3D/0023C3DP020.px"
"Region XII","Magnitude of Poor Population Estimate","2015","1716649","","2026-07-09T11-45-08-76271f5a60e0","https://openstat.psa.gov.ph/PXWeb/pxweb/en/DB/DB__3D/0023C3DP020.px"
"..North Cotabato","Annual Per Capita Poverty Threshold  (in Pesos)","1991","","..","2026-07-09T11-45-08-76271f5a60e0","https://openstat.psa.gov.ph/PXWeb/pxweb/en/DB/DB__3D/0023C3DP020.px"
"..North Cotabato","Annual Per Capita Poverty Threshold  (in Pesos)","2006","12076.7192260843","","2026-07-09T11-45-08-76271f5a60e0","https://openstat.psa.gov.ph/PXWeb/pxweb/en/DB/DB__3D/0023C3DP020.px"
"..North Cotabato","Annual Per Capita Poverty Threshold  (in Pesos)","2009","14862.040966693","","2026-07-09T11-45-08-76271f5a60e0","https://openstat.psa.gov.ph/PXWeb/pxweb/en/DB/DB__3D/0023C3DP020.px"
"..North Cotabato","Annual Per Capita Poverty Threshold  (in Pesos)","2012","18339.9393358598","","2026-07-09T11-45-08-76271f5a60e0","https://openstat.psa.gov.ph/PXWeb/pxweb/en/DB/DB__3D/0023C3DP020.px"
"..North Cotabato","Annual Per Capita Poverty Threshold  (in Pesos)","2015","20555","","2026-07-09T11-45-08-76271f5a60e0","https://openstat.psa.gov.ph/PXWeb/pxweb/en/DB/DB__3D/0023C3DP020.px"
"..North Cotabato","Poverty Incidence among Population Estimate (%)","1991","","..","2026-07-09T11-45-08-76271f5a60e0","https://openstat.psa.gov.ph/PXWeb/pxweb/en/DB/DB__3D/0023C3DP020.px"
"..North Cotabato","Poverty Incidence among Population Estimate (%)","2006","31.38037","","2026-07-09T11-45-08-76271f5a60e0","https://openstat.psa.gov.ph/PXWeb/pxweb/en/DB/DB__3D/0023C3DP020.px"
"..North Cotabato","Poverty Incidence among Population Estimate (%)","2009","30.63965","","2026-07-09T11-45-08-76271f5a60e0","https://openstat.psa.gov.ph/PXWeb/pxweb/en/DB/DB__3D/0023C3DP020.px"
"..North Cotabato","Poverty Incidence among Population Estimate (%)","2012","52.35602","","2026-07-09T11-45-08-76271f5a60e0","https://openstat.psa.gov.ph/PXWeb/pxweb/en/DB/DB__3D/0023C3DP020.px"
"..North Cotabato","Poverty Incidence among Population Estimate (%)","2015","41.35423","","2026-07-09T11-45-08-76271f5a60e0","https://openstat.psa.gov.ph/PXWeb/pxweb/en/DB/DB__3D/0023C3DP020.px"
"..North Cotabato","Coefficient of Variation","1991","","..","2026-07-09T11-45-08-76271f5a60e0","https://openstat.psa.gov.ph/PXWeb/pxweb/en/DB/DB__3D/0023C3DP020.px"
"..North Cotabato","Coefficient of Variation","2006","12.95192","","2026-07-09T11-45-08-76271f5a60e0","https://openstat.psa.gov.ph/PXWeb/pxweb/en/DB/DB__3D/0023C3DP020.px"
"..North Cotabato","Coefficient of Variation","2009","14.10157","","2026-07-09T11-45-08-76271f5a60e0","https://openstat.psa.gov.ph/PXWeb/pxweb/en/DB/DB__3D/0023C3DP020.px"
"..North Cotabato","Coefficient of Variation","2012","9.056277","","2026-07-09T11-45-08-76271f5a60e0","https://openstat.psa.gov.ph/PXWeb/pxweb/en/DB/DB__3D/0023C3DP020.px"
"..North Cotabato","Coefficient of Variation","2015","11.5155","","2026-07-09T11-45-08-76271f5a60e0","https://openstat.psa.gov.ph/PXWeb/pxweb/en/DB/DB__3D/0023C3DP020.px"
"..North Cotabato","Magnitude of Poor Population Estimate","1991","","..","2026-07-09T11-45-08-76271f5a60e0","https://openstat.psa.gov.ph/PXWeb/pxweb/en/DB/DB__3D/0023C3DP020.px"
"..North Cotabato","Magnitude of Poor Population Estimate","2006","331157.5","","2026-07-09T11-45-08-76271f5a60e0","https://openstat.psa.gov.ph/PXWeb/pxweb/en/DB/DB__3D/0023C3DP020.px"
"..North Cotabato","Magnitude of Poor Population Estimate","2009","361554.3","","2026-07-09T11-45-08-76271f5a60e0","https://openstat.psa.gov.ph/PXWeb/pxweb/en/DB/DB__3D/0023C3DP020.px"
"..North Cotabato","Magnitude of Poor Population Estimate","2012","708062.1","","2026-07-09T11-45-08-76271f5a60e0","https://openstat.psa.gov.ph/PXWeb/pxweb/en/DB/DB__3D/0023C3DP020.px"
"..North Cotabato","Magnitude of Poor Population Estimate","2015","615922.6","","2026-07-09T11-45-08-76271f5a60e0","https://openstat.psa.gov.ph/PXWeb/pxweb/en/DB/DB__3D/0023C3DP020.px"
"..Saranggani","Annual Per Capita Poverty Threshold  (in Pesos)","1991","","..","2026-07-09T11-45-08-76271f5a60e0","https://openstat.psa.gov.ph/PXWeb/pxweb/en/DB/DB__3D/0023C3DP020.px"
"..Saranggani","Annual Per Capita Poverty Threshold  (in Pesos)","2006","13059.051359209","","2026-07-09T11-45-08-76271f5a60e0","https://openstat.psa.gov.ph/PXWeb/pxweb/en/DB/DB__3D/0023C3DP020.px"
"..Saranggani","Annual Per Capita Poverty Threshold  (in Pesos)","2009","16052.9779344828","","2026-07-09T11-45-08-76271f5a60e0","https://openstat.psa.gov.ph/PXWeb/pxweb/en/DB/DB__3D/0023C3DP020.px"
"..Saranggani","Annual Per Capita Poverty Threshold  (in Pesos)","2012","18639.7278409022","","2026-07-09T11-45-08-76271f5a60e0","https://openstat.psa.gov.ph/PXWeb/pxweb/en/DB/DB__3D/0023C3DP020.px"
"..Saranggani","Annual Per Capita Poverty Threshold  (in Pesos)","2015","20753","","2026-07-09T11-45-08-76271f5a60e0","https://openstat.psa.gov.ph/PXWeb/pxweb/en/DB/DB__3D/0023C3DP020.px"
"..Saranggani","Poverty Incidence among Population Estimate (%)","1991","","..","2026-07-09T11-45-08-76271f5a60e0","https://openstat.psa.gov.ph/PXWeb/pxweb/en/DB/DB__3D/0023C3DP020.px"
"..Saranggani","Poverty Incidence among Population Estimate (%)","2006","48.96422","","2026-07-09T11-45-08-76271f5a60e0","https://openstat.psa.gov.ph/PXWeb/pxweb/en/DB/DB__3D/0023C3DP020.px"
"..Saranggani","Poverty Incidence among Population Estimate (%)","2009","57.72723","","2026-07-09T11-45-08-76271f5a60e0","https://openstat.psa.gov.ph/PXWeb/pxweb/en/DB/DB__3D/0023C3DP020.px"
"..Saranggani","Poverty Incidence among Population Estimate (%)","2012","53.15033","","2026-07-09T11-45-08-76271f5a60e0","https://openstat.psa.gov.ph/PXWeb/pxweb/en/DB/DB__3D/0023C3DP020.px"
"..Saranggani","Poverty Incidence among Population Estimate (%)","2015","55.20228","","2026-07-09T11-45-08-76271f5a60e0","https://openstat.psa.gov.ph/PXWeb/pxweb/en/DB/DB__3D/0023C3DP020.px"
"..Saranggani","Coefficient of Variation","1991","","..","2026-07-09T11-45-08-76271f5a60e0","https://openstat.psa.gov.ph/PXWeb/pxweb/en/DB/DB__3D/0023C3DP020.px"
"..Saranggani","Coefficient of Variation","2006","8.951693","","2026-07-09T11-45-08-76271f5a60e0","https://openstat.psa.gov.ph/PXWeb/pxweb/en/DB/DB__3D/0023C3DP020.px"
"..Saranggani","Coefficient of Variation","2009","9.180867","","2026-07-09T11-45-08-76271f5a60e0","https://openstat.psa.gov.ph/PXWeb/pxweb/en/DB/DB__3D/0023C3DP020.px"
"..Saranggani","Coefficient of Variation","2012","8.661065","","2026-07-09T11-45-08-76271f5a60e0","https://openstat.psa.gov.ph/PXWeb/pxweb/en/DB/DB__3D/0023C3DP020.px"
"..Saranggani","Coefficient of Variation","2015","14.01591","","2026-07-09T11-45-08-76271f5a60e0","https://openstat.psa.gov.ph/PXWeb/pxweb/en/DB/DB__3D/0023C3DP020.px"
"..Saranggani","Magnitude of Poor Population Estimate","1991","","..","2026-07-09T11-45-08-76271f5a60e0","https://openstat.psa.gov.ph/PXWeb/pxweb/en/DB/DB__3D/0023C3DP020.px"
"..Saranggani","Magnitude of Poor Population Estimate","2006","247674.1","","2026-07-09T11-45-08-76271f5a60e0","https://openstat.psa.gov.ph/PXWeb/pxweb/en/DB/DB__3D/0023C3DP020.px"
"..Saranggani","Magnitude of Poor Population Estimate","2009","290151.1","","2026-07-09T11-45-08-76271f5a60e0","https://openstat.psa.gov.ph/PXWeb/pxweb/en/DB/DB__3D/0023C3DP020.px"
"..Saranggani","Magnitude of Poor Population Estimate","2012","269111.6","","2026-07-09T11-45-08-76271f5a60e0","https://openstat.psa.gov.ph/PXWeb/pxweb/en/DB/DB__3D/0023C3DP020.px"
"..Saranggani","Magnitude of Poor Population Estimate","2015","233164.2","","2026-07-09T11-45-08-76271f5a60e0","https://openstat.psa.gov.ph/PXWeb/pxweb/en/DB/DB__3D/0023C3DP020.px"
"..South Cotabato b/","Annual Per Capita Poverty Threshold  (in Pesos)","1991","","..","2026-07-09T11-45-08-76271f5a60e0","https://openstat.psa.gov.ph/PXWeb/pxweb/en/DB/DB__3D/0023C3DP020.px"
"..South Cotabato b/","Annual Per Capita Poverty Threshold  (in Pesos)","2006","13888.6089779116","","2026-07-09T11-45-08-76271f5a60e0","https://openstat.psa.gov.ph/PXWeb/pxweb/en/DB/DB__3D/0023C3DP020.px"
"..South Cotabato b/","Annual Per Capita Poverty Threshold  (in Pesos)","2009","17140.7564496182","","2026-07-09T11-45-08-76271f5a60e0","https://openstat.psa.gov.ph/PXWeb/pxweb/en/DB/DB__3D/0023C3DP020.px"
"..South Cotabato b/","Annual Per Capita Poverty Threshold  (in Pesos)","2012","19846.7599095405","","2026-07-09T11-45-08-76271f5a60e0","https://openstat.psa.gov.ph/PXWeb/pxweb/en/DB/DB__3D/0023C3DP020.px"
"..South Cotabato b/","Annual Per Capita Poverty Threshold  (in Pesos)","2015","22147","","2026-07-09T11-45-08-76271f5a60e0","https://openstat.psa.gov.ph/PXWeb/pxweb/en/DB/DB__3D/0023C3DP020.px"
"..South Cotabato b/","Poverty Incidence among Population Estimate (%)","1991","","..","2026-07-09T11-45-08-76271f5a60e0","https://openstat.psa.gov.ph/PXWeb/pxweb/en/DB/DB__3D/0023C3DP020.px"
"..South Cotabato b/","Poverty Incidence among Population Estimate (%)","2006","31.73649","","2026-07-09T11-45-08-76271f5a60e0","https://openstat.psa.gov.ph/PXWeb/pxweb/en/DB/DB__3D/0023C3DP020.px"
"..South Cotabato b/","Poverty Incidence among Population Estimate (%)","2009","31.62345","","2026-07-09T11-45-08-76271f5a60e0","https://openstat.psa.gov.ph/PXWeb/pxweb/en/DB/DB__3D/0023C3DP020.px"
"..South Cotabato b/","Poverty Incidence among Population Estimate (%)","2012","31.98151","","2026-07-09T11-45-08-76271f5a60e0","https://openstat.psa.gov.ph/PXWeb/pxweb/en/DB/DB__3D/0023C3DP020.px"
"..South Cotabato b/","Poverty Incidence among Population Estimate (%)","2015","24.63877","","2026-07-09T11-45-08-76271f5a60e0","https://openstat.psa.gov.ph/PXWeb/pxweb/en/DB/DB__3D/0023C3DP020.px"
"..South Cotabato b/","Coefficient of Variation","1991","","..","2026-07-09T11-45-08-76271f5a60e0","https://openstat.psa.gov.ph/PXWeb/pxweb/en/DB/DB__3D/0023C3DP020.px"
"..South Cotabato b/","Coefficient of Variation","2006","9.611344","","2026-07-09T11-45-08-76271f5a60e0","https://openstat.psa.gov.ph/PXWeb/pxweb/en/DB/DB__3D/0023C3DP020.px"
"..South Cotabato b/","Coefficient of Variation","2009","11.24331","","2026-07-09T11-45-08-76271f5a60e0","https://openstat.psa.gov.ph/PXWeb/pxweb/en/DB/DB__3D/0023C3DP020.px"
"..South Cotabato b/","Coefficient of Variation","2012","13.9444","","2026-07-09T11-45-08-76271f5a60e0","https://openstat.psa.gov.ph/PXWeb/pxweb/en/DB/DB__3D/0023C3DP020.px"
"..South Cotabato b/","Coefficient of Variation","2015","20.72817","","2026-07-09T11-45-08-76271f5a60e0","https://openstat.psa.gov.ph/PXWeb/pxweb/en/DB/DB__3D/0023C3DP020.px"
"..South Cotabato b/","Magnitude of Poor Population Estimate","1991","","..","2026-07-09T11-45-08-76271f5a60e0","https://openstat.psa.gov.ph/PXWeb/pxweb/en/DB/DB__3D/0023C3DP020.px"
"..South Cotabato b/","Magnitude of Poor Population Estimate","2006","394843.6","","2026-07-09T11-45-08-76271f5a60e0","https://openstat.psa.gov.ph/PXWeb/pxweb/en/DB/DB__3D/0023C3DP020.px"
"..South Cotabato b/","Magnitude of Poor Population Estimate","2009","408124.6","","2026-07-09T11-45-08-76271f5a60e0","https://openstat.psa.gov.ph/PXWeb/pxweb/en/DB/DB__3D/0023C3DP020.px"
"..South Cotabato b/","Magnitude of Poor Population Estimate","2012","430209.9","","2026-07-09T11-45-08-76271f5a60e0","https://openstat.psa.gov.ph/PXWeb/pxweb/en/DB/DB__3D/0023C3DP020.px"
"..South Cotabato b/","Magnitude of Poor Population Estimate","2015","411404.1","","2026-07-09T11-45-08-76271f5a60e0","https://openstat.psa.gov.ph/PXWeb/pxweb/en/DB/DB__3D/0023C3DP020.px"
"..Sultan Kudarat","Annual Per Capita Poverty Threshold  (in Pesos)","1991","","..","2026-07-09T11-45-08-76271f5a60e0","https://openstat.psa.gov.ph/PXWeb/pxweb/en/DB/DB__3D/0023C3DP020.px"
"..Sultan Kudarat","Annual Per Capita Poverty Threshold  (in Pesos)","2006","13766.2158154934","","2026-07-09T11-45-08-76271f5a60e0","https://openstat.psa.gov.ph/PXWeb/pxweb/en/DB/DB__3D/0023C3DP020.px"
"..Sultan Kudarat","Annual Per Capita Poverty Threshold  (in Pesos)","2009","16964.5111953509","","2026-07-09T11-45-08-76271f5a60e0","https://openstat.psa.gov.ph/PXWeb/pxweb/en/DB/DB__3D/0023C3DP020.px"
"..Sultan Kudarat","Annual Per Capita Poverty Threshold  (in Pesos)","2012","17596.5857966215","","2026-07-09T11-45-08-76271f5a60e0","https://openstat.psa.gov.ph/PXWeb/pxweb/en/DB/DB__3D/0023C3DP020.px"
"..Sultan Kudarat","Annual Per Capita Poverty Threshold  (in Pesos)","2015","20620","","2026-07-09T11-45-08-76271f5a60e0","https://openstat.psa.gov.ph/PXWeb/pxweb/en/DB/DB__3D/0023C3DP020.px"
"..Sultan Kudarat","Poverty Incidence among Population Estimate (%)","1991","","..","2026-07-09T11-45-08-76271f5a60e0","https://openstat.psa.gov.ph/PXWeb/pxweb/en/DB/DB__3D/0023C3DP020.px"
"..Sultan Kudarat","Poverty Incidence among Population Estimate (%)","2006","51.96506","","2026-07-09T11-45-08-76271f5a60e0","https://openstat.psa.gov.ph/PXWeb/pxweb/en/DB/DB__3D/0023C3DP020.px"
"..Sultan Kudarat","Poverty Incidence among Population Estimate (%)","2009","51.46719","","2026-07-09T11-45-08-76271f5a60e0","https://openstat.psa.gov.ph/PXWeb/pxweb/en/DB/DB__3D/0023C3DP020.px"
"..Sultan Kudarat","Poverty Incidence among Population Estimate (%)","2012","48.47439","","2026-07-09T11-45-08-76271f5a60e0","https://openstat.psa.gov.ph/PXWeb/pxweb/en/DB/DB__3D/0023C3DP020.px"
"..Sultan Kudarat","Poverty Incidence among Population Estimate (%)","2015","48.01349","","2026-07-09T11-45-08-76271f5a60e0","https://openstat.psa.gov.ph/PXWeb/pxweb/en/DB/DB__3D/0023C3DP020.px"
"..Sultan Kudarat","Coefficient of Variation","1991","","..","2026-07-09T11-45-08-76271f5a60e0","https://openstat.psa.gov.ph/PXWeb/pxweb/en/DB/DB__3D/0023C3DP020.px"
"..Sultan Kudarat","Coefficient of Variation","2006","10.5039","","2026-07-09T11-45-08-76271f5a60e0","https://openstat.psa.gov.ph/PXWeb/pxweb/en/DB/DB__3D/0023C3DP020.px"
"..Sultan Kudarat","Coefficient of Variation","2009","10.56527","","2026-07-09T11-45-08-76271f5a60e0","https://openstat.psa.gov.ph/PXWeb/pxweb/en/DB/DB__3D/0023C3DP020.px"
"..Sultan Kudarat","Coefficient of Variation","2012","13.67067","","2026-07-09T11-45-08-76271f5a60e0","https://openstat.psa.gov.ph/PXWeb/pxweb/en/DB/DB__3D/0023C3DP020.px"
"..Sultan Kudarat","Coefficient of Variation","2015","19.33003","","2026-07-09T11-45-08-76271f5a60e0","https://openstat.psa.gov.ph/PXWeb/pxweb/en/DB/DB__3D/0023C3DP020.px"
"..Sultan Kudarat","Magnitude of Poor Population Estimate","1991","","..","2026-07-09T11-45-08-76271f5a60e0","https://openstat.psa.gov.ph/PXWeb/pxweb/en/DB/DB__3D/0023C3DP020.px"
"..Sultan Kudarat","Magnitude of Poor Population Estimate","2006","359193.8","","2026-07-09T11-45-08-76271f5a60e0","https://openstat.psa.gov.ph/PXWeb/pxweb/en/DB/DB__3D/0023C3DP020.px"
"..Sultan Kudarat","Magnitude of Poor Population Estimate","2009","356872.7","","2026-07-09T11-45-08-76271f5a60e0","https://openstat.psa.gov.ph/PXWeb/pxweb/en/DB/DB__3D/0023C3DP020.px"
"..Sultan Kudarat","Magnitude of Poor Population Estimate","2012","357959.6","","2026-07-09T11-45-08-76271f5a60e0","https://openstat.psa.gov.ph/PXWeb/pxweb/en/DB/DB__3D/0023C3DP020.px"
"..Sultan Kudarat","Magnitude of Poor Population Estimate","2015","393832.5","","2026-07-09T11-45-08-76271f5a60e0","https://openstat.psa.gov.ph/PXWeb/pxweb/en/DB/DB__3D/0023C3DP020.px"
"..Cotabato City b/, c/","Annual Per Capita Poverty Threshold  (in Pesos)","1991","","..","2026-07-09T11-45-08-76271f5a60e0","https://openstat.psa.gov.ph/PXWeb/pxweb/en/DB/DB__3D/0023C3DP020.px"
"..Cotabato City b/, c/","Annual Per Capita Poverty Threshold  (in Pesos)","2006","14628.6589276779","","2026-07-09T11-45-08-76271f5a60e0","https://openstat.psa.gov.ph/PXWeb/pxweb/en/DB/DB__3D/0023C3DP020.px"
"..Cotabato City b/, c/","Annual Per Capita Poverty Threshold  (in Pesos)","2009","18103.2370122913","","2026-07-09T11-45-08-76271f5a60e0","https://openstat.psa.gov.ph/PXWeb/pxweb/en/DB/DB__3D/0023C3DP020.px"
"..Cotabato City b/, c/","Annual Per Capita Poverty Threshold  (in Pesos)","2012","20567.9368939584","","2026-07-09T11-45-08-76271f5a60e0","https://openstat.psa.gov.ph/PXWeb/pxweb/en/DB/DB__3D/0023C3DP020.px"
"..Cotabato City b/, c/","Annual Per Capita Poverty Threshold  (in Pesos)","2015","21825","","2026-07-09T11-45-08-76271f5a60e0","https://openstat.psa.gov.ph/PXWeb/pxweb/en/DB/DB__3D/0023C3DP020.px"
"..Cotabato City b/, c/","Poverty Incidence among Population Estimate (%)","1991","","..","2026-07-09T11-45-08-76271f5a60e0","https://openstat.psa.gov.ph/PXWeb/pxweb/en/DB/DB__3D/0023C3DP020.px"
"..Cotabato City b/, c/","Poverty Incidence among Population Estimate (%)","2006","34.41305","","2026-07-09T11-45-08-76271f5a60e0","https://openstat.psa.gov.ph/PXWeb/pxweb/en/DB/DB__3D/0023C3DP020.px"
"..Cotabato City b/, c/","Poverty Incidence among Population Estimate (%)","2009","34.01424","","2026-07-09T11-45-08-76271f5a60e0","https://openstat.psa.gov.ph/PXWeb/pxweb/en/DB/DB__3D/0023C3DP020.px"
"..Cotabato City b/, c/","Poverty Incidence among Population Estimate (%)","2012","44.27992","","2026-07-09T11-45-08-76271f5a60e0","https://openstat.psa.gov.ph/PXWeb/pxweb/en/DB/DB__3D/0023C3DP020.px"
"..Cotabato City b/, c/","Poverty Incidence among Population Estimate (%)","2015","31.56682","","2026-07-09T11-45-08-76271f5a60e0","https://openstat.psa.gov.ph/PXWeb/pxweb/en/DB/DB__3D/0023C3DP020.px"
"..Cotabato City b/, c/","Coefficient of Variation","1991","","..","2026-07-09T11-45-08-76271f5a60e0","https://openstat.psa.gov.ph/PXWeb/pxweb/en/DB/DB__3D/0023C3DP020.px"
"..Cotabato City b/, c/","Coefficient of Variation","2006","31.02621","","2026-07-09T11-45-08-76271f5a60e0","https://openstat.psa.gov.ph/PXWeb/pxweb/en/DB/DB__3D/0023C3DP020.px"
"..Cotabato City b/, c/","Coefficient of Variation","2009","23.08913","","2026-07-09T11-45-08-76271f5a60e0","https://openstat.psa.gov.ph/PXWeb/pxweb/en/DB/DB__3D/0023C3DP020.px"
"..Cotabato City b/, c/","Coefficient of Variation","2012","14.92789","","2026-07-09T11-45-08-76271f5a60e0","https://openstat.psa.gov.ph/PXWeb/pxweb/en/DB/DB__3D/0023C3DP020.px"
"..Cotabato City b/, c/","Coefficient of Variation","2015","30.961","","2026-07-09T11-45-08-76271f5a60e0","https://openstat.psa.gov.ph/PXWeb/pxweb/en/DB/DB__3D/0023C3DP020.px"
"..Cotabato City b/, c/","Magnitude of Poor Population Estimate","1991","","..","2026-07-09T11-45-08-76271f5a60e0","https://openstat.psa.gov.ph/PXWeb/pxweb/en/DB/DB__3D/0023C3DP020.px"
"..Cotabato City b/, c/","Magnitude of Poor Population Estimate","2006","77778.72","","2026-07-09T11-45-08-76271f5a60e0","https://openstat.psa.gov.ph/PXWeb/pxweb/en/DB/DB__3D/0023C3DP020.px"
"..Cotabato City b/, c/","Magnitude of Poor Population Estimate","2009","94347.31","","2026-07-09T11-45-08-76271f5a60e0","https://openstat.psa.gov.ph/PXWeb/pxweb/en/DB/DB__3D/0023C3DP020.px"
"..Cotabato City b/, c/","Magnitude of Poor Population Estimate","2012","130476.6","","2026-07-09T11-45-08-76271f5a60e0","https://openstat.psa.gov.ph/PXWeb/pxweb/en/DB/DB__3D/0023C3DP020.px"
"..Cotabato City b/, c/","Magnitude of Poor Population Estimate","2015","62325.44","","2026-07-09T11-45-08-76271f5a60e0","https://openstat.psa.gov.ph/PXWeb/pxweb/en/DB/DB__3D/0023C3DP020.px"
"Caraga","Annual Per Capita Poverty Threshold  (in Pesos)","1991","6098.9603823555","","2026-07-09T11-45-08-76271f5a60e0","https://openstat.psa.gov.ph/PXWeb/pxweb/en/DB/DB__3D/0023C3DP020.px"
"Caraga","Annual Per Capita Poverty Threshold  (in Pesos)","2006","14324.2705037191","","2026-07-09T11-45-08-76271f5a60e0","https://openstat.psa.gov.ph/PXWeb/pxweb/en/DB/DB__3D/0023C3DP020.px"
"Caraga","Annual Per Capita Poverty Threshold  (in Pesos)","2009","18308.5582092579","","2026-07-09T11-45-08-76271f5a60e0","https://openstat.psa.gov.ph/PXWeb/pxweb/en/DB/DB__3D/0023C3DP020.px"
"Caraga","Annual Per Capita Poverty Threshold  (in Pesos)","2012","19629.1453803518","","2026-07-09T11-45-08-76271f5a60e0","https://openstat.psa.gov.ph/PXWeb/pxweb/en/DB/DB__3D/0023C3DP020.px"
"Caraga","Annual Per Capita Poverty Threshold  (in Pesos)","2015","22570","","2026-07-09T11-45-08-76271f5a60e0","https://openstat.psa.gov.ph/PXWeb/pxweb/en/DB/DB__3D/0023C3DP020.px"
"Caraga","Poverty Incidence among Population Estimate (%)","1991","54.26355","","2026-07-09T11-45-08-76271f5a60e0","https://openstat.psa.gov.ph/PXWeb/pxweb/en/DB/DB__3D/0023C3DP020.px"
"Caraga","Poverty Incidence among Population Estimate (%)","2006","49.24247","","2026-07-09T11-45-08-76271f5a60e0","https://openstat.psa.gov.ph/PXWeb/pxweb/en/DB/DB__3D/0023C3DP020.px"
"Caraga","Poverty Incidence among Population Estimate (%)","2009","54.35336","","2026-07-09T11-45-08-76271f5a60e0","https://openstat.psa.gov.ph/PXWeb/pxweb/en/DB/DB__3D/0023C3DP020.px"
"Caraga","Poverty Incidence among Population Estimate (%)","2012","40.32691","","2026-07-09T11-45-08-76271f5a60e0","https://openstat.psa.gov.ph/PXWeb/pxweb/en/DB/DB__3D/0023C3DP020.px"
"Caraga","Poverty Incidence among Population Estimate (%)","2015","39.10304","","2026-07-09T11-45-08-76271f5a60e0","https://openstat.psa.gov.ph/PXWeb/pxweb/en/DB/DB__3D/0023C3DP020.px"
"Caraga","Coefficient of Variation","1991","7.579937","","2026-07-09T11-45-08-76271f5a60e0","https://openstat.psa.gov.ph/PXWeb/pxweb/en/DB/DB__3D/0023C3DP020.px"
"Caraga","Coefficient of Variation","2006","4.952075","","2026-07-09T11-45-08-76271f5a60e0","https://openstat.psa.gov.ph/PXWeb/pxweb/en/DB/DB__3D/0023C3DP020.px"
"Caraga","Coefficient of Variation","2009","3.884987","","2026-07-09T11-45-08-76271f5a60e0","https://openstat.psa.gov.ph/PXWeb/pxweb/en/DB/DB__3D/0023C3DP020.px"
"Caraga","Coefficient of Variation","2012","5.50309","","2026-07-09T11-45-08-76271f5a60e0","https://openstat.psa.gov.ph/PXWeb/pxweb/en/DB/DB__3D/0023C3DP020.px"
"Caraga","Coefficient of Variation","2015","6.262198","","2026-07-09T11-45-08-76271f5a60e0","https://openstat.psa.gov.ph/PXWeb/pxweb/en/DB/DB__3D/0023C3DP020.px"
"Caraga","Magnitude of Poor Population Estimate","1991","972186.4","","2026-07-09T11-45-08-76271f5a60e0","https://openstat.psa.gov.ph/PXWeb/pxweb/en/DB/DB__3D/0023C3DP020.px"
"Caraga","Magnitude of Poor Population Estimate","2006","1132669","","2026-07-09T11-45-08-76271f5a60e0","https://openstat.psa.gov.ph/PXWeb/pxweb/en/DB/DB__3D/0023C3DP020.px"
"Caraga","Magnitude of Poor Population Estimate","2009","1291683","","2026-07-09T11-45-08-76271f5a60e0","https://openstat.psa.gov.ph/PXWeb/pxweb/en/DB/DB__3D/0023C3DP020.px"
"Caraga","Magnitude of Poor Population Estimate","2012","1001923","","2026-07-09T11-45-08-76271f5a60e0","https://openstat.psa.gov.ph/PXWeb/pxweb/en/DB/DB__3D/0023C3DP020.px"
"Caraga","Magnitude of Poor Population Estimate","2015","1062312","","2026-07-09T11-45-08-76271f5a60e0","https://openstat.psa.gov.ph/PXWeb/pxweb/en/DB/DB__3D/0023C3DP020.px"
"..Agusan del Norte","Annual Per Capita Poverty Threshold  (in Pesos)","1991","","..","2026-07-09T11-45-08-76271f5a60e0","https://openstat.psa.gov.ph/PXWeb/pxweb/en/DB/DB__3D/0023C3DP020.px"
"..Agusan del Norte","Annual Per Capita Poverty Threshold  (in Pesos)","2006","14739.134243925","","2026-07-09T11-45-08-76271f5a60e0","https://openstat.psa.gov.ph/PXWeb/pxweb/en/DB/DB__3D/0023C3DP020.px"
"..Agusan del Norte","Annual Per Capita Poverty Threshold  (in Pesos)","2009","18890.3366065782","","2026-07-09T11-45-08-76271f5a60e0","https://openstat.psa.gov.ph/PXWeb/pxweb/en/DB/DB__3D/0023C3DP020.px"
"..Agusan del Norte","Annual Per Capita Poverty Threshold  (in Pesos)","2012","18904.6845513838","","2026-07-09T11-45-08-76271f5a60e0","https://openstat.psa.gov.ph/PXWeb/pxweb/en/DB/DB__3D/0023C3DP020.px"
"..Agusan del Norte","Annual Per Capita Poverty Threshold  (in Pesos)","2015","21535","","2026-07-09T11-45-08-76271f5a60e0","https://openstat.psa.gov.ph/PXWeb/pxweb/en/DB/DB__3D/0023C3DP020.px"
"..Agusan del Norte","Poverty Incidence among Population Estimate (%)","1991","","..","2026-07-09T11-45-08-76271f5a60e0","https://openstat.psa.gov.ph/PXWeb/pxweb/en/DB/DB__3D/0023C3DP020.px"
"..Agusan del Norte","Poverty Incidence among Population Estimate (%)","2006","44.07189","","2026-07-09T11-45-08-76271f5a60e0","https://openstat.psa.gov.ph/PXWeb/pxweb/en/DB/DB__3D/0023C3DP020.px"
"..Agusan del Norte","Poverty Incidence among Population Estimate (%)","2009","45.92631","","2026-07-09T11-45-08-76271f5a60e0","https://openstat.psa.gov.ph/PXWeb/pxweb/en/DB/DB__3D/0023C3DP020.px"
"..Agusan del Norte","Poverty Incidence among Population Estimate (%)","2012","34.67151","","2026-07-09T11-45-08-76271f5a60e0","https://openstat.psa.gov.ph/PXWeb/pxweb/en/DB/DB__3D/0023C3DP020.px"
"..Agusan del Norte","Poverty Incidence among Population Estimate (%)","2015","34.87982","","2026-07-09T11-45-08-76271f5a60e0","https://openstat.psa.gov.ph/PXWeb/pxweb/en/DB/DB__3D/0023C3DP020.px"
"..Agusan del Norte","Coefficient of Variation","1991","","..","2026-07-09T11-45-08-76271f5a60e0","https://openstat.psa.gov.ph/PXWeb/pxweb/en/DB/DB__3D/0023C3DP020.px"
"..Agusan del Norte","Coefficient of Variation","2006","9.275708","","2026-07-09T11-45-08-76271f5a60e0","https://openstat.psa.gov.ph/PXWeb/pxweb/en/DB/DB__3D/0023C3DP020.px"
"..Agusan del Norte","Coefficient of Variation","2009","8.581109","","2026-07-09T11-45-08-76271f5a60e0","https://openstat.psa.gov.ph/PXWeb/pxweb/en/DB/DB__3D/0023C3DP020.px"
"..Agusan del Norte","Coefficient of Variation","2012","14.2025","","2026-07-09T11-45-08-76271f5a60e0","https://openstat.psa.gov.ph/PXWeb/pxweb/en/DB/DB__3D/0023C3DP020.px"
"..Agusan del Norte","Coefficient of Variation","2015","14.72901","","2026-07-09T11-45-08-76271f5a60e0","https://openstat.psa.gov.ph/PXWeb/pxweb/en/DB/DB__3D/0023C3DP020.px"
"..Agusan del Norte","Magnitude of Poor Population Estimate","1991","","..","2026-07-09T11-45-08-76271f5a60e0","https://openstat.psa.gov.ph/PXWeb/pxweb/en/DB/DB__3D/0023C3DP020.px"
"..Agusan del Norte","Magnitude of Poor Population Estimate","2006","273427.1","","2026-07-09T11-45-08-76271f5a60e0","https://openstat.psa.gov.ph/PXWeb/pxweb/en/DB/DB__3D/0023C3DP020.px"
"..Agusan del Norte","Magnitude of Poor Population Estimate","2009","290792.6","","2026-07-09T11-45-08-76271f5a60e0","https://openstat.psa.gov.ph/PXWeb/pxweb/en/DB/DB__3D/0023C3DP020.px"
"..Agusan del Norte","Magnitude of Poor Population Estimate","2012","230720.7","","2026-07-09T11-45-08-76271f5a60e0","https://openstat.psa.gov.ph/PXWeb/pxweb/en/DB/DB__3D/0023C3DP020.px"
"..Agusan del Norte","Magnitude of Poor Population Estimate","2015","270148.8","","2026-07-09T11-45-08-76271f5a60e0","https://openstat.psa.gov.ph/PXWeb/pxweb/en/DB/DB__3D/0023C3DP020.px"
"..Agusan del Sur","Annual Per Capita Poverty Threshold  (in Pesos)","1991","","..","2026-07-09T11-45-08-76271f5a60e0","https://openstat.psa.gov.ph/PXWeb/pxweb/en/DB/DB__3D/0023C3DP020.px"
"..Agusan del Sur","Annual Per Capita Poverty Threshold  (in Pesos)","2006","14968.9581858824","","2026-07-09T11-45-08-76271f5a60e0","https://openstat.psa.gov.ph/PXWeb/pxweb/en/DB/DB__3D/0023C3DP020.px"
"..Agusan del Sur","Annual Per Capita Poverty Threshold  (in Pesos)","2009","19107.0863613165","","2026-07-09T11-45-08-76271f5a60e0","https://openstat.psa.gov.ph/PXWeb/pxweb/en/DB/DB__3D/0023C3DP020.px"
"..Agusan del Sur","Annual Per Capita Poverty Threshold  (in Pesos)","2012","19634.0039565756","","2026-07-09T11-45-08-76271f5a60e0","https://openstat.psa.gov.ph/PXWeb/pxweb/en/DB/DB__3D/0023C3DP020.px"
"..Agusan del Sur","Annual Per Capita Poverty Threshold  (in Pesos)","2015","22957","","2026-07-09T11-45-08-76271f5a60e0","https://openstat.psa.gov.ph/PXWeb/pxweb/en/DB/DB__3D/0023C3DP020.px"
"..Agusan del Sur","Poverty Incidence among Population Estimate (%)","1991","","..","2026-07-09T11-45-08-76271f5a60e0","https://openstat.psa.gov.ph/PXWeb/pxweb/en/DB/DB__3D/0023C3DP020.px"
"..Agusan del Sur","Poverty Incidence among Population Estimate (%)","2006","53.83707","","2026-07-09T11-45-08-76271f5a60e0","https://openstat.psa.gov.ph/PXWeb/pxweb/en/DB/DB__3D/0023C3DP020.px"
"..Agusan del Sur","Poverty Incidence among Population Estimate (%)","2009","60.03498","","2026-07-09T11-45-08-76271f5a60e0","https://openstat.psa.gov.ph/PXWeb/pxweb/en/DB/DB__3D/0023C3DP020.px"
"..Agusan del Sur","Poverty Incidence among Population Estimate (%)","2012","48.07851","","2026-07-09T11-45-08-76271f5a60e0","https://openstat.psa.gov.ph/PXWeb/pxweb/en/DB/DB__3D/0023C3DP020.px"
"..Agusan del Sur","Poverty Incidence among Population Estimate (%)","2015","47.28907","","2026-07-09T11-45-08-76271f5a60e0","https://openstat.psa.gov.ph/PXWeb/pxweb/en/DB/DB__3D/0023C3DP020.px"
"..Agusan del Sur","Coefficient of Variation","1991","","..","2026-07-09T11-45-08-76271f5a60e0","https://openstat.psa.gov.ph/PXWeb/pxweb/en/DB/DB__3D/0023C3DP020.px"
"..Agusan del Sur","Coefficient of Variation","2006","9.48093","","2026-07-09T11-45-08-76271f5a60e0","https://openstat.psa.gov.ph/PXWeb/pxweb/en/DB/DB__3D/0023C3DP020.px"
"..Agusan del Sur","Coefficient of Variation","2009","7.377719","","2026-07-09T11-45-08-76271f5a60e0","https://openstat.psa.gov.ph/PXWeb/pxweb/en/DB/DB__3D/0023C3DP020.px"
"..Agusan del Sur","Coefficient of Variation","2012","10.68022","","2026-07-09T11-45-08-76271f5a60e0","https://openstat.psa.gov.ph/PXWeb/pxweb/en/DB/DB__3D/0023C3DP020.px"
"..Agusan del Sur","Coefficient of Variation","2015","10.83956","","2026-07-09T11-45-08-76271f5a60e0","https://openstat.psa.gov.ph/PXWeb/pxweb/en/DB/DB__3D/0023C3DP020.px"
"..Agusan del Sur","Magnitude of Poor Population Estimate","1991","","..","2026-07-09T11-45-08-76271f5a60e0","https://openstat.psa.gov.ph/PXWeb/pxweb/en/DB/DB__3D/0023C3DP020.px"
"..Agusan del Sur","Magnitude of Poor Population Estimate","2006","327984.4","","2026-07-09T11-45-08-76271f5a60e0","https://openstat.psa.gov.ph/PXWeb/pxweb/en/DB/DB__3D/0023C3DP020.px"
"..Agusan del Sur","Magnitude of Poor Population Estimate","2009","398420.8","","2026-07-09T11-45-08-76271f5a60e0","https://openstat.psa.gov.ph/PXWeb/pxweb/en/DB/DB__3D/0023C3DP020.px"
"..Agusan del Sur","Magnitude of Poor Population Estimate","2012","324596.9","","2026-07-09T11-45-08-76271f5a60e0","https://openstat.psa.gov.ph/PXWeb/pxweb/en/DB/DB__3D/0023C3DP020.px"
"..Agusan del Sur","Magnitude of Poor Population Estimate","2015","318638.1","","2026-07-09T11-45-08-76271f5a60e0","https://openstat.psa.gov.ph/PXWeb/pxweb/en/DB/DB__3D/0023C3DP020.px"
"..Surigao Del Norte","Annual Per Capita Poverty Threshold  (in Pesos)","1991","","..","2026-07-09T11-45-08-76271f5a60e0","https://openstat.psa.gov.ph/PXWeb/pxweb/en/DB/DB__3D/0023C3DP020.px"
"..Surigao Del Norte","Annual Per Capita Poverty Threshold  (in Pesos)","2006","13771.0596140129","","2026-07-09T11-45-08-76271f5a60e0","https://openstat.psa.gov.ph/PXWeb/pxweb/en/DB/DB__3D/0023C3DP020.px"
"..Surigao Del Norte","Annual Per Capita Poverty Threshold  (in Pesos)","2009","17594.745038241","","2026-07-09T11-45-08-76271f5a60e0","https://openstat.psa.gov.ph/PXWeb/pxweb/en/DB/DB__3D/0023C3DP020.px"
"..Surigao Del Norte","Annual Per Capita Poverty Threshold  (in Pesos)","2012","20565.5784479396","","2026-07-09T11-45-08-76271f5a60e0","https://openstat.psa.gov.ph/PXWeb/pxweb/en/DB/DB__3D/0023C3DP020.px"
"..Surigao Del Norte","Annual Per Capita Poverty Threshold  (in Pesos)","2015","23057","","2026-07-09T11-45-08-76271f5a60e0","https://openstat.psa.gov.ph/PXWeb/pxweb/en/DB/DB__3D/0023C3DP020.px"
"..Surigao Del Norte","Poverty Incidence among Population Estimate (%)","1991","","..","2026-07-09T11-45-08-76271f5a60e0","https://openstat.psa.gov.ph/PXWeb/pxweb/en/DB/DB__3D/0023C3DP020.px"
"..Surigao Del Norte","Poverty Incidence among Population Estimate (%)","2006","52.69819","","2026-07-09T11-45-08-76271f5a60e0","https://openstat.psa.gov.ph/PXWeb/pxweb/en/DB/DB__3D/0023C3DP020.px"
"..Surigao Del Norte","Poverty Incidence among Population Estimate (%)","2009","57.92961","","2026-07-09T11-45-08-76271f5a60e0","https://openstat.psa.gov.ph/PXWeb/pxweb/en/DB/DB__3D/0023C3DP020.px"
"..Surigao Del Norte","Poverty Incidence among Population Estimate (%)","2012","41.84303","","2026-07-09T11-45-08-76271f5a60e0","https://openstat.psa.gov.ph/PXWeb/pxweb/en/DB/DB__3D/0023C3DP020.px"
"..Surigao Del Norte","Poverty Incidence among Population Estimate (%)","2015","34.68322","","2026-07-09T11-45-08-76271f5a60e0","https://openstat.psa.gov.ph/PXWeb/pxweb/en/DB/DB__3D/0023C3DP020.px"
"..Surigao Del Norte","Coefficient of Variation","1991","","..","2026-07-09T11-45-08-76271f5a60e0","https://openstat.psa.gov.ph/PXWeb/pxweb/en/DB/DB__3D/0023C3DP020.px"
"..Surigao Del Norte","Coefficient of Variation","2006","8.100962","","2026-07-09T11-45-08-76271f5a60e0","https://openstat.psa.gov.ph/PXWeb/pxweb/en/DB/DB__3D/0023C3DP020.px"
"..Surigao Del Norte","Coefficient of Variation","2009","6.202625","","2026-07-09T11-45-08-76271f5a60e0","https://openstat.psa.gov.ph/PXWeb/pxweb/en/DB/DB__3D/0023C3DP020.px"
"..Surigao Del Norte","Coefficient of Variation","2012","6.472727","","2026-07-09T11-45-08-76271f5a60e0","https://openstat.psa.gov.ph/PXWeb/pxweb/en/DB/DB__3D/0023C3DP020.px"
"..Surigao Del Norte","Coefficient of Variation","2015","14.02093","","2026-07-09T11-45-08-76271f5a60e0","https://openstat.psa.gov.ph/PXWeb/pxweb/en/DB/DB__3D/0023C3DP020.px"
"..Surigao Del Norte","Magnitude of Poor Population Estimate","1991","","..","2026-07-09T11-45-08-76271f5a60e0","https://openstat.psa.gov.ph/PXWeb/pxweb/en/DB/DB__3D/0023C3DP020.px"
"..Surigao Del Norte","Magnitude of Poor Population Estimate","2006","283789.2","","2026-07-09T11-45-08-76271f5a60e0","https://openstat.psa.gov.ph/PXWeb/pxweb/en/DB/DB__3D/0023C3DP020.px"
"..Surigao Del Norte","Magnitude of Poor Population Estimate","2009","311979.3","","2026-07-09T11-45-08-76271f5a60e0","https://openstat.psa.gov.ph/PXWeb/pxweb/en/DB/DB__3D/0023C3DP020.px"
"..Surigao Del Norte","Magnitude of Poor Population Estimate","2012","248952.6","","2026-07-09T11-45-08-76271f5a60e0","https://openstat.psa.gov.ph/PXWeb/pxweb/en/DB/DB__3D/0023C3DP020.px"
"..Surigao Del Norte","Magnitude of Poor Population Estimate","2015","225180.6","","2026-07-09T11-45-08-76271f5a60e0","https://openstat.psa.gov.ph/PXWeb/pxweb/en/DB/DB__3D/0023C3DP020.px"
"..Surigao Del Sur","Annual Per Capita Poverty Threshold  (in Pesos)","1991","","..","2026-07-09T11-45-08-76271f5a60e0","https://openstat.psa.gov.ph/PXWeb/pxweb/en/DB/DB__3D/0023C3DP020.px"
"..Surigao Del Sur","Annual Per Capita Poverty Threshold  (in Pesos)","2006","13604.9266551486","","2026-07-09T11-45-08-76271f5a60e0","https://openstat.psa.gov.ph/PXWeb/pxweb/en/DB/DB__3D/0023C3DP020.px"
"..Surigao Del Sur","Annual Per Capita Poverty Threshold  (in Pesos)","2009","17397.5727598519","","2026-07-09T11-45-08-76271f5a60e0","https://openstat.psa.gov.ph/PXWeb/pxweb/en/DB/DB__3D/0023C3DP020.px"
"..Surigao Del Sur","Annual Per Capita Poverty Threshold  (in Pesos)","2012","19287.3513143602","","2026-07-09T11-45-08-76271f5a60e0","https://openstat.psa.gov.ph/PXWeb/pxweb/en/DB/DB__3D/0023C3DP020.px"
"..Surigao Del Sur","Annual Per Capita Poverty Threshold  (in Pesos)","2015","22759","","2026-07-09T11-45-08-76271f5a60e0","https://openstat.psa.gov.ph/PXWeb/pxweb/en/DB/DB__3D/0023C3DP020.px"
"..Surigao Del Sur","Poverty Incidence among Population Estimate (%)","1991","","..","2026-07-09T11-45-08-76271f5a60e0","https://openstat.psa.gov.ph/PXWeb/pxweb/en/DB/DB__3D/0023C3DP020.px"
"..Surigao Del Sur","Poverty Incidence among Population Estimate (%)","2006","46.513","","2026-07-09T11-45-08-76271f5a60e0","https://openstat.psa.gov.ph/PXWeb/pxweb/en/DB/DB__3D/0023C3DP020.px"
"..Surigao Del Sur","Poverty Incidence among Population Estimate (%)","2009","53.68654","","2026-07-09T11-45-08-76271f5a60e0","https://openstat.psa.gov.ph/PXWeb/pxweb/en/DB/DB__3D/0023C3DP020.px"
"..Surigao Del Sur","Poverty Incidence among Population Estimate (%)","2012","36.00577","","2026-07-09T11-45-08-76271f5a60e0","https://openstat.psa.gov.ph/PXWeb/pxweb/en/DB/DB__3D/0023C3DP020.px"
"..Surigao Del Sur","Poverty Incidence among Population Estimate (%)","2015","40.11199","","2026-07-09T11-45-08-76271f5a60e0","https://openstat.psa.gov.ph/PXWeb/pxweb/en/DB/DB__3D/0023C3DP020.px"
"..Surigao Del Sur","Coefficient of Variation","1991","","..","2026-07-09T11-45-08-76271f5a60e0","https://openstat.psa.gov.ph/PXWeb/pxweb/en/DB/DB__3D/0023C3DP020.px"
"..Surigao Del Sur","Coefficient of Variation","2006","11.83593","","2026-07-09T11-45-08-76271f5a60e0","https://openstat.psa.gov.ph/PXWeb/pxweb/en/DB/DB__3D/0023C3DP020.px"
"..Surigao Del Sur","Coefficient of Variation","2009","7.094131","","2026-07-09T11-45-08-76271f5a60e0","https://openstat.psa.gov.ph/PXWeb/pxweb/en/DB/DB__3D/0023C3DP020.px"
"..Surigao Del Sur","Coefficient of Variation","2012","11.82774","","2026-07-09T11-45-08-76271f5a60e0","https://openstat.psa.gov.ph/PXWeb/pxweb/en/DB/DB__3D/0023C3DP020.px"
"..Surigao Del Sur","Coefficient of Variation","2015","10.58619","","2026-07-09T11-45-08-76271f5a60e0","https://openstat.psa.gov.ph/PXWeb/pxweb/en/DB/DB__3D/0023C3DP020.px"
"..Surigao Del Sur","Magnitude of Poor Population Estimate","1991","","..","2026-07-09T11-45-08-76271f5a60e0","https://openstat.psa.gov.ph/PXWeb/pxweb/en/DB/DB__3D/0023C3DP020.px"
"..Surigao Del Sur","Magnitude of Poor Population Estimate","2006","247468.4","","2026-07-09T11-45-08-76271f5a60e0","https://openstat.psa.gov.ph/PXWeb/pxweb/en/DB/DB__3D/0023C3DP020.px"
"..Surigao Del Sur","Magnitude of Poor Population Estimate","2009","290490","","2026-07-09T11-45-08-76271f5a60e0","https://openstat.psa.gov.ph/PXWeb/pxweb/en/DB/DB__3D/0023C3DP020.px"
"..Surigao Del Sur","Magnitude of Poor Population Estimate","2012","197652.5","","2026-07-09T11-45-08-76271f5a60e0","https://openstat.psa.gov.ph/PXWeb/pxweb/en/DB/DB__3D/0023C3DP020.px"
"..Surigao Del Sur","Magnitude of Poor Population Estimate","2015","248344.7","","2026-07-09T11-45-08-76271f5a60e0","https://openstat.psa.gov.ph/PXWeb/pxweb/en/DB/DB__3D/0023C3DP020.px"
"ARMM","Annual Per Capita Poverty Threshold  (in Pesos)","1991","5200.8419377919","","2026-07-09T11-45-08-76271f5a60e0","https://openstat.psa.gov.ph/PXWeb/pxweb/en/DB/DB__3D/0023C3DP020.px"
"ARMM","Annual Per Capita Poverty Threshold  (in Pesos)","2006","12647.4214162653","","2026-07-09T11-45-08-76271f5a60e0","https://openstat.psa.gov.ph/PXWeb/pxweb/en/DB/DB__3D/0023C3DP020.px"
"ARMM","Annual Per Capita Poverty Threshold  (in Pesos)","2009","16683.0842393017","","2026-07-09T11-45-08-76271f5a60e0","https://openstat.psa.gov.ph/PXWeb/pxweb/en/DB/DB__3D/0023C3DP020.px"
"ARMM","Annual Per Capita Poverty Threshold  (in Pesos)","2012","20517.2599433567","","2026-07-09T11-45-08-76271f5a60e0","https://openstat.psa.gov.ph/PXWeb/pxweb/en/DB/DB__3D/0023C3DP020.px"
"ARMM","Annual Per Capita Poverty Threshold  (in Pesos)","2015","21563","","2026-07-09T11-45-08-76271f5a60e0","https://openstat.psa.gov.ph/PXWeb/pxweb/en/DB/DB__3D/0023C3DP020.px"
"ARMM","Poverty Incidence among Population Estimate (%)","1991","30.4762","","2026-07-09T11-45-08-76271f5a60e0","https://openstat.psa.gov.ph/PXWeb/pxweb/en/DB/DB__3D/0023C3DP020.px"
"ARMM","Poverty Incidence among Population Estimate (%)","2006","47.13538","","2026-07-09T11-45-08-76271f5a60e0","https://openstat.psa.gov.ph/PXWeb/pxweb/en/DB/DB__3D/0023C3DP020.px"
"ARMM","Poverty Incidence among Population Estimate (%)","2009","47.44632","","2026-07-09T11-45-08-76271f5a60e0","https://openstat.psa.gov.ph/PXWeb/pxweb/en/DB/DB__3D/0023C3DP020.px"
"ARMM","Poverty Incidence among Population Estimate (%)","2012","55.81916","","2026-07-09T11-45-08-76271f5a60e0","https://openstat.psa.gov.ph/PXWeb/pxweb/en/DB/DB__3D/0023C3DP020.px"
"ARMM","Poverty Incidence among Population Estimate (%)","2015","53.69725","","2026-07-09T11-45-08-76271f5a60e0","https://openstat.psa.gov.ph/PXWeb/pxweb/en/DB/DB__3D/0023C3DP020.px"
"ARMM","Coefficient of Variation","1991","12.55977","","2026-07-09T11-45-08-76271f5a60e0","https://openstat.psa.gov.ph/PXWeb/pxweb/en/DB/DB__3D/0023C3DP020.px"
"ARMM","Coefficient of Variation","2006","6.877747","","2026-07-09T11-45-08-76271f5a60e0","https://openstat.psa.gov.ph/PXWeb/pxweb/en/DB/DB__3D/0023C3DP020.px"
"ARMM","Coefficient of Variation","2009","7.10361","","2026-07-09T11-45-08-76271f5a60e0","https://openstat.psa.gov.ph/PXWeb/pxweb/en/DB/DB__3D/0023C3DP020.px"
"ARMM","Coefficient of Variation","2012","5.783081","","2026-07-09T11-45-08-76271f5a60e0","https://openstat.psa.gov.ph/PXWeb/pxweb/en/DB/DB__3D/0023C3DP020.px"
"ARMM","Coefficient of Variation","2015","7.57684","","2026-07-09T11-45-08-76271f5a60e0","https://openstat.psa.gov.ph/PXWeb/pxweb/en/DB/DB__3D/0023C3DP020.px"
"ARMM","Magnitude of Poor Population Estimate","1991","631371.9","","2026-07-09T11-45-08-76271f5a60e0","https://openstat.psa.gov.ph/PXWeb/pxweb/en/DB/DB__3D/0023C3DP020.px"
"ARMM","Magnitude of Poor Population Estimate","2006","1450467","","2026-07-09T11-45-08-76271f5a60e0","https://openstat.psa.gov.ph/PXWeb/pxweb/en/DB/DB__3D/0023C3DP020.px"
"ARMM","Magnitude of Poor Population Estimate","2009","1507868","","2026-07-09T11-45-08-76271f5a60e0","https://openstat.psa.gov.ph/PXWeb/pxweb/en/DB/DB__3D/0023C3DP020.px"
"ARMM","Magnitude of Poor Population Estimate","2012","1854188","","2026-07-09T11-45-08-76271f5a60e0","https://openstat.psa.gov.ph/PXWeb/pxweb/en/DB/DB__3D/0023C3DP020.px"
"ARMM","Magnitude of Poor Population Estimate","2015","1990503","","2026-07-09T11-45-08-76271f5a60e0","https://openstat.psa.gov.ph/PXWeb/pxweb/en/DB/DB__3D/0023C3DP020.px"
"..Basilan","Annual Per Capita Poverty Threshold  (in Pesos)","1991","","..","2026-07-09T11-45-08-76271f5a60e0","https://openstat.psa.gov.ph/PXWeb/pxweb/en/DB/DB__3D/0023C3DP020.px"
"..Basilan","Annual Per Capita Poverty Threshold  (in Pesos)","2006","12537.7675661021","","2026-07-09T11-45-08-76271f5a60e0","https://openstat.psa.gov.ph/PXWeb/pxweb/en/DB/DB__3D/0023C3DP020.px"
"..Basilan","Annual Per Capita Poverty Threshold  (in Pesos)","2009","16256.4254943067","","2026-07-09T11-45-08-76271f5a60e0","https://openstat.psa.gov.ph/PXWeb/pxweb/en/DB/DB__3D/0023C3DP020.px"
"..Basilan","Annual Per Capita Poverty Threshold  (in Pesos)","2012","19368.228202885","","2026-07-09T11-45-08-76271f5a60e0","https://openstat.psa.gov.ph/PXWeb/pxweb/en/DB/DB__3D/0023C3DP020.px"
"..Basilan","Annual Per Capita Poverty Threshold  (in Pesos)","2015","20678","","2026-07-09T11-45-08-76271f5a60e0","https://openstat.psa.gov.ph/PXWeb/pxweb/en/DB/DB__3D/0023C3DP020.px"
"..Basilan","Poverty Incidence among Population Estimate (%)","1991","","..","2026-07-09T11-45-08-76271f5a60e0","https://openstat.psa.gov.ph/PXWeb/pxweb/en/DB/DB__3D/0023C3DP020.px"
"..Basilan","Poverty Incidence among Population Estimate (%)","2006","39.02014","","2026-07-09T11-45-08-76271f5a60e0","https://openstat.psa.gov.ph/PXWeb/pxweb/en/DB/DB__3D/0023C3DP020.px"
"..Basilan","Poverty Incidence among Population Estimate (%)","2009","36.55356","","2026-07-09T11-45-08-76271f5a60e0","https://openstat.psa.gov.ph/PXWeb/pxweb/en/DB/DB__3D/0023C3DP020.px"
"..Basilan","Poverty Incidence among Population Estimate (%)","2012","41.21478","","2026-07-09T11-45-08-76271f5a60e0","https://openstat.psa.gov.ph/PXWeb/pxweb/en/DB/DB__3D/0023C3DP020.px"
"..Basilan","Poverty Incidence among Population Estimate (%)","2015","37.045","","2026-07-09T11-45-08-76271f5a60e0","https://openstat.psa.gov.ph/PXWeb/pxweb/en/DB/DB__3D/0023C3DP020.px"
"..Basilan","Coefficient of Variation","1991","","..","2026-07-09T11-45-08-76271f5a60e0","https://openstat.psa.gov.ph/PXWeb/pxweb/en/DB/DB__3D/0023C3DP020.px"
"..Basilan","Coefficient of Variation","2006","31.39962","","2026-07-09T11-45-08-76271f5a60e0","https://openstat.psa.gov.ph/PXWeb/pxweb/en/DB/DB__3D/0023C3DP020.px"
"..Basilan","Coefficient of Variation","2009","26.24248","","2026-07-09T11-45-08-76271f5a60e0","https://openstat.psa.gov.ph/PXWeb/pxweb/en/DB/DB__3D/0023C3DP020.px"
"..Basilan","Coefficient of Variation","2012","17.89803","","2026-07-09T11-45-08-76271f5a60e0","https://openstat.psa.gov.ph/PXWeb/pxweb/en/DB/DB__3D/0023C3DP020.px"
"..Basilan","Coefficient of Variation","2015","10.44103","","2026-07-09T11-45-08-76271f5a60e0","https://openstat.psa.gov.ph/PXWeb/pxweb/en/DB/DB__3D/0023C3DP020.px"
"..Basilan","Magnitude of Poor Population Estimate","1991","","..","2026-07-09T11-45-08-76271f5a60e0","https://openstat.psa.gov.ph/PXWeb/pxweb/en/DB/DB__3D/0023C3DP020.px"
"..Basilan","Magnitude of Poor Population Estimate","2006","108641.6","","2026-07-09T11-45-08-76271f5a60e0","https://openstat.psa.gov.ph/PXWeb/pxweb/en/DB/DB__3D/0023C3DP020.px"
"..Basilan","Magnitude of Poor Population Estimate","2009","94659.97","","2026-07-09T11-45-08-76271f5a60e0","https://openstat.psa.gov.ph/PXWeb/pxweb/en/DB/DB__3D/0023C3DP020.px"
"..Basilan","Magnitude of Poor Population Estimate","2012","110711","","2026-07-09T11-45-08-76271f5a60e0","https://openstat.psa.gov.ph/PXWeb/pxweb/en/DB/DB__3D/0023C3DP020.px"
"..Basilan","Magnitude of Poor Population Estimate","2015","75018.94","","2026-07-09T11-45-08-76271f5a60e0","https://openstat.psa.gov.ph/PXWeb/pxweb/en/DB/DB__3D/0023C3DP020.px"
"..Lanao del Sur","Annual Per Capita Poverty Threshold  (in Pesos)","1991","","..","2026-07-09T11-45-08-76271f5a60e0","https://openstat.psa.gov.ph/PXWeb/pxweb/en/DB/DB__3D/0023C3DP020.px"
"..Lanao del Sur","Annual Per Capita Poverty Threshold  (in Pesos)","2006","13116.1962754347","","2026-07-09T11-45-08-76271f5a60e0","https://openstat.psa.gov.ph/PXWeb/pxweb/en/DB/DB__3D/0023C3DP020.px"
"..Lanao del Sur","Annual Per Capita Poverty Threshold  (in Pesos)","2009","17024.0141649988","","2026-07-09T11-45-08-76271f5a60e0","https://openstat.psa.gov.ph/PXWeb/pxweb/en/DB/DB__3D/0023C3DP020.px"
"..Lanao del Sur","Annual Per Capita Poverty Threshold  (in Pesos)","2012","22665.3188557558","","2026-07-09T11-45-08-76271f5a60e0","https://openstat.psa.gov.ph/PXWeb/pxweb/en/DB/DB__3D/0023C3DP020.px"
"..Lanao del Sur","Annual Per Capita Poverty Threshold  (in Pesos)","2015","22802","","2026-07-09T11-45-08-76271f5a60e0","https://openstat.psa.gov.ph/PXWeb/pxweb/en/DB/DB__3D/0023C3DP020.px"
"..Lanao del Sur","Poverty Incidence among Population Estimate (%)","1991","","..","2026-07-09T11-45-08-76271f5a60e0","https://openstat.psa.gov.ph/PXWeb/pxweb/en/DB/DB__3D/0023C3DP020.px"
"..Lanao del Sur","Poverty Incidence among Population Estimate (%)","2006","44.71709","","2026-07-09T11-45-08-76271f5a60e0","https://openstat.psa.gov.ph/PXWeb/pxweb/en/DB/DB__3D/0023C3DP020.px"
"..Lanao del Sur","Poverty Incidence among Population Estimate (%)","2009","56.58582","","2026-07-09T11-45-08-76271f5a60e0","https://openstat.psa.gov.ph/PXWeb/pxweb/en/DB/DB__3D/0023C3DP020.px"
"..Lanao del Sur","Poverty Incidence among Population Estimate (%)","2012","73.76792","","2026-07-09T11-45-08-76271f5a60e0","https://openstat.psa.gov.ph/PXWeb/pxweb/en/DB/DB__3D/0023C3DP020.px"
"..Lanao del Sur","Poverty Incidence among Population Estimate (%)","2015","71.93592","","2026-07-09T11-45-08-76271f5a60e0","https://openstat.psa.gov.ph/PXWeb/pxweb/en/DB/DB__3D/0023C3DP020.px"
"..Lanao del Sur","Coefficient of Variation","1991","","..","2026-07-09T11-45-08-76271f5a60e0","https://openstat.psa.gov.ph/PXWeb/pxweb/en/DB/DB__3D/0023C3DP020.px"
"..Lanao del Sur","Coefficient of Variation","2006","16.54879","","2026-07-09T11-45-08-76271f5a60e0","https://openstat.psa.gov.ph/PXWeb/pxweb/en/DB/DB__3D/0023C3DP020.px"
"..Lanao del Sur","Coefficient of Variation","2009","13.2913","","2026-07-09T11-45-08-76271f5a60e0","https://openstat.psa.gov.ph/PXWeb/pxweb/en/DB/DB__3D/0023C3DP020.px"
"..Lanao del Sur","Coefficient of Variation","2012","6.77466","","2026-07-09T11-45-08-76271f5a60e0","https://openstat.psa.gov.ph/PXWeb/pxweb/en/DB/DB__3D/0023C3DP020.px"
"..Lanao del Sur","Coefficient of Variation","2015","4.039217","","2026-07-09T11-45-08-76271f5a60e0","https://openstat.psa.gov.ph/PXWeb/pxweb/en/DB/DB__3D/0023C3DP020.px"
"..Lanao del Sur","Magnitude of Poor Population Estimate","1991","","..","2026-07-09T11-45-08-76271f5a60e0","https://openstat.psa.gov.ph/PXWeb/pxweb/en/DB/DB__3D/0023C3DP020.px"
"..Lanao del Sur","Magnitude of Poor Population Estimate","2006","367995.5","","2026-07-09T11-45-08-76271f5a60e0","https://openstat.psa.gov.ph/PXWeb/pxweb/en/DB/DB__3D/0023C3DP020.px"
"..Lanao del Sur","Magnitude of Poor Population Estimate","2009","501993.2","","2026-07-09T11-45-08-76271f5a60e0","https://openstat.psa.gov.ph/PXWeb/pxweb/en/DB/DB__3D/0023C3DP020.px"
"..Lanao del Sur","Magnitude of Poor Population Estimate","2012","687138.4","","2026-07-09T11-45-08-76271f5a60e0","https://openstat.psa.gov.ph/PXWeb/pxweb/en/DB/DB__3D/0023C3DP020.px"
"..Lanao del Sur","Magnitude of Poor Population Estimate","2015","725261.6","","2026-07-09T11-45-08-76271f5a60e0","https://openstat.psa.gov.ph/PXWeb/pxweb/en/DB/DB__3D/0023C3DP020.px"
"..Maguindanao","Annual Per Capita Poverty Threshold  (in Pesos)","1991","","..","2026-07-09T11-45-08-76271f5a60e0","https://openstat.psa.gov.ph/PXWeb/pxweb/en/DB/DB__3D/0023C3DP020.px"
"..Maguindanao","Annual Per Capita Poverty Threshold  (in Pesos)","2006","12876.815456496","","2026-07-09T11-45-08-76271f5a60e0","https://openstat.psa.gov.ph/PXWeb/pxweb/en/DB/DB__3D/0023C3DP020.px"
"..Maguindanao","Annual Per Capita Poverty Threshold  (in Pesos)","2009","16701.2647217691","","2026-07-09T11-45-08-76271f5a60e0","https://openstat.psa.gov.ph/PXWeb/pxweb/en/DB/DB__3D/0023C3DP020.px"
"..Maguindanao","Annual Per Capita Poverty Threshold  (in Pesos)","2012","18872.7931947536","","2026-07-09T11-45-08-76271f5a60e0","https://openstat.psa.gov.ph/PXWeb/pxweb/en/DB/DB__3D/0023C3DP020.px"
"..Maguindanao","Annual Per Capita Poverty Threshold  (in Pesos)","2015","21423","","2026-07-09T11-45-08-76271f5a60e0","https://openstat.psa.gov.ph/PXWeb/pxweb/en/DB/DB__3D/0023C3DP020.px"
"..Maguindanao","Poverty Incidence among Population Estimate (%)","1991","","..","2026-07-09T11-45-08-76271f5a60e0","https://openstat.psa.gov.ph/PXWeb/pxweb/en/DB/DB__3D/0023C3DP020.px"
"..Maguindanao","Poverty Incidence among Population Estimate (%)","2006","54.60044","","2026-07-09T11-45-08-76271f5a60e0","https://openstat.psa.gov.ph/PXWeb/pxweb/en/DB/DB__3D/0023C3DP020.px"
"..Maguindanao","Poverty Incidence among Population Estimate (%)","2009","52.1512","","2026-07-09T11-45-08-76271f5a60e0","https://openstat.psa.gov.ph/PXWeb/pxweb/en/DB/DB__3D/0023C3DP020.px"
"..Maguindanao","Poverty Incidence among Population Estimate (%)","2012","63.73113","","2026-07-09T11-45-08-76271f5a60e0","https://openstat.psa.gov.ph/PXWeb/pxweb/en/DB/DB__3D/0023C3DP020.px"
"..Maguindanao","Poverty Incidence among Population Estimate (%)","2015","57.24564","","2026-07-09T11-45-08-76271f5a60e0","https://openstat.psa.gov.ph/PXWeb/pxweb/en/DB/DB__3D/0023C3DP020.px"
"..Maguindanao","Coefficient of Variation","1991","","..","2026-07-09T11-45-08-76271f5a60e0","https://openstat.psa.gov.ph/PXWeb/pxweb/en/DB/DB__3D/0023C3DP020.px"
"..Maguindanao","Coefficient of Variation","2006","8.158391","","2026-07-09T11-45-08-76271f5a60e0","https://openstat.psa.gov.ph/PXWeb/pxweb/en/DB/DB__3D/0023C3DP020.px"
"..Maguindanao","Coefficient of Variation","2009","11.27983","","2026-07-09T11-45-08-76271f5a60e0","https://openstat.psa.gov.ph/PXWeb/pxweb/en/DB/DB__3D/0023C3DP020.px"
"..Maguindanao","Coefficient of Variation","2012","7.18955","","2026-07-09T11-45-08-76271f5a60e0","https://openstat.psa.gov.ph/PXWeb/pxweb/en/DB/DB__3D/0023C3DP020.px"
"..Maguindanao","Coefficient of Variation","2015","7.012938","","2026-07-09T11-45-08-76271f5a60e0","https://openstat.psa.gov.ph/PXWeb/pxweb/en/DB/DB__3D/0023C3DP020.px"
"..Maguindanao","Magnitude of Poor Population Estimate","1991","","..","2026-07-09T11-45-08-76271f5a60e0","https://openstat.psa.gov.ph/PXWeb/pxweb/en/DB/DB__3D/0023C3DP020.px"
"..Maguindanao","Magnitude of Poor Population Estimate","2006","471761.6","","2026-07-09T11-45-08-76271f5a60e0","https://openstat.psa.gov.ph/PXWeb/pxweb/en/DB/DB__3D/0023C3DP020.px"
"..Maguindanao","Magnitude of Poor Population Estimate","2009","460209.3","","2026-07-09T11-45-08-76271f5a60e0","https://openstat.psa.gov.ph/PXWeb/pxweb/en/DB/DB__3D/0023C3DP020.px"
"..Maguindanao","Magnitude of Poor Population Estimate","2012","571223.2","","2026-07-09T11-45-08-76271f5a60e0","https://openstat.psa.gov.ph/PXWeb/pxweb/en/DB/DB__3D/0023C3DP020.px"
"..Maguindanao","Magnitude of Poor Population Estimate","2015","551680.6","","2026-07-09T11-45-08-76271f5a60e0","https://openstat.psa.gov.ph/PXWeb/pxweb/en/DB/DB__3D/0023C3DP020.px"
"..Sulu","Annual Per Capita Poverty Threshold  (in Pesos)","1991","","..","2026-07-09T11-45-08-76271f5a60e0","https://openstat.psa.gov.ph/PXWeb/pxweb/en/DB/DB__3D/0023C3DP020.px"
"..Sulu","Annual Per Capita Poverty Threshold  (in Pesos)","2006","13330.4640547215","","2026-07-09T11-45-08-76271f5a60e0","https://openstat.psa.gov.ph/PXWeb/pxweb/en/DB/DB__3D/0023C3DP020.px"
"..Sulu","Annual Per Capita Poverty Threshold  (in Pesos)","2009","17239.8457485736","","2026-07-09T11-45-08-76271f5a60e0","https://openstat.psa.gov.ph/PXWeb/pxweb/en/DB/DB__3D/0023C3DP020.px"
"..Sulu","Annual Per Capita Poverty Threshold  (in Pesos)","2012","20477.1527534001","","2026-07-09T11-45-08-76271f5a60e0","https://openstat.psa.gov.ph/PXWeb/pxweb/en/DB/DB__3D/0023C3DP020.px"
"..Sulu","Annual Per Capita Poverty Threshold  (in Pesos)","2015","20778","","2026-07-09T11-45-08-76271f5a60e0","https://openstat.psa.gov.ph/PXWeb/pxweb/en/DB/DB__3D/0023C3DP020.px"
"..Sulu","Poverty Incidence among Population Estimate (%)","1991","","..","2026-07-09T11-45-08-76271f5a60e0","https://openstat.psa.gov.ph/PXWeb/pxweb/en/DB/DB__3D/0023C3DP020.px"
"..Sulu","Poverty Incidence among Population Estimate (%)","2006","40.70466","","2026-07-09T11-45-08-76271f5a60e0","https://openstat.psa.gov.ph/PXWeb/pxweb/en/DB/DB__3D/0023C3DP020.px"
"..Sulu","Poverty Incidence among Population Estimate (%)","2009","41.58893","","2026-07-09T11-45-08-76271f5a60e0","https://openstat.psa.gov.ph/PXWeb/pxweb/en/DB/DB__3D/0023C3DP020.px"
"..Sulu","Poverty Incidence among Population Estimate (%)","2012","45.82355","","2026-07-09T11-45-08-76271f5a60e0","https://openstat.psa.gov.ph/PXWeb/pxweb/en/DB/DB__3D/0023C3DP020.px"
"..Sulu","Poverty Incidence among Population Estimate (%)","2015","54.90648","","2026-07-09T11-45-08-76271f5a60e0","https://openstat.psa.gov.ph/PXWeb/pxweb/en/DB/DB__3D/0023C3DP020.px"
"..Sulu","Coefficient of Variation","1991","","..","2026-07-09T11-45-08-76271f5a60e0","https://openstat.psa.gov.ph/PXWeb/pxweb/en/DB/DB__3D/0023C3DP020.px"
"..Sulu","Coefficient of Variation","2006","15.09661","","2026-07-09T11-45-08-76271f5a60e0","https://openstat.psa.gov.ph/PXWeb/pxweb/en/DB/DB__3D/0023C3DP020.px"
"..Sulu","Coefficient of Variation","2009","11.88664","","2026-07-09T11-45-08-76271f5a60e0","https://openstat.psa.gov.ph/PXWeb/pxweb/en/DB/DB__3D/0023C3DP020.px"
"..Sulu","Coefficient of Variation","2012","11.22618","","2026-07-09T11-45-08-76271f5a60e0","https://openstat.psa.gov.ph/PXWeb/pxweb/en/DB/DB__3D/0023C3DP020.px"
"..Sulu","Coefficient of Variation","2015","9.632729","","2026-07-09T11-45-08-76271f5a60e0","https://openstat.psa.gov.ph/PXWeb/pxweb/en/DB/DB__3D/0023C3DP020.px"
"..Sulu","Magnitude of Poor Population Estimate","1991","","..","2026-07-09T11-45-08-76271f5a60e0","https://openstat.psa.gov.ph/PXWeb/pxweb/en/DB/DB__3D/0023C3DP020.px"
"..Sulu","Magnitude of Poor Population Estimate","2006","280456.9","","2026-07-09T11-45-08-76271f5a60e0","https://openstat.psa.gov.ph/PXWeb/pxweb/en/DB/DB__3D/0023C3DP020.px"
"..Sulu","Magnitude of Poor Population Estimate","2009","299785.3","","2026-07-09T11-45-08-76271f5a60e0","https://openstat.psa.gov.ph/PXWeb/pxweb/en/DB/DB__3D/0023C3DP020.px"
"..Sulu","Magnitude of Poor Population Estimate","2012","358143.9","","2026-07-09T11-45-08-76271f5a60e0","https://openstat.psa.gov.ph/PXWeb/pxweb/en/DB/DB__3D/0023C3DP020.px"
"..Sulu","Magnitude of Poor Population Estimate","2015","577987.3","","2026-07-09T11-45-08-76271f5a60e0","https://openstat.psa.gov.ph/PXWeb/pxweb/en/DB/DB__3D/0023C3DP020.px"
"..Tawi-tawi b/","Annual Per Capita Poverty Threshold  (in Pesos)","1991","","..","2026-07-09T11-45-08-76271f5a60e0","https://openstat.psa.gov.ph/PXWeb/pxweb/en/DB/DB__3D/0023C3DP020.px"
"..Tawi-tawi b/","Annual Per Capita Poverty Threshold  (in Pesos)","2006","11557.3213518545","","2026-07-09T11-45-08-76271f5a60e0","https://openstat.psa.gov.ph/PXWeb/pxweb/en/DB/DB__3D/0023C3DP020.px"
"..Tawi-tawi b/","Annual Per Capita Poverty Threshold  (in Pesos)","2009","14659.3298009452","","2026-07-09T11-45-08-76271f5a60e0","https://openstat.psa.gov.ph/PXWeb/pxweb/en/DB/DB__3D/0023C3DP020.px"
"..Tawi-tawi b/","Annual Per Capita Poverty Threshold  (in Pesos)","2012","17405.6748338778","","2026-07-09T11-45-08-76271f5a60e0","https://openstat.psa.gov.ph/PXWeb/pxweb/en/DB/DB__3D/0023C3DP020.px"
"..Tawi-tawi b/","Annual Per Capita Poverty Threshold  (in Pesos)","2015","16586","","2026-07-09T11-45-08-76271f5a60e0","https://openstat.psa.gov.ph/PXWeb/pxweb/en/DB/DB__3D/0023C3DP020.px"
"..Tawi-tawi b/","Poverty Incidence among Population Estimate (%)","1991","","..","2026-07-09T11-45-08-76271f5a60e0","https://openstat.psa.gov.ph/PXWeb/pxweb/en/DB/DB__3D/0023C3DP020.px"
"..Tawi-tawi b/","Poverty Incidence among Population Estimate (%)","2006","52.41014","","2026-07-09T11-45-08-76271f5a60e0","https://openstat.psa.gov.ph/PXWeb/pxweb/en/DB/DB__3D/0023C3DP020.px"
"..Tawi-tawi b/","Poverty Incidence among Population Estimate (%)","2009","35.27656","","2026-07-09T11-45-08-76271f5a60e0","https://openstat.psa.gov.ph/PXWeb/pxweb/en/DB/DB__3D/0023C3DP020.px"
"..Tawi-tawi b/","Poverty Incidence among Population Estimate (%)","2012","28.61021","","2026-07-09T11-45-08-76271f5a60e0","https://openstat.psa.gov.ph/PXWeb/pxweb/en/DB/DB__3D/0023C3DP020.px"
"..Tawi-tawi b/","Poverty Incidence among Population Estimate (%)","2015","12.62076","","2026-07-09T11-45-08-76271f5a60e0","https://openstat.psa.gov.ph/PXWeb/pxweb/en/DB/DB__3D/0023C3DP020.px"
"..Tawi-tawi b/","Coefficient of Variation","1991","","..","2026-07-09T11-45-08-76271f5a60e0","https://openstat.psa.gov.ph/PXWeb/pxweb/en/DB/DB__3D/0023C3DP020.px"
"..Tawi-tawi b/","Coefficient of Variation","2006","16.89226","","2026-07-09T11-45-08-76271f5a60e0","https://openstat.psa.gov.ph/PXWeb/pxweb/en/DB/DB__3D/0023C3DP020.px"
"..Tawi-tawi b/","Coefficient of Variation","2009","23.63708","","2026-07-09T11-45-08-76271f5a60e0","https://openstat.psa.gov.ph/PXWeb/pxweb/en/DB/DB__3D/0023C3DP020.px"
"..Tawi-tawi b/","Coefficient of Variation","2012","20.80472","","2026-07-09T11-45-08-76271f5a60e0","https://openstat.psa.gov.ph/PXWeb/pxweb/en/DB/DB__3D/0023C3DP020.px"
"..Tawi-tawi b/","Coefficient of Variation","2015","41.43997","","2026-07-09T11-45-08-76271f5a60e0","https://openstat.psa.gov.ph/PXWeb/pxweb/en/DB/DB__3D/0023C3DP020.px"
"..Tawi-tawi b/","Magnitude of Poor Population Estimate","1991","","..","2026-07-09T11-45-08-76271f5a60e0","https://openstat.psa.gov.ph/PXWeb/pxweb/en/DB/DB__3D/0023C3DP020.px"
"..Tawi-tawi b/","Magnitude of Poor Population Estimate","2006","221611.8","","2026-07-09T11-45-08-76271f5a60e0","https://openstat.psa.gov.ph/PXWeb/pxweb/en/DB/DB__3D/0023C3DP020.px"
"..Tawi-tawi b/","Magnitude of Poor Population Estimate","2009","151220.3","","2026-07-09T11-45-08-76271f5a60e0","https://openstat.psa.gov.ph/PXWeb/pxweb/en/DB/DB__3D/0023C3DP020.px"
"..Tawi-tawi b/","Magnitude of Poor Population Estimate","2012","126971.1","","2026-07-09T11-45-08-76271f5a60e0","https://openstat.psa.gov.ph/PXWeb/pxweb/en/DB/DB__3D/0023C3DP020.px"
"..Tawi-tawi b/","Magnitude of Poor Population Estimate","2015","60554.96","","2026-07-09T11-45-08-76271f5a60e0","https://openstat.psa.gov.ph/PXWeb/pxweb/en/DB/DB__3D/0023C3DP020.px"
